ts,run,peer,remote,kind,direction,bitrate_kbps,packets_lost,loss_pct,jitter_ms,rtt_ms,fps,width,height,avail_out_kbps,limit_reason,concealed_pct,freeze_count,adapt_on,adapt_level,candidate_type
1791360194354,mesh4_baseline_adapt1_p4,botA,botB,audio,in,,0,,1,1,,,,,,,,1,0,host->host
1791360194354,mesh4_baseline_adapt1_p4,botA,botB,video,in,,0,,1,1,21,320,180,,,,0,1,0,host->host
1791360194354,mesh4_baseline_adapt1_p4,botA,botB,audio,out,,,,,1,,,,2240.372,,,,1,0,host->host
1791360194354,mesh4_baseline_adapt1_p4,botA,botB,video,out,,0,0,2.1,1,21,320,180,2240.372,bandwidth,,,1,0,host->host
1791360195348,mesh4_baseline_adapt1_p4,botA,botB,audio,in,15.209186596124074,0,0,1,1,,,,,,0,,1,0,host->host
1791360195348,mesh4_baseline_adapt1_p4,botA,botB,video,in,135.92007261852655,0,0,1,1,20,320,180,,,,0,1,0,host->host
1791360195348,mesh4_baseline_adapt1_p4,botA,botB,audio,out,14.816122174599771,,,,1,,,,2240.372,,,,1,0,host->host
1791360195348,mesh4_baseline_adapt1_p4,botA,botB,video,out,136.65807112424565,0,0,2.088,2.151,20,320,180,2240.372,bandwidth,,,1,0,host->host
1791360195349,mesh4_baseline_adapt1_p4,botA,botC,audio,in,,0,,2,1,,,,,,,,1,0,host->host
1791360195349,mesh4_baseline_adapt1_p4,botA,botC,video,in,,0,,1,1,20,480,270,,,,0,1,0,host->host
1791360195349,mesh4_baseline_adapt1_p4,botA,botC,audio,out,,,,,1,,,,2214.222,,,,1,0,host->host
1791360195349,mesh4_baseline_adapt1_p4,botA,botC,video,out,,0,0,1.311,1.19,22,480,270,2214.222,bandwidth,,,1,0,host->host
1791360196352,mesh4_baseline_adapt1_p4,botA,botB,audio,in,11.159798382548754,0,0,1,2,,,,,,0,,1,0,host->host
1791360196352,mesh4_baseline_adapt1_p4,botA,botB,video,in,50.4230890359891,0,0,1,2,7,320,180,,,,1,1,0,host->host
1791360196352,mesh4_baseline_adapt1_p4,botA,botB,audio,out,10.727806187095254,0,0,0.9790000000000001,2.2889999999999997,,,,2240.372,,,,1,0,host->host
1791360196352,mesh4_baseline_adapt1_p4,botA,botB,video,out,50.16709366090554,0,0,1.777,3.7689999999999997,7,320,180,2240.372,bandwidth,,,1,0,host->host
1791360196354,mesh4_baseline_adapt1_p4,botA,botC,audio,in,16.136054580578136,0,0,0,1,,,,,,0,,1,0,host->host
1791360196354,mesh4_baseline_adapt1_p4,botA,botC,video,in,92.73649541173747,0,0,1,1,7,480,270,,,,1,1,0,host->host
1791360196354,mesh4_baseline_adapt1_p4,botA,botC,audio,out,9.673664326331783,,,,1,,,,2214.222,,,,1,0,host->host
1791360196354,mesh4_baseline_adapt1_p4,botA,botC,video,out,93.18272704458309,0,0,1.4,1.495,7,480,270,2214.222,bandwidth,,,1,0,host->host
1791360196355,mesh4_baseline_adapt1_p4,botA,botD,audio,in,,0,,0,1,,,,,,,,1,0,host->host
1791360196355,mesh4_baseline_adapt1_p4,botA,botD,video,in,,0,,0,1,,,,,,,0,1,0,host->host
1791360196355,mesh4_baseline_adapt1_p4,botA,botD,audio,out,,,,,1,,,,303.875,,,,1,0,host->host
1791360196355,mesh4_baseline_adapt1_p4,botA,botD,video,out,,,,,1,,,,303.875,bandwidth,,,1,0,host->host
1791360194404,mesh4_baseline_adapt1_p4,botB,botA,audio,in,,0,,1,1,,,,,,,,1,0,host->host
1791360194404,mesh4_baseline_adapt1_p4,botB,botA,video,in,,0,,1,1,21,320,180,,,,0,1,0,host->host
1791360194404,mesh4_baseline_adapt1_p4,botB,botA,audio,out,,,,,1,,,,2224.93,,,,1,0,host->host
1791360194404,mesh4_baseline_adapt1_p4,botB,botA,video,out,,0,0,1.9549999999999996,1,21,320,180,2224.93,bandwidth,,,1,0,host->host
1791360195402,mesh4_baseline_adapt1_p4,botB,botA,audio,in,15.311573245639975,0,0,1,1,,,,,,0,,1,0,host->host
1791360195402,mesh4_baseline_adapt1_p4,botB,botA,video,in,135.89822070005772,0,0,1,1,20,320,180,,,,0,1,0,host->host
1791360195402,mesh4_baseline_adapt1_p4,botB,botA,audio,out,15.183442925592779,,,,1,,,,2224.93,,,,1,0,host->host
1791360195402,mesh4_baseline_adapt1_p4,botB,botA,video,out,135.4898053049073,0,0,1.644,2.9139999999999997,20,320,180,2224.93,bandwidth,,,1,0,host->host
1791360195405,mesh4_baseline_adapt1_p4,botB,botC,audio,in,,0,,2,1,,,,,,,,1,0,host->host
1791360195405,mesh4_baseline_adapt1_p4,botB,botC,video,in,,0,,1,1,22,480,270,,,,0,1,0,host->host
1791360195405,mesh4_baseline_adapt1_p4,botB,botC,audio,out,,,,,1,,,,2218.298,,,,1,0,host->host
1791360195405,mesh4_baseline_adapt1_p4,botB,botC,video,out,,0,0,2.766,1.083,19,480,270,2218.298,bandwidth,,,1,0,host->host
1791360196403,mesh4_baseline_adapt1_p4,botB,botA,audio,in,11.711216583656268,0,0,1,1,,,,,,0,,1,0,host->host
1791360196403,mesh4_baseline_adapt1_p4,botB,botA,video,in,49.58868278830957,0,0,1,1,7,320,180,,,,1,1,0,host->host
1791360196403,mesh4_baseline_adapt1_p4,botB,botA,audio,out,10.695284543953846,0,0,1.4369999999999998,1.0679999999999998,,,,2224.93,,,,1,0,host->host
1791360196403,mesh4_baseline_adapt1_p4,botB,botA,video,out,49.86066459421415,0,0,1.366,1,7,320,180,2224.93,bandwidth,,,1,0,host->host
1791360196404,mesh4_baseline_adapt1_p4,botB,botC,audio,in,15.275823348819848,0,0,1,3,,,,,,0,,1,0,host->host
1791360196404,mesh4_baseline_adapt1_p4,botB,botC,video,in,92.35837936800866,0,0,1,3,7,480,270,,,,1,1,0,host->host
1791360196404,mesh4_baseline_adapt1_p4,botB,botC,audio,out,8.609137491721075,,,,3,,,,2218.298,,,,1,0,host->host
1791360196404,mesh4_baseline_adapt1_p4,botB,botC,video,out,92.65414360867129,0,0,2.544,1.007,7,480,270,2218.298,bandwidth,,,1,0,host->host
1791360196406,mesh4_baseline_adapt1_p4,botB,botD,audio,in,,0,,0,1,,,,,,,,1,0,host->host
1791360196406,mesh4_baseline_adapt1_p4,botB,botD,video,in,,0,,0,1,,,,,,,0,1,0,host->host
1791360196406,mesh4_baseline_adapt1_p4,botB,botD,audio,out,,,,,1,,,,303.866,,,,1,0,host->host
1791360196406,mesh4_baseline_adapt1_p4,botB,botD,video,out,,,,,1,,,,303.866,bandwidth,,,1,0,host->host
1791360197401,mesh4_baseline_adapt1_p4,botB,botA,audio,in,8.72275567525483,0,0,1,1,,,,,,0,,1,0,host->host
1791360197401,mesh4_baseline_adapt1_p4,botB,botA,video,in,140.84449530686697,0,0,2,1,20,320,180,,,,1,1,0,host->host
1791360197401,mesh4_baseline_adapt1_p4,botB,botA,audio,out,8.72275567525483,0,0,1.4369999999999998,1.0679999999999998,,,,2224.93,,,,1,0,host->host
1791360197401,mesh4_baseline_adapt1_p4,botB,botA,video,out,140.16428041475993,0,0,1.855,2.075,20,320,180,2224.93,bandwidth,,,1,0,host->host
1791360197402,mesh4_baseline_adapt1_p4,botB,botC,audio,in,12.329175360010796,0,0,3,3,,,,,,0,,1,0,host->host
1791360197402,mesh4_baseline_adapt1_p4,botB,botC,video,in,256.2770108945714,0,0,1,3,20,480,270,,,,1,1,0,host->host
1791360197402,mesh4_baseline_adapt1_p4,botB,botC,audio,out,8.7321644849979,0,0,0.8749999999999999,1,,,,2218.298,,,,1,0,host->host
1791360197402,mesh4_baseline_adapt1_p4,botB,botC,video,out,254.71483467936537,0,0,2.133,2.7159999999999997,20,480,270,2218.298,bandwidth,,,1,0,host->host
1791360197404,mesh4_baseline_adapt1_p4,botB,botD,audio,in,15.31384959866337,0,0,2,2,,,,,,0,,1,0,host->host
1791360197404,mesh4_baseline_adapt1_p4,botB,botD,video,in,451.57024528219756,0,0,3,2,20,480,270,,,,0,1,0,host->host
1791360197404,mesh4_baseline_adapt1_p4,botB,botD,audio,out,15.31384959866337,,,,2,,,,2143.655,,,,1,0,host->host
1791360197404,mesh4_baseline_adapt1_p4,botB,botD,video,out,363.95835744222546,,,,2,20,320,180,2143.655,bandwidth,,,1,0,host->host
1791360195564,mesh4_baseline_adapt1_p4,botC,botA,audio,in,,0,,1,0,,,,,,,,1,0,host->host
1791360195564,mesh4_baseline_adapt1_p4,botC,botA,video,in,,0,,1,0,21,480,270,,,,0,1,0,host->host
1791360195564,mesh4_baseline_adapt1_p4,botC,botA,audio,out,,,,,0,,,,2206.241,,,,1,0,host->host
1791360195564,mesh4_baseline_adapt1_p4,botC,botA,video,out,,0,0,1.744,0,19,480,270,2206.241,bandwidth,,,1,0,host->host
1791360195568,mesh4_baseline_adapt1_p4,botC,botB,audio,in,,0,,1,1,,,,,,,,1,0,host->host
1791360195568,mesh4_baseline_adapt1_p4,botC,botB,video,in,,0,,2,1,20,480,270,,,,0,1,0,host->host
1791360195568,mesh4_baseline_adapt1_p4,botC,botB,audio,out,,,,,1,,,,2390.956,,,,1,0,host->host
1791360195568,mesh4_baseline_adapt1_p4,botC,botB,video,out,,0,0,1.5769999999999997,1,20,480,270,2390.956,bandwidth,,,1,0,host->host
1791360196557,mesh4_baseline_adapt1_p4,botC,botA,audio,in,8.733115741903088,0,0,1,3,,,,,,0,,1,0,host->host
1791360196557,mesh4_baseline_adapt1_p4,botC,botA,video,in,90.94652272156665,0,0,1,3,7,480,270,,,,1,1,0,host->host
1791360196557,mesh4_baseline_adapt1_p4,botC,botA,audio,out,16.333417022344964,,,,3,,,,2206.241,,,,1,0,host->host
1791360196557,mesh4_baseline_adapt1_p4,botC,botA,video,out,91.91865428069295,0,0,1.411,1.4189999999999998,7,480,270,2206.241,bandwidth,,,1,0,host->host
1791360196559,mesh4_baseline_adapt1_p4,botC,botB,audio,in,9.365681794946406,0,0,0,1,,,,,,0,,1,0,host->host
1791360196559,mesh4_baseline_adapt1_p4,botC,botB,video,in,91.7401951917708,0,0,2,1,7,480,270,,,,1,1,0,host->host
1791360196559,mesh4_baseline_adapt1_p4,botC,botB,audio,out,15.389353319125176,,,,1,,,,2390.956,,,,1,0,host->host
1791360196559,mesh4_baseline_adapt1_p4,botC,botB,video,out,91.45028586707771,0,0,1.5769999999999997,1,7,480,270,2390.956,bandwidth,,,1,0,host->host
1791360196560,mesh4_baseline_adapt1_p4,botC,botD,audio,in,,0,,1,1,,,,,,,,1,0,host->host
1791360196560,mesh4_baseline_adapt1_p4,botC,botD,video,in,,0,,0,1,34,480,270,,,,0,1,0,host->host
1791360196560,mesh4_baseline_adapt1_p4,botC,botD,audio,out,,,,,1,,,,303.948,,,,1,0,host->host
1791360196560,mesh4_baseline_adapt1_p4,botC,botD,video,out,,,,,1,,480,270,303.948,bandwidth,,,1,0,host->host
1791360197557,mesh4_baseline_adapt1_p4,botC,botA,audio,in,8.720636589438536,0,0,1,1,,,,,,0,,1,0,host->host
1791360197557,mesh4_baseline_adapt1_p4,botC,botA,video,in,256.51472507392504,0,0,1,1,20,480,270,,,,1,1,0,host->host
1791360197557,mesh4_baseline_adapt1_p4,botC,botA,audio,out,15.425126004071098,0,0,0.895,1.48,,,,2206.241,,,,1,0,host->host
1791360197557,mesh4_baseline_adapt1_p4,botC,botA,video,out,256.2427052170068,0,0,1.811,1.328,20,480,270,2206.241,bandwidth,,,1,0,host->host
1791360197558,mesh4_baseline_adapt1_p4,botC,botB,audio,in,8.725935169771237,0,0,0,3,,,,,,0,,1,0,host->host
1791360197558,mesh4_baseline_adapt1_p4,botC,botB,video,in,256.3103360830878,0,0,2,3,20,480,270,,,,1,1,0,host->host
1791360197558,mesh4_baseline_adapt1_p4,botC,botB,audio,out,11.199617708724734,0,0,1.625,2.64,,,,2390.956,,,,1,0,host->host
1791360197558,mesh4_baseline_adapt1_p4,botC,botB,video,out,257.47112562402066,0,0,1.277,2.35,20,480,270,2390.956,bandwidth,,,1,0,host->host
1791360197559,mesh4_baseline_adapt1_p4,botC,botD,audio,in,15.555681952560077,0,0,2,3,,,,,,0.24752475247524752,,1,0,host->host
1791360197559,mesh4_baseline_adapt1_p4,botC,botD,video,in,440.7790147092885,0,0,1,3,20,480,270,,,,0,1,0,host->host
1791360197559,mesh4_baseline_adapt1_p4,botC,botD,audio,out,9.775341052020512,,,,3,,,,2280.847,,,,1,0,host->host
1791360197559,mesh4_baseline_adapt1_p4,botC,botD,video,out,426.2080722730253,,,,3,20,480,270,2280.847,bandwidth,,,1,0,host->host
1791360198559,mesh4_baseline_adapt1_p4,botC,botA,audio,in,8.702915004991421,0,0,1,1,,,,,,0,,1,0,host->host
1791360198559,mesh4_baseline_adapt1_p4,botC,botA,video,in,255.99345035783023,0,0,1,1,20,480,270,,,,1,1,0,host->host
1791360198559,mesh4_baseline_adapt1_p4,botC,botA,audio,out,8.599118770986935,0,0,0.895,1.48,,,,2206.241,,,,1,0,host->host
1791360198559,mesh4_baseline_adapt1_p4,botC,botA,video,out,254.65208364146457,0,0,1.811,1.328,20,480,270,2206.241,bandwidth,,,1,0,host->host
1791360198560,mesh4_baseline_adapt1_p4,botC,botB,audio,in,8.702976502018027,0,0,1,3,,,,,,0,,1,0,host->host
1791360198560,mesh4_baseline_adapt1_p4,botC,botB,video,in,256.2986657933749,0,0,1,3,20,480,270,,,,1,1,0,host->host
1791360198560,mesh4_baseline_adapt1_p4,botC,botB,audio,out,8.647085827234424,0,0,1.625,2.64,,,,2390.956,,,,1,0,host->host
1791360198560,mesh4_baseline_adapt1_p4,botC,botB,video,out,254.99721150912816,0,0,1.333,1,20,480,270,2390.956,bandwidth,,,1,0,host->host
1791360198561,mesh4_baseline_adapt1_p4,botC,botD,audio,in,15.830769298235785,0,0,1,1,,,,,,0,,1,0,host->host
1791360198561,mesh4_baseline_adapt1_p4,botC,botD,video,in,256.24610838868995,0,0,1,1,20,480,270,,,,0,1,0,host->host
1791360198561,mesh4_baseline_adapt1_p4,botC,botD,audio,out,8.66181779555513,0,0,1.5199999999999998,1.74,,,,2280.847,,,,1,0,host->host
1791360198561,mesh4_baseline_adapt1_p4,botC,botD,video,out,255.39988471465415,0,0,2.477,1,20,480,270,2280.847,bandwidth,,,1,0,host->host
1791360196691,mesh4_baseline_adapt1_p4,botD,botA,audio,in,,0,,3,1,,,,,,,,1,0,host->host
1791360196691,mesh4_baseline_adapt1_p4,botD,botA,video,in,,0,,0,1,21,480,270,,,,0,1,0,host->host
1791360196691,mesh4_baseline_adapt1_p4,botD,botA,audio,out,,,,,1,,,,3517.217,,,,1,0,host->host
1791360196691,mesh4_baseline_adapt1_p4,botD,botA,video,out,,,,,1,25,320,180,3517.217,bandwidth,,,1,0,host->host
1791360196698,mesh4_baseline_adapt1_p4,botD,botB,audio,in,,0,,1,0,,,,,,,,1,0,host->host
1791360196698,mesh4_baseline_adapt1_p4,botD,botB,video,in,,0,,1,0,20,320,180,,,,0,1,0,host->host
1791360196698,mesh4_baseline_adapt1_p4,botD,botB,audio,out,,,,,0,,,,3687.619,,,,1,0,host->host
1791360196698,mesh4_baseline_adapt1_p4,botD,botB,video,out,,,,,0,20,480,270,3687.619,bandwidth,,,1,0,host->host
1791360196699,mesh4_baseline_adapt1_p4,botD,botC,audio,in,,0,,3,1,,,,,,,,1,0,host->host
1791360196699,mesh4_baseline_adapt1_p4,botD,botC,video,in,,0,,0,1,21,480,270,,,,0,1,0,host->host
1791360196699,mesh4_baseline_adapt1_p4,botD,botC,audio,out,,,,,1,,,,2625.422,,,,1,0,host->host
1791360196699,mesh4_baseline_adapt1_p4,botD,botC,video,out,,,,,1,24,480,270,2625.422,bandwidth,,,1,0,host->host
1791360197690,mesh4_baseline_adapt1_p4,botD,botA,audio,in,15.927851155147032,0,0,2,2,,,,,,0,,1,0,host->host
1791360197690,mesh4_baseline_adapt1_p4,botD,botA,video,in,291.33560512371696,0,0,2,2,20,480,270,,,,0,1,0,host->host
1791360197690,mesh4_baseline_adapt1_p4,botD,botA,audio,out,15.551665725854614,,,,2,,,,2193.29,,,,1,0,host->host
1791360197690,mesh4_baseline_adapt1_p4,botD,botA,video,out,177.29539243098586,0,0,3.044,1.297,20,320,180,2193.29,bandwidth,,,1,0,host->host
1791360197692,mesh4_baseline_adapt1_p4,botD,botB,audio,in,15.540218218478094,0,0,1,1,,,,,,0,,1,0,host->host
1791360197692,mesh4_baseline_adapt1_p4,botD,botB,video,in,180.3466355519669,0,0,2,1,21,320,180,,,,0,1,0,host->host
1791360197692,mesh4_baseline_adapt1_p4,botD,botB,audio,out,15.307915987377132,,,,1,,,,2225.582,,,,1,0,host->host
1791360197692,mesh4_baseline_adapt1_p4,botD,botB,video,out,288.0307352999056,0,0,3.088,1.2049999999999998,20,480,270,2225.582,bandwidth,,,1,0,host->host
1791360197693,mesh4_baseline_adapt1_p4,botD,botC,audio,in,9.902555818310248,0,0,1,1,,,,,,0,,1,0,host->host
1791360197693,mesh4_baseline_adapt1_p4,botD,botC,video,in,294.0737043702589,0,0,2,1,21,480,270,,,,0,1,0,host->host
1791360197693,mesh4_baseline_adapt1_p4,botD,botC,audio,out,15.884343601240749,,,,1,,,,2198.068,,,,1,0,host->host
1791360197693,mesh4_baseline_adapt1_p4,botD,botC,video,out,297.68853978686155,0,0,1.2879999999999998,1.8920000000000001,20,480,270,2198.068,bandwidth,,,1,0,host->host
1791360198689,mesh4_baseline_adapt1_p4,botD,botA,audio,in,16.184161999668454,0,0,1,1,,,,,,0,,1,0,host->host
1791360198689,mesh4_baseline_adapt1_p4,botD,botA,video,in,241.96242198713418,0,0,1,1,19,480,270,,,,0,1,0,host->host
1791360198689,mesh4_baseline_adapt1_p4,botD,botA,audio,out,14.472144862778167,0,0,0.854,1.846,,,,2193.29,,,,1,0,host->host
1791360198689,mesh4_baseline_adapt1_p4,botD,botA,video,out,137.88138016029944,0,0,3.044,1.297,20,320,180,2193.29,bandwidth,,,1,0,host->host
1791360198691,mesh4_baseline_adapt1_p4,botD,botB,audio,in,9.975949584825408,0,0,0,1,,,,,,0,,1,0,host->host
1791360198691,mesh4_baseline_adapt1_p4,botD,botB,video,in,139.4150964049477,0,0,1,1,20,320,180,,,,0,1,0,host->host
1791360198691,mesh4_baseline_adapt1_p4,botD,botB,audio,out,14.483541572190338,0,0,1.1039999999999999,1,,,,2225.582,,,,1,0,host->host
1791360198691,mesh4_baseline_adapt1_p4,botD,botB,video,out,255.29944174263866,0,0,2.1999999999999997,1,20,480,270,2225.582,bandwidth,,,1,0,host->host
1791360198697,mesh4_baseline_adapt1_p4,botD,botC,audio,in,8.726404192139055,0,0,1,4,,,,,,0,,1,0,host->host
1791360198697,mesh4_baseline_adapt1_p4,botD,botC,video,in,254.93109054154488,0,0,1,4,20,480,270,,,,0,1,0,host->host
1791360198697,mesh4_baseline_adapt1_p4,botD,botC,audio,out,13.986264333639385,0,0,0.729,1.5719999999999998,,,,314.715,,,,1,0,host->host
1791360198697,mesh4_baseline_adapt1_p4,botD,botC,video,out,256.5482773734826,0,0,1.4549999999999998,1,20,480,270,314.715,bandwidth,,,1,0,host->host
1791360199690,mesh4_baseline_adapt1_p4,botD,botA,audio,in,8.719755182654785,0,0,1,1,,,,,,0,,1,0,host->host
1791360199690,mesh4_baseline_adapt1_p4,botD,botA,video,in,270.7203992075418,0,0,1,1,20,480,270,,,,0,1,0,host->host
1791360199690,mesh4_baseline_adapt1_p4,botD,botA,audio,out,8.719755182654785,0,0,0.854,1.846,,,,2193.29,,,,1,0,host->host
1791360199690,mesh4_baseline_adapt1_p4,botD,botA,video,out,136.70816175815375,0,0,1.488,1.877,20,320,180,2193.29,bandwidth,,,1,0,host->host
1791360199692,mesh4_baseline_adapt1_p4,botD,botB,audio,in,8.710914788092108,0,0,1,1,,,,,,0,,1,0,host->host
1791360199692,mesh4_baseline_adapt1_p4,botD,botB,video,in,138.01605356912907,0,0,1,1,20,320,180,,,,0,1,0,host->host
1791360199692,mesh4_baseline_adapt1_p4,botD,botB,audio,out,8.710914788092108,0,0,1.1039999999999999,1,,,,2225.582,,,,1,0,host->host
1791360199692,mesh4_baseline_adapt1_p4,botD,botB,video,out,259.29756074718944,0,0,1.6879999999999997,3.021,20,480,270,2225.582,bandwidth,,,1,0,host->host
1791360199694,mesh4_baseline_adapt1_p4,botD,botC,audio,in,8.709888788771824,0,0,1,4,,,,,,0,,1,0,host->host
1791360199694,mesh4_baseline_adapt1_p4,botD,botC,video,in,257.06957084731954,0,0,1,4,20,480,270,,,,0,1,0,host->host
1791360199694,mesh4_baseline_adapt1_p4,botD,botC,audio,out,9.668775627902667,0,0,0.729,1.5719999999999998,,,,2198.068,,,,1,0,host->host
1791360199694,mesh4_baseline_adapt1_p4,botD,botC,video,out,258.5318732769941,0,0,1.1440000000000001,1.129,20,480,270,2198.068,bandwidth,,,1,0,host->host
1791360197348,mesh4_baseline_adapt1_p4,botA,botB,audio,in,8.720777120031448,0,0,2,2,,,,,,0,,1,0,host->host
1791360197348,mesh4_baseline_adapt1_p4,botA,botB,video,in,139.18840326347438,0,0,2,2,20,320,180,,,,1,1,0,host->host
1791360197348,mesh4_baseline_adapt1_p4,botA,botB,audio,out,8.720777120031448,0,0,0.9790000000000001,2.2889999999999997,,,,2240.372,,,,1,0,host->host
1791360197348,mesh4_baseline_adapt1_p4,botA,botB,video,out,139.78845673503622,0,0,1.511,1.19,20,320,180,2240.372,bandwidth,,,1,0,host->host
1791360197350,mesh4_baseline_adapt1_p4,botA,botC,audio,in,16.006804547601455,0,0,1,2,,,,,,0,,1,0,host->host
1791360197350,mesh4_baseline_adapt1_p4,botA,botC,video,in,255.5308938612084,0,0,2,2,20,480,270,,,,1,1,0,host->host
1791360197350,mesh4_baseline_adapt1_p4,botA,botC,audio,out,7.6180830068574625,0,0,1.2910000000000001,2.747,,,,2214.222,,,,1,0,host->host
1791360197350,mesh4_baseline_adapt1_p4,botA,botC,video,out,254.61576060221813,0,0,1.4,1.495,20,480,270,2214.222,bandwidth,,,1,0,host->host
1791360197351,mesh4_baseline_adapt1_p4,botA,botD,audio,in,15.088855810689008,0,0,0,2,,,,,,0,,1,0,host->host
1791360197351,mesh4_baseline_adapt1_p4,botA,botD,video,in,354.6563687488451,0,0,2,2,21,320,180,,,,0,1,0,host->host
1791360197351,mesh4_baseline_adapt1_p4,botA,botD,audio,out,15.265521498733264,,,,2,,,,2217.866,,,,1,0,host->host
1791360197351,mesh4_baseline_adapt1_p4,botA,botD,video,out,437.76151445657297,0,0,2.6879999999999997,2.396,21,480,270,2217.866,bandwidth,,,1,0,host->host
1791360198349,mesh4_baseline_adapt1_p4,botA,botB,audio,in,8.719712607128427,0,0,1,2,,,,,,0,,1,0,host->host
1791360198349,mesh4_baseline_adapt1_p4,botA,botB,video,in,137.1634792310312,0,0,1,2,20,320,180,,,,1,1,0,host->host
1791360198349,mesh4_baseline_adapt1_p4,botA,botB,audio,out,8.719712607128427,0,0,0.9790000000000001,2.2889999999999997,,,,2240.372,,,,1,0,host->host
1791360198349,mesh4_baseline_adapt1_p4,botA,botB,video,out,135.97151851684575,0,0,1.944,1.3579999999999999,20,320,180,2240.372,bandwidth,,,1,0,host->host
1791360198350,mesh4_baseline_adapt1_p4,botA,botC,audio,in,9.75394426751165,0,0,1,2,,,,,,0,,1,0,host->host
1791360198350,mesh4_baseline_adapt1_p4,botA,botC,video,in,258.0477911296771,0,0,1,2,20,480,270,,,,1,1,0,host->host
1791360198350,mesh4_baseline_adapt1_p4,botA,botC,audio,out,9.769934340081342,0,0,1.2910000000000001,2.747,,,,2214.222,,,,1,0,host->host
1791360198350,mesh4_baseline_adapt1_p4,botA,botC,video,out,258.3835826536406,0,0,1.422,2.9749999999999996,20,480,270,2214.222,bandwidth,,,1,0,host->host
1791360198352,mesh4_baseline_adapt1_p4,botA,botD,audio,in,16.0055499316877,0,0,0,1,,,,,,0,,1,0,host->host
1791360198352,mesh4_baseline_adapt1_p4,botA,botD,video,in,138.43480892939482,0,0,1,1,20,320,180,,,,0,1,0,host->host
1791360198352,mesh4_baseline_adapt1_p4,botA,botD,audio,out,16.5014740175271,0,0,1.208,1.0219999999999998,,,,2217.866,,,,1,0,host->host
1791360198352,mesh4_baseline_adapt1_p4,botA,botD,video,out,258.88837035932244,0,0,2.333,1.053,20,480,270,2217.866,bandwidth,,,1,0,host->host
1791360199348,mesh4_baseline_adapt1_p4,botA,botB,audio,in,8.680146223166357,0,0,1,1,,,,,,0,,1,0,host->host
1791360199348,mesh4_baseline_adapt1_p4,botA,botB,video,in,143.56241840988045,0,0,1,1,20,320,180,,,,1,1,0,host->host
1791360199348,mesh4_baseline_adapt1_p4,botA,botB,audio,out,8.720146897005835,0,0,0.9790000000000001,2.2889999999999997,,,,2240.372,,,,1,0,host->host
1791360199348,mesh4_baseline_adapt1_p4,botA,botB,video,out,139.69835331698704,0,0,1.7879999999999998,3.052,20,320,180,2240.372,bandwidth,,,1,0,host->host
1791360199349,mesh4_baseline_adapt1_p4,botA,botC,audio,in,8.729076449364708,0,0,1,2,,,,,,0,,1,0,host->host
1791360199349,mesh4_baseline_adapt1_p4,botA,botC,video,in,257.9802465503071,0,0,1,2,20,480,270,,,,1,1,0,host->host
1791360199349,mesh4_baseline_adapt1_p4,botA,botC,audio,out,8.729076449364708,0,0,1.2910000000000001,2.747,,,,2214.222,,,,1,0,host->host
1791360199349,mesh4_baseline_adapt1_p4,botA,botC,video,out,261.31971891671543,0,0,1.422,2.9749999999999996,20,480,270,2214.222,bandwidth,,,1,0,host->host
1791360199351,mesh4_baseline_adapt1_p4,botA,botD,audio,in,11.140097449574146,0,0,0,1,,,,,,0,,1,0,host->host
1791360199351,mesh4_baseline_adapt1_p4,botA,botD,video,in,139.2151789834273,0,0,1,1,20,320,180,,,,0,1,0,host->host
1791360199351,mesh4_baseline_adapt1_p4,botA,botD,audio,out,11.027975692353415,0,0,1.208,1.0219999999999998,,,,2217.866,,,,1,0,host->host
1791360199351,mesh4_baseline_adapt1_p4,botA,botD,video,out,260.58698117486955,0,0,1.7,1.404,20,480,270,2217.866,bandwidth,,,1,0,host->host
1791360200349,mesh4_baseline_adapt1_p4,botA,botB,audio,in,8.719180448126824,0,0,1,1,,,,,,0,,1,0,host->host
1791360200349,mesh4_baseline_adapt1_p4,botA,botB,video,in,207.9724518081186,0,0,1,1,20,480,270,,,,1,1,0,host->host
1791360200349,mesh4_baseline_adapt1_p4,botA,botB,audio,out,8.719180448126824,0,0,0.958,4.715,,,,2240.372,,,,1,0,host->host
1791360200349,mesh4_baseline_adapt1_p4,botA,botB,video,out,207.1805262444814,0,0,1.877,4.028,20,480,270,2240.372,bandwidth,,,1,0,host->host
1791360200351,mesh4_baseline_adapt1_p4,botA,botC,audio,in,8.70868041637286,0,0,1,1,,,,,,0,,1,0,host->host
1791360200351,mesh4_baseline_adapt1_p4,botA,botC,video,in,250.49041138910266,0,0,1,1,20,480,270,,,,1,1,0,host->host
1791360200351,mesh4_baseline_adapt1_p4,botA,botC,audio,out,7.654051228335045,0,0,1.1039999999999999,1.8920000000000001,,,,2214.222,,,,1,0,host->host
1791360200351,mesh4_baseline_adapt1_p4,botA,botC,video,out,250.8659232969646,0,0,1.388,1.9069999999999998,20,480,270,2214.222,bandwidth,,,1,0,host->host
1791360200353,mesh4_baseline_adapt1_p4,botA,botD,audio,in,8.699756499220198,0,0,0,1,,,,,,0,,1,0,host->host
1791360200353,mesh4_baseline_adapt1_p4,botA,botD,video,in,132.21235450420423,0,0,1,1,20,320,180,,,,0,1,0,host->host
1791360200353,mesh4_baseline_adapt1_p4,botA,botD,audio,out,8.843422202877047,0,0,1.208,1.0219999999999998,,,,2217.866,,,,1,0,host->host
1791360200353,mesh4_baseline_adapt1_p4,botA,botD,video,out,251.13563142015005,0,0,1.155,1.846,20,480,270,2217.866,bandwidth,,,1,0,host->host
1791360201349,mesh4_baseline_adapt1_p4,botA,botB,audio,in,8.584584741001645,0,0,1,0,,,,,,0,,1,0,host->host
1791360201349,mesh4_baseline_adapt1_p4,botA,botB,video,in,246.64880054085717,0,0,1,0,20,480,270,,,,1,1,0,host->host
1791360201349,mesh4_baseline_adapt1_p4,botA,botB,audio,out,8.72059400530456,0,0,0.958,4.715,,,,2240.372,,,,1,0,host->host
1791360201349,mesh4_baseline_adapt1_p4,botA,botB,video,out,246.7048043555701,0,0,1.422,1.16,20,480,270,2240.372,bandwidth,,,1,0,host->host
1791360201351,mesh4_baseline_adapt1_p4,botA,botC,audio,in,8.644450963643147,0,0,1,1,,,,,,0,,1,0,host->host
1791360201351,mesh4_baseline_adapt1_p4,botA,botC,video,in,255.96379385772605,0,0,1,1,20,480,270,,,,1,1,0,host->host
1791360201351,mesh4_baseline_adapt1_p4,botA,botC,audio,out,8.652455084905778,0,0,1.1039999999999999,1.8920000000000001,,,,2214.222,,,,1,0,host->host
1791360201351,mesh4_baseline_adapt1_p4,botA,botC,video,out,254.83521275969488,0,0,1.4549999999999998,1.9069999999999998,20,480,270,2214.222,bandwidth,,,1,0,host->host
1791360201352,mesh4_baseline_adapt1_p4,botA,botD,audio,in,8.724029752024128,0,0,0,2,,,,,,0,,1,0,host->host
1791360201352,mesh4_baseline_adapt1_p4,botA,botD,video,in,135.77471625076817,0,0,1,2,20,320,180,,,,0,1,0,host->host
1791360201352,mesh4_baseline_adapt1_p4,botA,botD,audio,out,8.676007569902895,0,0,1.208,1.0219999999999998,,,,2217.866,,,,1,0,host->host
1791360201352,mesh4_baseline_adapt1_p4,botA,botD,video,out,256.5985264677923,0,0,1.766,2.0599999999999996,20,480,270,2217.866,bandwidth,,,1,0,host->host
1791360198405,mesh4_baseline_adapt1_p4,botB,botA,audio,in,8.536634713921442,0,0,0,1,,,,,,0,,1,0,host->host
1791360198405,mesh4_baseline_adapt1_p4,botB,botA,video,in,134.28046623365586,0,0,1,1,20,320,180,,,,1,1,0,host->host
1791360198405,mesh4_baseline_adapt1_p4,botB,botA,audio,out,8.696197979602216,0,0,1.4369999999999998,1.0679999999999998,,,,2224.93,,,,1,0,host->host
1791360198405,mesh4_baseline_adapt1_p4,botB,botA,video,out,135.63675399194247,0,0,1.911,1.74,20,320,180,2224.93,bandwidth,,,1,0,host->host
1791360198408,mesh4_baseline_adapt1_p4,botB,botC,audio,in,8.692081780297464,0,0,2,3,,,,,,0,,1,0,host->host
1791360198408,mesh4_baseline_adapt1_p4,botB,botC,video,in,255.2920239582046,0,0,1,3,20,480,270,,,,1,1,0,host->host
1791360198408,mesh4_baseline_adapt1_p4,botB,botC,audio,out,9.792547180004847,0,0,0.8749999999999999,1,,,,2218.298,,,,1,0,host->host
1791360198408,mesh4_baseline_adapt1_p4,botB,botC,video,out,256.57590025786317,0,0,1.766,1.0379999999999998,20,480,270,2218.298,bandwidth,,,1,0,host->host
1791360198409,mesh4_baseline_adapt1_p4,botB,botD,audio,in,15.919220033392872,0,0,0,1,,,,,,0,,1,0,host->host
1791360198409,mesh4_baseline_adapt1_p4,botB,botD,video,in,255.16894720192053,0,0,1,1,20,480,270,,,,0,1,0,host->host
1791360198409,mesh4_baseline_adapt1_p4,botB,botD,audio,out,11.750468760280498,0,0,0.9159999999999999,1.083,,,,2143.655,,,,1,0,host->host
1791360198409,mesh4_baseline_adapt1_p4,botB,botD,video,out,138.18137569215432,0,0,2.822,1,20,320,180,2143.655,bandwidth,,,1,0,host->host
1791360199406,mesh4_baseline_adapt1_p4,botB,botA,audio,in,8.699495280072213,0,0,0,1,,,,,,0,,1,0,host->host
1791360199406,mesh4_baseline_adapt1_p4,botB,botA,video,in,139.87345176116108,0,0,1,1,20,320,180,,,,1,1,0,host->host
1791360199406,mesh4_baseline_adapt1_p4,botB,botA,audio,out,8.699495280072213,0,0,1.625,1.236,,,,2224.93,,,,1,0,host->host
1791360199406,mesh4_baseline_adapt1_p4,botB,botA,video,out,143.74613030519322,0,0,1.588,1.923,20,320,180,2224.93,bandwidth,,,1,0,host->host
1791360199410,mesh4_baseline_adapt1_p4,botB,botC,audio,in,8.70612249176057,0,0,1,3,,,,,,0,,1,0,host->host
1791360199410,mesh4_baseline_adapt1_p4,botB,botC,video,in,260.0414953800448,0,0,1,3,20,480,270,,,,1,1,0,host->host
1791360199410,mesh4_baseline_adapt1_p4,botB,botC,audio,out,7.603879460693634,0,0,0.8749999999999999,1,,,,2218.298,,,,1,0,host->host
1791360199410,mesh4_baseline_adapt1_p4,botB,botC,video,out,262.30189232056614,0,0,1.533,5.492999999999999,20,480,270,2218.298,bandwidth,,,1,0,host->host
1791360199411,mesh4_baseline_adapt1_p4,botB,botD,audio,in,10.41393071153153,0,0,1,1,,,,,,0,,1,0,host->host
1791360199411,mesh4_baseline_adapt1_p4,botB,botD,video,in,261.178826679392,0,0,1,1,20,480,270,,,,0,1,0,host->host
1791360199411,mesh4_baseline_adapt1_p4,botB,botD,audio,out,7.546905308586883,0,0,0.9159999999999999,1.083,,,,2143.655,,,,1,0,host->host
1791360199411,mesh4_baseline_adapt1_p4,botB,botD,video,out,140.37243873971605,0,0,1.088,1.1440000000000001,20,320,180,2143.655,bandwidth,,,1,0,host->host
1791360200402,mesh4_baseline_adapt1_p4,botB,botA,audio,in,8.91978658713732,0,0,1,1,,,,,,0,,1,0,host->host
1791360200402,mesh4_baseline_adapt1_p4,botB,botA,video,in,212.92290565313624,0,0,1,1,20,480,270,,,,1,1,0,host->host
1791360200402,mesh4_baseline_adapt1_p4,botB,botA,audio,out,8.719791372179085,0,0,1.625,1.236,,,,2224.93,,,,1,0,host->host
1791360200402,mesh4_baseline_adapt1_p4,botB,botA,video,out,213.5708901496009,0,0,1.433,1.16,20,480,270,2224.93,bandwidth,,,1,0,host->host
1791360200403,mesh4_baseline_adapt1_p4,botB,botC,audio,in,8.758545297248094,0,0,1,2,,,,,,0,,1,0,host->host
1791360200403,mesh4_baseline_adapt1_p4,botB,botC,video,in,251.94879614239815,0,0,1,2,20,480,270,,,,1,1,0,host->host
1791360200403,mesh4_baseline_adapt1_p4,botB,botC,audio,out,8.758545297248094,0,0,0.8749999999999999,1,,,,2218.298,,,,1,0,host->host
1791360200403,mesh4_baseline_adapt1_p4,botB,botC,video,out,252.51127152845996,0,0,1.555,1.389,20,480,270,2218.298,bandwidth,,,1,0,host->host
1791360200404,mesh4_baseline_adapt1_p4,botB,botD,audio,in,8.778809018716938,0,0,0,1,,,,,,0,,1,0,host->host
1791360200404,mesh4_baseline_adapt1_p4,botB,botD,video,in,253.40153041824863,0,0,1,1,20,480,270,,,,0,1,0,host->host
1791360200404,mesh4_baseline_adapt1_p4,botB,botD,audio,out,8.778809018716938,0,0,0.9159999999999999,1.083,,,,2143.655,,,,1,0,host->host
1791360200404,mesh4_baseline_adapt1_p4,botB,botD,video,out,137.40044207276233,0,0,1.088,1.1440000000000001,20,320,180,2143.655,bandwidth,,,1,0,host->host
1791360201406,mesh4_baseline_adapt1_p4,botB,botA,audio,in,8.717758837876884,0,0,1,0,,,,,,0,,1,0,host->host
1791360201406,mesh4_baseline_adapt1_p4,botB,botA,video,in,245.36892053873845,0,0,1,0,20,480,270,,,,1,1,0,host->host
1791360201406,mesh4_baseline_adapt1_p4,botB,botA,audio,out,8.581793791781555,0,0,1.5199999999999998,1.007,,,,2224.93,,,,1,0,host->host
1791360201406,mesh4_baseline_adapt1_p4,botB,botA,video,out,245.31293493152273,0,0,1.4,1.19,20,480,270,2224.93,bandwidth,,,1,0,host->host
1791360201409,mesh4_baseline_adapt1_p4,botB,botC,audio,in,8.685216724815946,0,0,1,2,,,,,,0,,1,0,host->host
1791360201409,mesh4_baseline_adapt1_p4,botB,botC,video,in,251.09838041204122,0,0,1,2,20,480,270,,,,1,1,0,host->host
1791360201409,mesh4_baseline_adapt1_p4,botB,botC,audio,out,8.685216724815946,0,0,0.8749999999999999,1,,,,2218.298,,,,1,0,host->host
1791360201409,mesh4_baseline_adapt1_p4,botB,botC,video,out,250.42109286928033,0,0,1.477,1.877,20,480,270,2218.298,bandwidth,,,1,0,host->host
1791360201410,mesh4_baseline_adapt1_p4,botB,botD,audio,in,8.668637897185839,0,0,1,1,,,,,,0,,1,0,host->host
1791360201410,mesh4_baseline_adapt1_p4,botB,botD,video,in,251.62908538253205,0,0,1,1,20,480,270,,,,0,1,0,host->host
1791360201410,mesh4_baseline_adapt1_p4,botB,botD,audio,out,8.668637897185839,0,0,0.9159999999999999,1.083,,,,2143.655,,,,1,0,host->host
1791360201410,mesh4_baseline_adapt1_p4,botB,botD,video,out,133.09142679761928,0,0,1.188,1.434,20,320,180,2143.655,bandwidth,,,1,0,host->host
1791360202403,mesh4_baseline_adapt1_p4,botB,botA,audio,in,8.722574607592914,0,0,1,0,,,,,,0,,1,0,host->host
1791360202403,mesh4_baseline_adapt1_p4,botB,botA,video,in,251.98637781513148,0,0,1,0,20,480,270,,,,1,1,0,host->host
1791360202403,mesh4_baseline_adapt1_p4,botB,botA,audio,out,8.722574607592914,0,0,1.5199999999999998,1.007,,,,2224.93,,,,1,0,host->host
1791360202403,mesh4_baseline_adapt1_p4,botB,botA,video,out,252.04239434930864,0,0,1.533,1.785,20,480,270,2224.93,bandwidth,,,1,0,host->host
1791360202405,mesh4_baseline_adapt1_p4,botB,botC,audio,in,8.715819125814901,0,0,1,2,,,,,,0,,1,0,host->host
1791360202405,mesh4_baseline_adapt1_p4,botB,botC,video,in,261.8995401163681,0,0,1,2,20,480,270,,,,1,1,0,host->host
1791360202405,mesh4_baseline_adapt1_p4,botB,botC,audio,out,8.739873824414207,0,0,0.8749999999999999,1,,,,2218.298,,,,1,0,host->host
1791360202405,mesh4_baseline_adapt1_p4,botB,botC,video,out,261.6910660618408,0,0,1.388,1.7699999999999998,20,480,270,2218.298,bandwidth,,,1,0,host->host
1791360202407,mesh4_baseline_adapt1_p4,botB,botD,audio,in,8.753912863603434,0,0,1,1,,,,,,0,,1,0,host->host
1791360202407,mesh4_baseline_adapt1_p4,botB,botD,video,in,263.00287931861027,0,0,1,1,20,480,270,,,,0,1,0,host->host
1791360202407,mesh4_baseline_adapt1_p4,botB,botD,audio,out,8.753912863603434,0,0,1.125,1.129,,,,2143.655,,,,1,0,host->host
1791360202407,mesh4_baseline_adapt1_p4,botB,botD,video,out,156.38182686246427,0,0,1.366,3.479,20,480,270,2143.655,bandwidth,,,1,0,host->host
1791360199559,mesh4_baseline_adapt1_p4,botC,botA,audio,in,8.737132971686668,0,0,1,1,,,,,,0,,1,0,host->host
1791360199559,mesh4_baseline_adapt1_p4,botC,botA,video,in,261.00782002207455,0,0,1,1,20,480,270,,,,1,1,0,host->host
1791360199559,mesh4_baseline_adapt1_p4,botC,botA,audio,out,8.681022943428129,0,0,0.895,1.48,,,,2206.241,,,,1,0,host->host
1791360199559,mesh4_baseline_adapt1_p4,botC,botA,video,out,258.7954817650236,0,0,1.4659999999999997,1.5719999999999998,20,480,270,2206.241,bandwidth,,,1,0,host->host
1791360199560,mesh4_baseline_adapt1_p4,botC,botB,audio,in,8.715886765352192,0,0,1,3,,,,,,0,,1,0,host->host
1791360199560,mesh4_baseline_adapt1_p4,botC,botB,video,in,262.31620673154003,0,0,1,3,20,480,270,,,,1,1,0,host->host
1791360199560,mesh4_baseline_adapt1_p4,botC,botB,audio,out,8.691898086181496,0,0,1.625,2.64,,,,2390.956,,,,1,0,host->host
1791360199560,mesh4_baseline_adapt1_p4,botC,botB,video,out,259.34161051437394,0,0,1.111,2.335,20,480,270,2390.956,bandwidth,,,1,0,host->host
1791360199562,mesh4_baseline_adapt1_p4,botC,botD,audio,in,8.717454571370274,0,0,0,1,,,,,,0,,1,0,host->host
1791360199562,mesh4_baseline_adapt1_p4,botC,botD,video,in,261.89152971934953,0,0,1,1,20,480,270,,,,0,1,0,host->host
1791360199562,mesh4_baseline_adapt1_p4,botC,botD,audio,out,8.677466247648391,0,0,1.5199999999999998,1.74,,,,2280.847,,,,1,0,host->host
1791360199562,mesh4_baseline_adapt1_p4,botC,botD,video,out,259.8201345505561,0,0,1.366,4.944,20,480,270,2280.847,bandwidth,,,1,0,host->host
1791360200557,mesh4_baseline_adapt1_p4,botC,botA,audio,in,8.66265914895009,0,0,1,1,,,,,,0,,1,0,host->host
1791360200557,mesh4_baseline_adapt1_p4,botC,botA,video,in,253.22480455905995,0,0,1,1,20,480,270,,,,1,1,0,host->host
1791360200557,mesh4_baseline_adapt1_p4,botC,botA,audio,out,8.710651720412416,0,0,0.895,1.48,,,,2206.241,,,,1,0,host->host
1791360200557,mesh4_baseline_adapt1_p4,botC,botA,video,out,252.64089493960165,0,0,1.5769999999999997,1.694,20,480,270,2206.241,bandwidth,,,1,0,host->host
1791360200560,mesh4_baseline_adapt1_p4,botC,botB,audio,in,8.737667324409365,0,0,1,1,,,,,,0,,1,0,host->host
1791360200560,mesh4_baseline_adapt1_p4,botC,botB,video,in,252.28611562735006,0,0,1,1,20,480,270,,,,1,1,0,host->host
1791360200560,mesh4_baseline_adapt1_p4,botC,botB,audio,out,8.72965111585486,0,0,1.625,2.64,,,,2390.956,,,,1,0,host->host
1791360200560,mesh4_baseline_adapt1_p4,botC,botB,video,out,252.5907315524212,0,0,1.111,2.335,20,480,270,2390.956,bandwidth,,,1,0,host->host
1791360200565,mesh4_baseline_adapt1_p4,botC,botD,audio,in,8.719940391032484,0,0,0,1,,,,,,0,,1,0,host->host
1791360200565,mesh4_baseline_adapt1_p4,botC,botD,video,in,253.79026510560962,0,0,1,1,20,480,270,,,,0,1,0,host->host
1791360200565,mesh4_baseline_adapt1_p4,botC,botD,audio,out,8.711940445719609,0,0,1.5199999999999998,1.74,,,,2280.847,,,,1,0,host->host
1791360200565,mesh4_baseline_adapt1_p4,botC,botD,video,out,250.9502845195394,0,0,1.3439999999999999,2.075,20,480,270,2280.847,bandwidth,,,1,0,host->host
1791360201558,mesh4_baseline_adapt1_p4,botC,botA,audio,in,8.676519648002522,0,0,1,1,,,,,,0,,1,0,host->host
1791360201558,mesh4_baseline_adapt1_p4,botC,botA,video,in,251.69104092279392,0,0,1,1,20,480,270,,,,1,1,0,host->host
1791360201558,mesh4_baseline_adapt1_p4,botC,botA,audio,out,7.596952687191148,0,0,1.375,1,,,,2206.241,,,,1,0,host->host
1791360201558,mesh4_baseline_adapt1_p4,botC,botA,video,out,253.14645712181368,0,0,1.833,2.411,20,480,270,2206.241,bandwidth,,,1,0,host->host
1791360201559,mesh4_baseline_adapt1_p4,botC,botB,audio,in,8.714126049310998,0,0,1,1,,,,,,0,,1,0,host->host
1791360201559,mesh4_baseline_adapt1_p4,botC,botB,video,in,251.03078710859205,0,0,1,1,20,480,270,,,,1,1,0,host->host
1791360201559,mesh4_baseline_adapt1_p4,botC,botB,audio,out,8.898002103562515,0,0,1.625,2.64,,,,2390.956,,,,1,0,host->host
1791360201559,mesh4_baseline_adapt1_p4,botC,botB,video,out,251.92618354668642,0,0,1.188,6.119,20,480,270,2390.956,bandwidth,,,1,0,host->host
1791360201560,mesh4_baseline_adapt1_p4,botC,botD,audio,in,8.734724920795434,0,0,0,2,,,,,,0,,1,0,host->host
1791360201560,mesh4_baseline_adapt1_p4,botC,botD,video,in,256.5605073983363,0,0,1,2,20,480,270,,,,0,1,0,host->host
1791360201560,mesh4_baseline_adapt1_p4,botC,botD,audio,out,7.668928210276357,0,0,1.5199999999999998,1.74,,,,2280.847,,,,1,0,host->host
1791360201560,mesh4_baseline_adapt1_p4,botC,botD,video,out,251.83253702836447,0,0,1.666,1.8159999999999998,20,480,270,2280.847,bandwidth,,,1,0,host->host
1791360202557,mesh4_baseline_adapt1_p4,botC,botA,audio,in,8.667224817046186,0,0,1,2,,,,,,0,,1,0,host->host
1791360202557,mesh4_baseline_adapt1_p4,botC,botA,video,in,263.1619147358539,0,0,1,2,20,480,270,,,,1,1,0,host->host
1791360202557,mesh4_baseline_adapt1_p4,botC,botA,audio,out,8.619206951023768,0,0,1.375,1,,,,2206.241,,,,1,0,host->host
1791360202557,mesh4_baseline_adapt1_p4,botC,botA,video,out,260.9771018318339,0,0,2.2329999999999997,1,20,480,270,2206.241,bandwidth,,,1,0,host->host
1791360202558,mesh4_baseline_adapt1_p4,botC,botB,audio,in,8.727594029570652,0,0,0,1,,,,,,0,,1,0,host->host
1791360202558,mesh4_baseline_adapt1_p4,botC,botB,video,in,263.4132003530416,0,0,1,1,20,480,270,,,,1,1,0,host->host
1791360202558,mesh4_baseline_adapt1_p4,botC,botB,audio,out,8.687559194572621,0,0,1.625,2.64,,,,2390.956,,,,1,0,host->host
1791360202558,mesh4_baseline_adapt1_p4,botC,botB,video,out,263.42921428704074,0,0,1.2550000000000001,1.48,20,480,270,2390.956,bandwidth,,,1,0,host->host
1791360202559,mesh4_baseline_adapt1_p4,botC,botD,audio,in,8.723088007229121,0,0,0,2,,,,,,0,,1,0,host->host
1791360202559,mesh4_baseline_adapt1_p4,botC,botD,video,in,265.38994907865333,0,0,1,2,20,480,270,,,,0,1,0,host->host
1791360202559,mesh4_baseline_adapt1_p4,botC,botD,audio,out,8.715085174194966,0,0,1.0410000000000001,1.678,,,,2280.847,,,,1,0,host->host
1791360202559,mesh4_baseline_adapt1_p4,botC,botD,video,out,262.8610538398603,0,0,1.6219999999999999,1.6019999999999999,20,480,270,2280.847,bandwidth,,,1,0,host->host
1791360203557,mesh4_baseline_adapt1_p4,botC,botA,audio,in,8.565291979220437,0,0,0,2,,,,,,0,,1,0,host->host
1791360203557,mesh4_baseline_adapt1_p4,botC,botA,video,in,247.1058744854837,0,0,1,2,20,480,270,,,,1,1,0,host->host
1791360203557,mesh4_baseline_adapt1_p4,botC,botA,audio,out,8.541299564712817,0,0,1.375,1,,,,2206.241,,,,1,0,host->host
1791360203557,mesh4_baseline_adapt1_p4,botC,botA,video,out,247.3058112730472,0,0,2.2329999999999997,1,20,480,270,2206.241,bandwidth,,,1,0,host->host
1791360203558,mesh4_baseline_adapt1_p4,botC,botB,audio,in,8.716076063412858,0,0,0,1,,,,,,0,,1,0,host->host
1791360203558,mesh4_baseline_adapt1_p4,botC,botB,video,in,251.07896542669755,0,0,1,1,20,480,270,,,,1,1,0,host->host
1791360203558,mesh4_baseline_adapt1_p4,botC,botB,audio,out,8.716076063412858,0,0,1.625,2.64,,,,2390.956,,,,1,0,host->host
1791360203558,mesh4_baseline_adapt1_p4,botC,botB,video,out,246.96881579679462,0,0,1.055,1.175,20,480,270,2390.956,bandwidth,,,1,0,host->host
1791360203561,mesh4_baseline_adapt1_p4,botC,botD,audio,in,8.710528397057919,0,0,0,2,,,,,,0,,1,0,host->host
1791360203561,mesh4_baseline_adapt1_p4,botC,botD,video,in,248.44602620846283,0,0,1,2,20,480,270,,,,0,1,0,host->host
1791360203561,mesh4_baseline_adapt1_p4,botC,botD,audio,out,8.718527045723722,0,0,1.0410000000000001,1.678,,,,2280.847,,,,1,0,host->host
1791360203561,mesh4_baseline_adapt1_p4,botC,botD,video,out,250.11774377961535,0,0,1.6219999999999999,1.6019999999999999,20,480,270,2280.847,bandwidth,,,1,0,host->host
1791360200689,mesh4_baseline_adapt1_p4,botD,botA,audio,in,8.71898037314484,0,0,1,1,,,,,,0,,1,0,host->host
1791360200689,mesh4_baseline_adapt1_p4,botD,botA,video,in,244.85936532324465,0,0,1,1,20,480,270,,,,0,1,0,host->host
1791360200689,mesh4_baseline_adapt1_p4,botD,botA,audio,out,8.71898037314484,0,0,0.854,1.846,,,,2193.29,,,,1,0,host->host
1791360200689,mesh4_baseline_adapt1_p4,botD,botA,video,out,132.93645396448997,0,0,1.377,1.9989999999999999,20,320,180,2193.29,bandwidth,,,1,0,host->host
1791360200692,mesh4_baseline_adapt1_p4,botD,botB,audio,in,8.72494825556584,0,0,1,1,,,,,,0,,1,0,host->host
1791360200692,mesh4_baseline_adapt1_p4,botD,botB,video,in,135.8050202788349,0,0,1,1,20,320,180,,,,0,1,0,host->host
1791360200692,mesh4_baseline_adapt1_p4,botD,botB,audio,out,8.72494825556584,0,0,1.1039999999999999,1,,,,2225.582,,,,1,0,host->host
1791360200692,mesh4_baseline_adapt1_p4,botD,botB,video,out,254.5923891894744,0,0,1.6879999999999997,3.021,20,480,270,2225.582,bandwidth,,,1,0,host->host
1791360200693,mesh4_baseline_adapt1_p4,botD,botC,audio,in,8.727007599608182,0,0,1,4,,,,,,0,,1,0,host->host
1791360200693,mesh4_baseline_adapt1_p4,botD,botC,video,in,253.5796189860462,0,0,1,4,20,480,270,,,,0,1,0,host->host
1791360200693,mesh4_baseline_adapt1_p4,botD,botC,audio,out,8.694981883646317,0,0,0.729,1.5719999999999998,,,,314.715,,,,1,0,host->host
1791360200693,mesh4_baseline_adapt1_p4,botD,botC,video,out,257.72694920310767,0,0,1.166,2.472,20,480,270,314.715,bandwidth,,,1,0,host->host
1791360201690,mesh4_baseline_adapt1_p4,botD,botA,audio,in,8.720740922324456,0,0,1,1,,,,,,0,,1,0,host->host
1791360201690,mesh4_baseline_adapt1_p4,botD,botA,video,in,253.80556355862265,0,0,1,1,20,480,270,,,,0,1,0,host->host
1791360201690,mesh4_baseline_adapt1_p4,botD,botA,audio,out,8.720740922324456,0,0,0.854,1.846,,,,2193.29,,,,1,0,host->host
1791360201690,mesh4_baseline_adapt1_p4,botD,botA,video,out,137.42767598419005,0,0,1.377,1.9989999999999999,20,320,180,2193.29,bandwidth,,,1,0,host->host
1791360201694,mesh4_baseline_adapt1_p4,botD,botB,audio,in,8.711280212677739,0,0,1,1,,,,,,0,,1,0,host->host
1791360201694,mesh4_baseline_adapt1_p4,botD,botB,video,in,136.1996673251872,0,0,1,1,20,320,180,,,,0,1,0,host->host
1791360201694,mesh4_baseline_adapt1_p4,botD,botB,audio,out,8.711280212677739,0,0,1.1039999999999999,1,,,,2225.582,,,,1,0,host->host
1791360201694,mesh4_baseline_adapt1_p4,botD,botB,video,out,252.2914621594595,0,0,1.9329999999999998,1.1440000000000001,20,480,270,2225.582,bandwidth,,,1,0,host->host
1791360201698,mesh4_baseline_adapt1_p4,botD,botC,audio,in,8.68609017340365,0,0,1,2,,,,,,0,,1,0,host->host
1791360201698,mesh4_baseline_adapt1_p4,botD,botC,video,in,250.47685006005037,0,0,1,2,20,480,270,,,,0,1,0,host->host
1791360201698,mesh4_baseline_adapt1_p4,botD,botC,audio,out,8.678113965714576,0,0,0.729,1.5719999999999998,,,,531.869,,,,1,0,host->host
1791360201698,mesh4_baseline_adapt1_p4,botD,botC,video,out,254.2097152585379,0,0,1.1769999999999998,1.8619999999999999,20,480,270,531.869,bandwidth,,,1,0,host->host
1791360202691,mesh4_baseline_adapt1_p4,botD,botA,audio,in,8.742802560489153,0,0,1,1,,,,,,0,,1,0,host->host
1791360202691,mesh4_baseline_adapt1_p4,botD,botA,video,in,272.69065150012415,0,0,2,1,20,480,270,,,,0,1,0,host->host
1791360202691,mesh4_baseline_adapt1_p4,botD,botA,audio,out,8.718805847148378,0,0,0.854,1.846,,,,2193.29,,,,1,0,host->host
1791360202691,mesh4_baseline_adapt1_p4,botD,botA,video,out,167.06511827847797,0,0,1.5,1.1139999999999999,20,480,270,2193.29,bandwidth,,,1,0,host->host
1791360202693,mesh4_baseline_adapt1_p4,botD,botB,audio,in,8.71916980560933,0,0,0,1,,,,,,0,,1,0,host->host
1791360202693,mesh4_baseline_adapt1_p4,botD,botB,video,in,167.1440854020247,0,0,1,1,20,480,270,,,,0,1,0,host->host
1791360202693,mesh4_baseline_adapt1_p4,botD,botB,audio,out,8.71916980560933,0,0,1.1039999999999999,1,,,,2225.582,,,,1,0,host->host
1791360202693,mesh4_baseline_adapt1_p4,botD,botB,video,out,263.2149380308027,0,0,1.9329999999999998,1.1440000000000001,20,480,270,2225.582,bandwidth,,,1,0,host->host
1791360202696,mesh4_baseline_adapt1_p4,botD,botC,audio,in,8.729025249495024,0,0,1,2,,,,,,0,,1,0,host->host
1791360202696,mesh4_baseline_adapt1_p4,botD,botC,video,in,261.95084028530476,0,0,1,2,20,480,270,,,,0,1,0,host->host
1791360202696,mesh4_baseline_adapt1_p4,botD,botC,audio,out,8.713008689404207,0,0,0.729,1.5719999999999998,,,,898.859,,,,1,0,host->host
1791360202696,mesh4_baseline_adapt1_p4,botD,botC,video,out,263.8568109361119,0,0,1.1769999999999998,1.8619999999999999,20,480,270,898.859,bandwidth,,,1,0,host->host
1791360203690,mesh4_baseline_adapt1_p4,botD,botA,audio,in,8.719782856969871,0,0,0,1,,,,,,0,,1,0,host->host
1791360203690,mesh4_baseline_adapt1_p4,botD,botA,video,in,239.0980458982711,0,0,1,1,20,480,270,,,,0,1,0,host->host
1791360203690,mesh4_baseline_adapt1_p4,botD,botA,audio,out,8.71178305618366,0,0,0.854,1.846,,,,2193.29,,,,1,0,host->host
1791360203690,mesh4_baseline_adapt1_p4,botD,botA,video,out,252.78570504347792,0,0,1.422,1.312,20,480,270,2193.29,bandwidth,,,1,0,host->host
1791360203692,mesh4_baseline_adapt1_p4,botD,botB,audio,in,8.726178202340526,0,0,0,2,,,,,,0,,1,0,host->host
1791360203692,mesh4_baseline_adapt1_p4,botD,botB,video,in,253.02714519557307,0,0,1,2,19,480,270,,,,0,1,0,host->host
1791360203692,mesh4_baseline_adapt1_p4,botD,botB,audio,out,8.718172534264982,0,0,1.1039999999999999,1,,,,2225.582,,,,1,0,host->host
1791360203692,mesh4_baseline_adapt1_p4,botD,botB,video,out,251.40199457623805,0,0,1.322,1.053,20,480,270,2225.582,bandwidth,,,1,0,host->host
1791360203694,mesh4_baseline_adapt1_p4,botD,botC,audio,in,8.724117065915037,0,0,0,1,,,,,,0,,1,0,host->host
1791360203694,mesh4_baseline_adapt1_p4,botD,botC,video,in,251.54938096394136,0,0,1,1,20,480,270,,,,0,1,0,host->host
1791360203694,mesh4_baseline_adapt1_p4,botD,botC,audio,out,7.82687086629843,0,0,0.45799999999999996,1.45,,,,1519.072,,,,1,0,host->host
1791360203694,mesh4_baseline_adapt1_p4,botD,botC,video,out,250.98860208918097,0,0,1.1219999999999999,1,20,480,270,1519.072,bandwidth,,,1,0,host->host
1791360204689,mesh4_baseline_adapt1_p4,botD,botA,audio,in,8.683915818485533,0,0,0,1,,,,,,0,,1,0,host->host
1791360204689,mesh4_baseline_adapt1_p4,botD,botA,video,in,249.72060594706647,0,0,0,1,20,480,270,,,,0,1,0,host->host
1791360204689,mesh4_baseline_adapt1_p4,botD,botA,audio,out,8.723933863732011,0,0,0.437,1.266,,,,2193.29,,,,1,0,host->host
1791360204689,mesh4_baseline_adapt1_p4,botD,botA,video,out,240.12427869696126,0,0,1.422,1.312,20,480,270,2193.29,bandwidth,,,1,0,host->host
1791360204691,mesh4_baseline_adapt1_p4,botD,botB,audio,in,8.71595793011475,0,0,0,2,,,,,,0,,1,0,host->host
1791360204691,mesh4_baseline_adapt1_p4,botD,botB,video,in,240.1250411563845,0,0,1,2,20,480,270,,,,0,1,0,host->host
1791360204691,mesh4_baseline_adapt1_p4,botD,botB,audio,out,8.723961564577666,0,0,0.562,1,,,,2225.582,,,,1,0,host->host
1791360204691,mesh4_baseline_adapt1_p4,botD,botB,video,out,249.41726076782916,0,0,0.9,1.526,20,480,270,2225.582,bandwidth,,,1,0,host->host
1791360204693,mesh4_baseline_adapt1_p4,botD,botC,audio,in,8.645420273257258,0,0,0,1,,,,,,0,,1,0,host->host
1791360204693,mesh4_baseline_adapt1_p4,botD,botC,video,in,248.38772746194394,0,0,0,1,20,480,270,,,,0,1,0,host->host
1791360204693,mesh4_baseline_adapt1_p4,botD,botC,audio,out,8.725470460972604,0,0,0.45799999999999996,1.45,,,,2198.068,,,,1,0,host->host
1791360204693,mesh4_baseline_adapt1_p4,botD,botC,video,out,250.42900724868522,0,0,0.888,1.5719999999999998,20,480,270,2198.068,bandwidth,,,1,0,host->host
1791360202348,mesh4_baseline_adapt1_p4,botA,botB,audio,in,8.718037590171354,0,0,1,0,,,,,,0,,1,0,host->host
1791360202348,mesh4_baseline_adapt1_p4,botA,botB,video,in,250.8315384085907,0,0,1,0,20,480,270,,,,1,1,0,host->host
1791360202348,mesh4_baseline_adapt1_p4,botA,botB,audio,out,8.718037590171354,0,0,0.958,4.715,,,,2240.372,,,,1,0,host->host
1791360202348,mesh4_baseline_adapt1_p4,botA,botB,video,out,250.7755510112226,0,0,1.666,1.1440000000000001,20,480,270,2240.372,bandwidth,,,1,0,host->host
1791360202350,mesh4_baseline_adapt1_p4,botA,botC,audio,in,8.62327799610169,0,0,1,1,,,,,,0,,1,0,host->host
1791360202350,mesh4_baseline_adapt1_p4,botA,botC,video,in,257.9216843903656,0,0,2,1,20,480,270,,,,1,1,0,host->host
1791360202350,mesh4_baseline_adapt1_p4,botA,botC,audio,out,8.703345572667166,0,0,1.1039999999999999,1.8920000000000001,,,,2214.222,,,,1,0,host->host
1791360202350,mesh4_baseline_adapt1_p4,botA,botC,video,out,258.81844124789893,0,0,1.488,1,20,480,270,2214.222,bandwidth,,,1,0,host->host
1791360202357,mesh4_baseline_adapt1_p4,botA,botD,audio,in,8.72537454100756,0,0,1,2,,,,,,0,,1,0,host->host
1791360202357,mesh4_baseline_adapt1_p4,botA,botD,video,in,144.41695604983246,0,0,1,2,20,320,180,,,,0,1,0,host->host
1791360202357,mesh4_baseline_adapt1_p4,botA,botD,audio,out,7.628699025302939,0,0,1.208,1.0219999999999998,,,,2217.866,,,,1,0,host->host
1791360202357,mesh4_baseline_adapt1_p4,botA,botD,video,out,258.4632047523413,0,0,1.544,2.594,20,480,270,2217.866,bandwidth,,,1,0,host->host
1791360203348,mesh4_baseline_adapt1_p4,botA,botB,audio,in,8.722233794738937,0,0,0,0,,,,,,0,,1,0,host->host
1791360203348,mesh4_baseline_adapt1_p4,botA,botB,video,in,247.57540493158527,0,0,1,0,20,480,270,,,,1,1,0,host->host
1791360203348,mesh4_baseline_adapt1_p4,botA,botB,audio,out,8.722233794738937,0,0,0.958,4.715,,,,2240.372,,,,1,0,host->host
1791360203348,mesh4_baseline_adapt1_p4,botA,botB,video,out,247.57540493158527,0,0,1.8,1.4649999999999999,20,480,270,2240.372,bandwidth,,,1,0,host->host
1791360203349,mesh4_baseline_adapt1_p4,botA,botC,audio,in,8.54317196306901,0,0,0,1,,,,,,0,,1,0,host->host
1791360203349,mesh4_baseline_adapt1_p4,botA,botC,video,in,251.2156512173991,0,0,1,1,20,480,270,,,,1,1,0,host->host
1791360203349,mesh4_baseline_adapt1_p4,botA,botC,audio,out,8.59916653586066,0,0,1.1039999999999999,1.8920000000000001,,,,2214.222,,,,1,0,host->host
1791360203349,mesh4_baseline_adapt1_p4,botA,botC,video,out,251.39163416045858,0,0,1.5659999999999998,1.007,20,480,270,2214.222,bandwidth,,,1,0,host->host
1791360203355,mesh4_baseline_adapt1_p4,botA,botD,audio,in,8.721481630297783,0,0,0,2,,,,,,0,,1,0,host->host
1791360203355,mesh4_baseline_adapt1_p4,botA,botD,video,in,237.60231130181322,0,0,1,2,20,480,270,,,,0,1,0,host->host
1791360203355,mesh4_baseline_adapt1_p4,botA,botD,audio,out,8.729490337029002,0,0,0.9159999999999999,1.1440000000000001,,,,2217.866,,,,1,0,host->host
1791360203355,mesh4_baseline_adapt1_p4,botA,botD,video,out,255.18943128357074,0,0,2.066,3.25,20,480,270,2217.866,bandwidth,,,1,0,host->host
1791360204348,mesh4_baseline_adapt1_p4,botA,botB,audio,in,8.719687062012179,0,0,0,1,,,,,,0,,1,0,host->host
1791360204348,mesh4_baseline_adapt1_p4,botA,botB,video,in,277.766031346043,0,0,2,1,20,640,360,,,,1,1,0,host->host
1791360204348,mesh4_baseline_adapt1_p4,botA,botB,audio,out,8.719687062012179,0,0,0.958,4.715,,,,2240.372,,,,1,0,host->host
1791360204348,mesh4_baseline_adapt1_p4,botA,botB,video,out,277.766031346043,0,0,2.344,1,20,640,360,2240.372,bandwidth,,,1,0,host->host
1791360204350,mesh4_baseline_adapt1_p4,botA,botC,audio,in,8.504126648370496,0,0,1,1,,,,,,0,,1,0,host->host
1791360204350,mesh4_baseline_adapt1_p4,botA,botC,video,in,253.6917781246254,0,0,1,1,20,480,270,,,,1,1,0,host->host
1791360204350,mesh4_baseline_adapt1_p4,botA,botC,audio,out,8.520126886655294,0,0,1.1039999999999999,1.8920000000000001,,,,2214.222,,,,1,0,host->host
1791360204350,mesh4_baseline_adapt1_p4,botA,botC,video,out,254.12378455831498,0,0,1.0219999999999998,1,20,480,270,2214.222,bandwidth,,,1,0,host->host
1791360204352,mesh4_baseline_adapt1_p4,botA,botD,audio,in,8.708998935426782,0,0,0,2,,,,,,0,,1,0,host->host
1791360204352,mesh4_baseline_adapt1_p4,botA,botD,video,in,247.05592301131335,0,0,1,2,20,480,270,,,,0,1,0,host->host
1791360204352,mesh4_baseline_adapt1_p4,botA,botD,audio,out,8.708998935426782,0,0,0.9159999999999999,1.1440000000000001,,,,2217.866,,,,1,0,host->host
1791360204352,mesh4_baseline_adapt1_p4,botA,botD,video,out,255.36542658272973,0,0,1.055,1.541,20,480,270,2217.866,bandwidth,,,1,0,host->host
1791360205347,mesh4_baseline_adapt1_p4,botA,botB,audio,in,8.721262624203163,0,0,0,1,,,,,,0,,1,0,host->host
1791360205347,mesh4_baseline_adapt1_p4,botA,botB,video,in,297.89912846269004,0,0,1,1,20,640,360,,,,1,1,0,host->host
1791360205347,mesh4_baseline_adapt1_p4,botA,botB,audio,out,8.521233664932447,0,0,0.958,4.715,,,,2240.372,,,,1,0,host->host
1791360205347,mesh4_baseline_adapt1_p4,botA,botB,video,out,297.8351191957234,0,0,1.5769999999999997,1.3729999999999998,20,640,360,2240.372,bandwidth,,,1,0,host->host
1791360205348,mesh4_baseline_adapt1_p4,botA,botC,audio,in,8.468447175262204,0,0,0,1,,,,,,0,,1,0,host->host
1791360205348,mesh4_baseline_adapt1_p4,botA,botC,video,in,238.97349609133116,0,0,1,1,20,480,270,,,,1,1,0,host->host
1791360205348,mesh4_baseline_adapt1_p4,botA,botC,audio,out,8.72458168339868,0,0,0.687,1.053,,,,2214.222,,,,1,0,host->host
1791360205348,mesh4_baseline_adapt1_p4,botA,botC,video,out,237.36465121209892,0,0,0.833,1,20,480,270,2214.222,bandwidth,,,1,0,host->host
1791360205350,mesh4_baseline_adapt1_p4,botA,botD,audio,in,8.737763514840841,0,0,0,2,,,,,,0,,1,0,host->host
1791360205350,mesh4_baseline_adapt1_p4,botA,botD,video,in,231.67899389212397,0,0,1,2,20,480,270,,,,0,1,0,host->host
1791360205350,mesh4_baseline_adapt1_p4,botA,botD,audio,out,8.689665734025203,0,0,0.9159999999999999,1.1440000000000001,,,,2217.866,,,,1,0,host->host
1791360205350,mesh4_baseline_adapt1_p4,botA,botD,video,out,238.82953064004874,0,0,0.7769999999999999,1.617,20,480,270,2217.866,bandwidth,,,1,0,host->host
1791360206349,mesh4_baseline_adapt1_p4,botA,botB,audio,in,8.714187704880437,0,0,0,1,,,,,,0,,1,0,host->host
1791360206349,mesh4_baseline_adapt1_p4,botA,botB,video,in,300.6074971478984,0,0,1,1,20,640,360,,,,1,1,0,host->host
1791360206349,mesh4_baseline_adapt1_p4,botA,botB,audio,out,8.538305017258997,0,0,0.729,1.129,,,,2240.372,,,,1,0,host->host
1791360206349,mesh4_baseline_adapt1_p4,botA,botB,video,out,300.6074971478984,0,0,1.1440000000000001,1.099,20,640,360,2240.372,bandwidth,,,1,0,host->host
1791360206352,mesh4_baseline_adapt1_p4,botA,botC,audio,in,8.390806630846509,0,0,0,1,,,,,,0,,1,0,host->host
1791360206352,mesh4_baseline_adapt1_p4,botA,botC,video,in,244.87423499650254,0,0,1,1,20,480,270,,,,1,1,0,host->host
1791360206352,mesh4_baseline_adapt1_p4,botA,botC,audio,out,9.67617282263175,0,0,0.687,1.053,,,,2214.222,,,,1,0,host->host
1791360206352,mesh4_baseline_adapt1_p4,botA,botC,video,out,246.8222433865373,0,0,0.833,1,20,480,270,2214.222,bandwidth,,,1,0,host->host
1791360206354,mesh4_baseline_adapt1_p4,botA,botD,audio,in,8.712523456516228,0,0,0,1,,,,,,0,,1,0,host->host
1791360206354,mesh4_baseline_adapt1_p4,botA,botD,video,in,237.43818499473826,0,0,1,1,20,480,270,,,,0,1,0,host->host
1791360206354,mesh4_baseline_adapt1_p4,botA,botD,audio,out,8.624840237832169,0,0,0.604,1.175,,,,2217.866,,,,1,0,host->host
1791360206354,mesh4_baseline_adapt1_p4,botA,botD,video,out,244.97097059986893,0,0,0.7769999999999999,1.617,20,480,270,2217.866,bandwidth,,,1,0,host->host
1791360203403,mesh4_baseline_adapt1_p4,botB,botA,audio,in,8.665265094855156,0,0,0,0,,,,,,0,,1,0,host->host
1791360203403,mesh4_baseline_adapt1_p4,botB,botA,video,in,248.4122672206538,0,0,1,0,20,480,270,,,,1,1,0,host->host
1791360203403,mesh4_baseline_adapt1_p4,botB,botA,audio,out,8.721273271830214,0,0,1.5199999999999998,1.007,,,,2224.93,,,,1,0,host->host
1791360203403,mesh4_baseline_adapt1_p4,botB,botA,video,out,248.4122672206538,0,0,1.5659999999999998,1,20,480,270,2224.93,bandwidth,,,1,0,host->host
1791360203404,mesh4_baseline_adapt1_p4,botB,botC,audio,in,8.724125642424164,0,0,0,1,,,,,,0,,1,0,host->host
1791360203404,mesh4_baseline_adapt1_p4,botB,botC,video,in,252.07920835610005,0,0,0,1,20,480,270,,,,1,1,0,host->host
1791360203404,mesh4_baseline_adapt1_p4,botB,botC,audio,out,8.724125642424164,0,0,0.583,1.19,,,,2218.298,,,,1,0,host->host
1791360203404,mesh4_baseline_adapt1_p4,botB,botC,video,out,254.96857473859097,0,0,1.277,1.343,20,480,270,2218.298,bandwidth,,,1,0,host->host
1791360203406,mesh4_baseline_adapt1_p4,botB,botD,audio,in,8.71934204363,0,0,0,1,,,,,,0,,1,0,host->host
1791360203406,mesh4_baseline_adapt1_p4,botB,botD,video,in,254.07794405005583,0,0,1,1,20,480,270,,,,0,1,0,host->host
1791360203406,mesh4_baseline_adapt1_p4,botB,botD,audio,out,8.72734878563517,0,0,1.125,1.129,,,,2143.655,,,,1,0,host->host
1791360203406,mesh4_baseline_adapt1_p4,botB,botD,video,out,232.13146421388518,0,0,2.033,2.182,21,480,270,2143.655,bandwidth,,,1,0,host->host
1791360204405,mesh4_baseline_adapt1_p4,botB,botA,audio,in,8.422120649835461,0,0,0,2,,,,,,0,,1,0,host->host
1791360204405,mesh4_baseline_adapt1_p4,botB,botA,video,in,277.8260046464241,0,0,1,2,20,640,360,,,,1,1,0,host->host
1791360204405,mesh4_baseline_adapt1_p4,botB,botA,audio,out,8.718054613789795,0,0,1.5199999999999998,1.007,,,,2224.93,,,,1,0,host->host
1791360204405,mesh4_baseline_adapt1_p4,botB,botA,video,out,277.8260046464241,0,0,1.5659999999999998,1,20,640,360,2224.93,bandwidth,,,1,0,host->host
1791360204408,mesh4_baseline_adapt1_p4,botB,botC,audio,in,8.702387014562811,0,0,1,1,,,,,,0,,1,0,host->host
1791360204408,mesh4_baseline_adapt1_p4,botB,botC,video,in,252.87220542408065,0,0,0,1,19,480,270,,,,1,1,0,host->host
1791360204408,mesh4_baseline_adapt1_p4,botB,botC,audio,out,8.702387014562811,0,0,0.583,1.19,,,,2218.298,,,,1,0,host->host
1791360204408,mesh4_baseline_adapt1_p4,botB,botC,video,out,253.40712279103084,0,0,1.266,1.587,20,480,270,2218.298,bandwidth,,,1,0,host->host
1791360204410,mesh4_baseline_adapt1_p4,botB,botD,audio,in,8.687794075867195,0,0,0,2,,,,,,0,,1,0,host->host
1791360204410,mesh4_baseline_adapt1_p4,botB,botD,video,in,253.1017439258374,0,0,0,2,20,480,270,,,,0,1,0,host->host
1791360204410,mesh4_baseline_adapt1_p4,botB,botD,audio,out,8.687794075867195,0,0,1.125,1.129,,,,2143.655,,,,1,0,host->host
1791360204410,mesh4_baseline_adapt1_p4,botB,botD,video,out,244.2625112376386,0,0,1.322,2.548,20,480,270,2143.655,bandwidth,,,1,0,host->host
1791360205403,mesh4_baseline_adapt1_p4,botB,botA,audio,in,8.516701235716297,0,0,0,2,,,,,,0,,1,0,host->host
1791360205403,mesh4_baseline_adapt1_p4,botB,botA,video,in,300.5418997156389,0,0,1,2,20,640,360,,,,1,1,0,host->host
1791360205403,mesh4_baseline_adapt1_p4,botB,botA,audio,out,8.724816115536433,0,0,0.75,2.396,,,,2224.93,,,,1,0,host->host
1791360205403,mesh4_baseline_adapt1_p4,botB,botA,video,out,300.60593506327587,0,0,2.055,1.343,20,640,360,2224.93,bandwidth,,,1,0,host->host
1791360205404,mesh4_baseline_adapt1_p4,botB,botC,audio,in,8.742021527862423,0,0,0,1,,,,,,0,,1,0,host->host
1791360205404,mesh4_baseline_adapt1_p4,botB,botC,video,in,243.02017827133878,0,0,0,1,20,480,270,,,,1,1,0,host->host
1791360205404,mesh4_baseline_adapt1_p4,botB,botC,audio,out,8.717960918152711,0,0,0.583,1.19,,,,2218.298,,,,1,0,host->host
1791360205404,mesh4_baseline_adapt1_p4,botB,botC,video,out,242.98809745839253,0,0,0.9109999999999999,1.099,20,480,270,2218.298,bandwidth,,,1,0,host->host
1791360205405,mesh4_baseline_adapt1_p4,botB,botD,audio,in,8.75880088919297,0,0,0,2,,,,,,0,,1,0,host->host
1791360205405,mesh4_baseline_adapt1_p4,botB,botD,video,in,244.33840241989967,0,0,1,2,20,480,270,,,,0,1,0,host->host
1791360205405,mesh4_baseline_adapt1_p4,botB,botD,audio,out,8.718622903462727,0,0,1.125,1.129,,,,2143.655,,,,1,0,host->host
1791360205405,mesh4_baseline_adapt1_p4,botB,botD,video,out,234.46265352740596,0,0,1.077,1.236,20,480,270,2143.655,bandwidth,,,1,0,host->host
1791360206404,mesh4_baseline_adapt1_p4,botB,botA,audio,in,8.530012747400201,0,0,0,2,,,,,,0,,1,0,host->host
1791360206404,mesh4_baseline_adapt1_p4,botB,botA,video,in,299.8055651855692,0,0,1,2,20,640,360,,,,1,1,0,host->host
1791360206404,mesh4_baseline_adapt1_p4,botB,botA,audio,out,8.713883687597207,0,0,0.75,2.396,,,,2224.93,,,,1,0,host->host
1791360206404,mesh4_baseline_adapt1_p4,botB,botA,video,out,299.8055651855692,0,0,1.388,1.099,20,640,360,2224.93,bandwidth,,,1,0,host->host
1791360206407,mesh4_baseline_adapt1_p4,botB,botC,audio,in,8.704626643276987,0,0,0,1,,,,,,0,,1,0,host->host
1791360206407,mesh4_baseline_adapt1_p4,botB,botC,video,in,246.42877886077176,0,0,0,1,20,480,270,,,,1,1,0,host->host
1791360206407,mesh4_baseline_adapt1_p4,botB,botC,audio,out,8.64872537125594,0,0,0.583,1.19,,,,2218.298,,,,1,0,host->host
1791360206407,mesh4_baseline_adapt1_p4,botB,botC,video,out,249.79084107803746,0,0,0.9109999999999999,1.099,20,480,270,2218.298,bandwidth,,,1,0,host->host
1791360206409,mesh4_baseline_adapt1_p4,botB,botD,audio,in,8.688115295624067,0,0,0,1,,,,,,0,,1,0,host->host
1791360206409,mesh4_baseline_adapt1_p4,botB,botD,video,in,245.53889145110034,0,0,1,1,20,480,270,,,,0,1,0,host->host
1791360206409,mesh4_baseline_adapt1_p4,botB,botD,audio,out,8.632320059780609,0,0,0.5199999999999999,1.2049999999999998,,,,2143.655,,,,1,0,host->host
1791360206409,mesh4_baseline_adapt1_p4,botB,botD,video,out,237.16960607458174,0,0,0.8659999999999999,1.404,20,480,270,2143.655,bandwidth,,,1,0,host->host
1791360207402,mesh4_baseline_adapt1_p4,botB,botA,audio,in,8.467156604510652,0,0,1,1,,,,,,0,,1,0,host->host
1791360207402,mesh4_baseline_adapt1_p4,botB,botA,video,in,314.572058024426,0,0,1,1,20,640,360,,,,1,1,0,host->host
1791360207402,mesh4_baseline_adapt1_p4,botB,botA,audio,out,8.715014824283864,0,0,0.75,2.396,,,,2224.93,,,,1,0,host->host
1791360207402,mesh4_baseline_adapt1_p4,botB,botA,video,out,314.63602143598035,0,0,1.3549999999999998,2.548,20,640,360,2224.93,bandwidth,,,1,0,host->host
1791360207403,mesh4_baseline_adapt1_p4,botB,botC,audio,in,8.449854856881425,0,0,1,1,,,,,,0,,1,0,host->host
1791360207403,mesh4_baseline_adapt1_p4,botB,botC,video,in,250.3129204899513,0,0,0,1,20,480,270,,,,1,1,0,host->host
1791360207403,mesh4_baseline_adapt1_p4,botB,botC,audio,out,8.666312239363206,0,0,0.583,1.19,,,,2218.298,,,,1,0,host->host
1791360207403,mesh4_baseline_adapt1_p4,botB,botC,video,out,249.1905488770828,0,0,0.888,1.9989999999999999,20,480,270,2218.298,bandwidth,,,1,0,host->host
1791360207404,mesh4_baseline_adapt1_p4,botB,botD,audio,in,8.755354875400176,0,0,0,1,,,,,,0,,1,0,host->host
1791360207404,mesh4_baseline_adapt1_p4,botB,botD,video,in,251.5919499149397,0,0,1,1,20,480,270,,,,0,1,0,host->host
1791360207404,mesh4_baseline_adapt1_p4,botB,botD,audio,out,8.6268359047521,0,0,0.5199999999999999,1.2049999999999998,,,,2143.655,,,,1,0,host->host
1791360207404,mesh4_baseline_adapt1_p4,botB,botD,video,out,292.97505846362014,0,0,1.855,1.175,20,640,360,2143.655,bandwidth,,,1,0,host->host
1791360204557,mesh4_baseline_adapt1_p4,botC,botA,audio,in,8.63541115606702,0,0,0,2,,,,,,0,,1,0,host->host
1791360204557,mesh4_baseline_adapt1_p4,botC,botA,video,in,249.22644931518357,0,0,0,2,20,480,270,,,,1,1,0,host->host
1791360204557,mesh4_baseline_adapt1_p4,botC,botA,audio,out,8.507360573585952,0,0,1.375,1,,,,2206.241,,,,1,0,host->host
1791360204557,mesh4_baseline_adapt1_p4,botC,botA,video,out,251.05917327694388,0,0,1.5769999999999997,1.48,20,480,270,2206.241,bandwidth,,,1,0,host->host
1791360204558,mesh4_baseline_adapt1_p4,botC,botB,audio,in,8.714031713937208,0,0,0,1,,,,,,0,,1,0,host->host
1791360204558,mesh4_baseline_adapt1_p4,botC,botB,video,in,252.6989178385097,0,0,1,1,20,480,270,,,,1,1,0,host->host
1791360204558,mesh4_baseline_adapt1_p4,botC,botB,audio,out,8.682024251259755,0,0,1.208,1,,,,2390.956,,,,1,0,host->host
1791360204558,mesh4_baseline_adapt1_p4,botC,botB,video,out,252.60289545047735,0,0,0.7769999999999999,2.151,20,480,270,2390.956,bandwidth,,,1,0,host->host
1791360204559,mesh4_baseline_adapt1_p4,botC,botD,audio,in,8.722189065029017,0,0,0,1,,,,,,0,,1,0,host->host
1791360204559,mesh4_baseline_adapt1_p4,botC,botD,video,in,252.51137443674827,0,0,0,1,20,480,270,,,,0,1,0,host->host
1791360204559,mesh4_baseline_adapt1_p4,botC,botD,audio,out,8.674177015129773,0,0,1.0410000000000001,1.678,,,,2280.847,,,,1,0,host->host
1791360204559,mesh4_baseline_adapt1_p4,botC,botD,video,out,250.51087235761318,0,0,0.9329999999999999,1.0219999999999998,20,480,270,2280.847,bandwidth,,,1,0,host->host
1791360205556,mesh4_baseline_adapt1_p4,botC,botA,audio,in,8.721047547703485,0,0,0,1,,,,,,0,,1,0,host->host
1791360205556,mesh4_baseline_adapt1_p4,botC,botA,video,in,245.0214312852032,0,0,0,1,20,480,270,,,,1,1,0,host->host
1791360205556,mesh4_baseline_adapt1_p4,botC,botA,audio,out,8.465016794009438,0,0,1.375,1,,,,2206.241,,,,1,0,host->host
1791360205556,mesh4_baseline_adapt1_p4,botC,botA,video,out,245.85353123470887,0,0,1.0219999999999998,1.236,20,480,270,2206.241,bandwidth,,,1,0,host->host
1791360205558,mesh4_baseline_adapt1_p4,botC,botB,audio,in,8.68527986984275,0,0,0,1,,,,,,0,,1,0,host->host
1791360205558,mesh4_baseline_adapt1_p4,botC,botB,video,in,247.19827434157972,0,0,1,1,20,480,270,,,,1,1,0,host->host
1791360205558,mesh4_baseline_adapt1_p4,botC,botB,audio,out,8.701289602321722,0,0,1.208,1,,,,2390.956,,,,1,0,host->host
1791360205558,mesh4_baseline_adapt1_p4,botC,botB,video,out,247.93472203561245,0,0,0.855,2.655,20,480,270,2390.956,bandwidth,,,1,0,host->host
1791360205559,mesh4_baseline_adapt1_p4,botC,botD,audio,in,8.722834495291318,0,0,0,1,,,,,,0,,1,0,host->host
1791360205559,mesh4_baseline_adapt1_p4,botC,botD,video,in,246.19200037902942,0,0,1,1,20,480,270,,,,0,1,0,host->host
1791360205559,mesh4_baseline_adapt1_p4,botC,botD,audio,out,8.64280849074736,0,0,1.0410000000000001,1.678,,,,2280.847,,,,1,0,host->host
1791360205559,mesh4_baseline_adapt1_p4,botC,botD,video,out,244.3914152767904,0,0,0.9109999999999999,1.587,20,480,270,2280.847,bandwidth,,,1,0,host->host
1791360206557,mesh4_baseline_adapt1_p4,botC,botA,audio,in,8.717854590471877,0,0,0,1,,,,,,0,,1,0,host->host
1791360206557,mesh4_baseline_adapt1_p4,botC,botA,video,in,243.51607221660294,0,0,0,1,20,480,270,,,,1,1,0,host->host
1791360206557,mesh4_baseline_adapt1_p4,botC,botA,audio,out,9.325705002284593,0,0,1.375,1,,,,2206.241,,,,1,0,host->host
1791360206557,mesh4_baseline_adapt1_p4,botC,botA,video,out,240.20488707857052,0,0,0.944,1.404,20,480,270,2206.241,bandwidth,,,1,0,host->host
1791360206560,mesh4_baseline_adapt1_p4,botC,botB,audio,in,8.649211129447956,0,0,0,1,,,,,,0,,1,0,host->host
1791360206560,mesh4_baseline_adapt1_p4,botC,botB,video,in,246.35863012796352,0,0,0,1,20,480,270,,,,1,1,0,host->host
1791360206560,mesh4_baseline_adapt1_p4,botC,botB,audio,out,7.737926407861017,0,0,1.208,1,,,,2390.956,,,,1,0,host->host
1791360206560,mesh4_baseline_adapt1_p4,botC,botB,video,out,241.97806848384386,0,0,0.822,1,20,480,270,2390.956,bandwidth,,,1,0,host->host
1791360206563,mesh4_baseline_adapt1_p4,botC,botD,audio,in,8.697587150299947,0,0,0,2,,,,,,0,,1,0,host->host
1791360206563,mesh4_baseline_adapt1_p4,botC,botD,video,in,245.3517520159842,0,0,0,2,20,480,270,,,,0,1,0,host->host
1791360206563,mesh4_baseline_adapt1_p4,botC,botD,audio,out,9.503510363309392,0,0,0.583,2.3040000000000003,,,,2280.847,,,,1,0,host->host
1791360206563,mesh4_baseline_adapt1_p4,botC,botD,video,out,241.78494334058593,0,0,0.766,1.434,20,480,270,2280.847,bandwidth,,,1,0,host->host
1791360207556,mesh4_baseline_adapt1_p4,botC,botA,audio,in,8.721746052676561,0,0,1,2,,,,,,0,,1,0,host->host
1791360207556,mesh4_baseline_adapt1_p4,botC,botA,video,in,251.4023295679311,0,0,0,2,20,480,270,,,,1,1,0,host->host
1791360207556,mesh4_baseline_adapt1_p4,botC,botA,audio,out,8.74575085832613,0,0,1.375,1,,,,2206.241,,,,1,0,host->host
1791360207556,mesh4_baseline_adapt1_p4,botC,botA,video,out,250.6901870003272,0,0,1.2879999999999998,1.5719999999999998,20,480,270,2206.241,bandwidth,,,1,0,host->host
1791360207558,mesh4_baseline_adapt1_p4,botC,botB,audio,in,8.64651866446188,0,0,0,1,,,,,,0,,1,0,host->host
1791360207558,mesh4_baseline_adapt1_p4,botC,botB,video,in,250.27668515716928,0,0,0,1,20,480,270,,,,1,1,0,host->host
1791360207558,mesh4_baseline_adapt1_p4,botC,botB,audio,out,9.254977385294382,0,0,1.208,1,,,,2390.956,,,,1,0,host->host
1791360207558,mesh4_baseline_adapt1_p4,botC,botB,video,out,252.44632085908518,0,0,0.9329999999999999,2.106,20,480,270,2390.956,bandwidth,,,1,0,host->host
1791360207559,mesh4_baseline_adapt1_p4,botC,botD,audio,in,8.743318361763649,0,0,0,2,,,,,,0,,1,0,host->host
1791360207559,mesh4_baseline_adapt1_p4,botC,botD,video,in,251.61505538697443,0,0,1,2,20,480,270,,,,0,1,0,host->host
1791360207559,mesh4_baseline_adapt1_p4,botC,botD,audio,out,8.76738254074098,0,0,0.583,2.3040000000000003,,,,2280.847,,,,1,0,host->host
1791360207559,mesh4_baseline_adapt1_p4,botC,botD,video,out,253.36371905932717,0,0,1.1769999999999998,1,20,480,270,2280.847,bandwidth,,,1,0,host->host
1791360208558,mesh4_baseline_adapt1_p4,botC,botA,audio,in,8.707824777221889,0,0,0,2,,,,,,0,,1,0,host->host
1791360208558,mesh4_baseline_adapt1_p4,botC,botA,video,in,242.61278042151514,0,0,1,2,20,480,270,,,,1,1,0,host->host
1791360208558,mesh4_baseline_adapt1_p4,botC,botA,audio,out,7.565422077090942,0,0,1,1,,,,2206.241,,,,1,0,host->host
1791360208558,mesh4_baseline_adapt1_p4,botC,botA,video,out,242.12546178719356,0,0,1.4549999999999998,1,20,480,270,2206.241,bandwidth,,,1,0,host->host
1791360208559,mesh4_baseline_adapt1_p4,botC,botB,audio,in,8.625518142513167,0,0,0,0,,,,,,0,,1,0,host->host
1791360208559,mesh4_baseline_adapt1_p4,botC,botB,video,in,243.43128979981606,0,0,1,0,20,480,270,,,,1,1,0,host->host
1791360208559,mesh4_baseline_adapt1_p4,botC,botB,audio,out,8.681424278622048,0,0,0.687,1,,,,2390.956,,,,1,0,host->host
1791360208559,mesh4_baseline_adapt1_p4,botC,botB,video,out,241.91383753400353,0,0,1.0659999999999998,1.328,20,480,270,2390.956,bandwidth,,,1,0,host->host
1791360208560,mesh4_baseline_adapt1_p4,botC,botD,audio,in,8.667675648687023,0,0,0,2,,,,,,0,,1,0,host->host
1791360208560,mesh4_baseline_adapt1_p4,botC,botD,video,in,243.6775210247929,0,0,1,2,20,480,270,,,,0,1,0,host->host
1791360208560,mesh4_baseline_adapt1_p4,botC,botD,audio,out,7.637140940225617,0,0,0.583,2.3040000000000003,,,,2280.847,,,,1,0,host->host
1791360208560,mesh4_baseline_adapt1_p4,botC,botD,video,out,242.22358833533573,0,0,0.7879999999999999,1.648,20,480,270,2280.847,bandwidth,,,1,0,host->host
1791360205690,mesh4_baseline_adapt1_p4,botD,botA,audio,in,8.661859911564818,0,0,0,1,,,,,,0,,1,0,host->host
1791360205690,mesh4_baseline_adapt1_p4,botD,botA,video,in,245.02746098864247,0,0,0,1,20,480,270,,,,0,1,0,host->host
1791360205690,mesh4_baseline_adapt1_p4,botD,botA,audio,out,8.717846079044925,0,0,0.437,1.266,,,,2193.29,,,,1,0,host->host
1791360205690,mesh4_baseline_adapt1_p4,botD,botA,video,out,236.03768209612275,0,0,1.2550000000000001,1.236,20,480,270,2193.29,bandwidth,,,1,0,host->host
1791360205692,mesh4_baseline_adapt1_p4,botD,botB,audio,in,8.661409612603652,0,0,0,2,,,,,,0,,1,0,host->host
1791360205692,mesh4_baseline_adapt1_p4,botD,botB,video,in,236.0813946024443,0,0,0,2,20,480,270,,,,0,1,0,host->host
1791360205692,mesh4_baseline_adapt1_p4,botD,botB,audio,out,8.717392869564156,0,0,0.562,1,,,,2225.582,,,,1,0,host->host
1791360205692,mesh4_baseline_adapt1_p4,botD,botB,video,out,246.5982493028818,0,0,0.8659999999999999,1.389,20,480,270,2225.582,bandwidth,,,1,0,host->host
1791360205693,mesh4_baseline_adapt1_p4,botD,botC,audio,in,8.6296698206002,0,0,0,1,,,,,,0,,1,0,host->host
1791360205693,mesh4_baseline_adapt1_p4,botD,botC,video,in,243.99011790273428,0,0,0,1,20,480,270,,,,0,1,0,host->host
1791360205693,mesh4_baseline_adapt1_p4,botD,botC,audio,out,8.717646065295847,0,0,0.45799999999999996,1.45,,,,2198.068,,,,1,0,host->host
1791360205693,mesh4_baseline_adapt1_p4,botD,botC,video,out,245.29376589231524,0,0,0.7769999999999999,1.5559999999999998,20,480,270,2198.068,bandwidth,,,1,0,host->host
1791360206690,mesh4_baseline_adapt1_p4,botD,botA,audio,in,8.59909726273853,0,0,0,2,,,,,,0,,1,0,host->host
1791360206690,mesh4_baseline_adapt1_p4,botD,botA,video,in,242.78251257802523,0,0,1,2,20,480,270,,,,0,1,0,host->host
1791360206690,mesh4_baseline_adapt1_p4,botD,botA,audio,out,8.71908466640465,0,0,0.437,1.266,,,,2193.29,,,,1,0,host->host
1791360206690,mesh4_baseline_adapt1_p4,botD,botA,video,out,223.53653302997975,0,0,1.033,1.099,19,640,360,2193.29,bandwidth,,,1,0,host->host
1791360206695,mesh4_baseline_adapt1_p4,botD,botB,audio,in,8.610712904552013,0,0,0,1,,,,,,0,,1,0,host->host
1791360206695,mesh4_baseline_adapt1_p4,botD,botB,video,in,223.4228153367744,0,0,2,1,19,640,360,,,,0,1,0,host->host
1791360206695,mesh4_baseline_adapt1_p4,botD,botB,audio,out,8.71464908631541,0,0,0.562,1,,,,2225.582,,,,1,0,host->host
1791360206695,mesh4_baseline_adapt1_p4,botD,botB,video,out,247.09627950611377,0,0,1.188,2.6249999999999996,20,480,270,2225.582,bandwidth,,,1,0,host->host
1791360206697,mesh4_baseline_adapt1_p4,botD,botC,audio,in,8.599451830632253,0,0,0,2,,,,,,0,,1,0,host->host
1791360206697,mesh4_baseline_adapt1_p4,botD,botC,video,in,244.19574058440432,0,0,0,2,20,480,270,,,,0,1,0,host->host
1791360206697,mesh4_baseline_adapt1_p4,botD,botC,audio,out,9.69131920857166,0,0,0.45799999999999996,1.45,,,,2198.068,,,,1,0,host->host
1791360206697,mesh4_baseline_adapt1_p4,botD,botC,video,out,247.19239849758105,0,0,0.8109999999999999,1.129,20,480,270,2198.068,bandwidth,,,1,0,host->host
1791360207692,mesh4_baseline_adapt1_p4,botD,botA,audio,in,8.560102403568793,0,0,0,2,,,,,,0,,1,0,host->host
1791360207692,mesh4_baseline_adapt1_p4,botD,botA,video,in,252.6750227236605,0,0,0,2,20,480,270,,,,0,1,0,host->host
1791360207692,mesh4_baseline_adapt1_p4,botD,botA,audio,out,8.720104317654192,0,0,0.437,1.266,,,,2193.29,,,,1,0,host->host
1791360207692,mesh4_baseline_adapt1_p4,botD,botA,video,out,322.8758625286289,0,0,1.6879999999999997,2.258,20,640,360,2193.29,bandwidth,,,1,0,host->host
1791360207696,mesh4_baseline_adapt1_p4,botD,botB,audio,in,8.599592330550964,0,0,0,1,,,,,,0,,1,0,host->host
1791360207696,mesh4_baseline_adapt1_p4,botD,botB,video,in,322.25714658190003,0,0,0,1,20,640,360,,,,0,1,0,host->host
1791360207696,mesh4_baseline_adapt1_p4,botD,botB,audio,out,9.549779412570986,0,0,0.562,1,,,,2225.582,,,,1,0,host->host
1791360207696,mesh4_baseline_adapt1_p4,botD,botB,video,out,250.3782884949736,0,0,1.111,2.9139999999999997,20,480,270,2225.582,bandwidth,,,1,0,host->host
1791360207697,mesh4_baseline_adapt1_p4,botD,botC,audio,in,8.718867568958329,0,0,1,2,,,,,,0,,1,0,host->host
1791360207697,mesh4_baseline_adapt1_p4,botD,botC,video,in,252.13525196434446,0,0,0,2,20,480,270,,,,0,1,0,host->host
1791360207697,mesh4_baseline_adapt1_p4,botD,botC,audio,out,8.558888347509551,0,0,0.45799999999999996,1.45,,,,2198.068,,,,1,0,host->host
1791360207697,mesh4_baseline_adapt1_p4,botD,botC,video,out,249.99952935800331,0,0,1.0999999999999999,1.648,20,480,270,2198.068,bandwidth,,,1,0,host->host
1791360208690,mesh4_baseline_adapt1_p4,botD,botA,audio,in,8.519914717650531,0,0,0,2,,,,,,0,,1,0,host->host
1791360208690,mesh4_baseline_adapt1_p4,botD,botA,video,in,237.8696189808647,0,0,1,2,20,480,270,,,,0,1,0,host->host
1791360208690,mesh4_baseline_adapt1_p4,botD,botA,audio,out,8.679913116104062,0,0,0.7699999999999999,1.587,,,,2193.29,,,,1,0,host->host
1791360208690,mesh4_baseline_adapt1_p4,botD,botA,video,out,310.44489251938637,0,0,1.5999999999999999,2.731,20,640,360,2193.29,bandwidth,,,1,0,host->host
1791360208693,mesh4_baseline_adapt1_p4,botD,botB,audio,in,8.55900650919586,0,0,0,1,,,,,,0,,1,0,host->host
1791360208693,mesh4_baseline_adapt1_p4,botD,botB,video,in,311.2285787725307,0,0,0,1,20,640,360,,,,0,1,0,host->host
1791360208693,mesh4_baseline_adapt1_p4,botD,botB,audio,out,7.8531090651384705,0,0,0.687,1.129,,,,2225.582,,,,1,0,host->host
1791360208693,mesh4_baseline_adapt1_p4,botD,botB,video,out,241.86613333202777,0,0,1.111,2.9139999999999997,20,480,270,2225.582,bandwidth,,,1,0,host->host
1791360208695,mesh4_baseline_adapt1_p4,botD,botC,audio,in,8.520342051436993,0,0,0,2,,,,,,0,,1,0,host->host
1791360208695,mesh4_baseline_adapt1_p4,botD,botC,video,in,240.55123891547584,0,0,0,2,19,480,270,,,,0,1,0,host->host
1791360208695,mesh4_baseline_adapt1_p4,botD,botC,audio,out,7.854439612388714,0,0,0.833,1.7239999999999998,,,,2198.068,,,,1,0,host->host
1791360208695,mesh4_baseline_adapt1_p4,botD,botC,video,out,242.65324420500173,0,0,1.0999999999999999,1.648,20,480,270,2198.068,bandwidth,,,1,0,host->host
1791360209690,mesh4_baseline_adapt1_p4,botD,botA,audio,in,8.494251793393108,0,0,1,2,,,,,,0,,1,0,host->host
1791360209690,mesh4_baseline_adapt1_p4,botD,botA,video,in,240.60648064863605,0,0,1,2,20,480,270,,,,0,1,0,host->host
1791360209690,mesh4_baseline_adapt1_p4,botD,botA,audio,out,8.630223808918233,0,0,0.7699999999999999,1.587,,,,2193.29,,,,1,0,host->host
1791360209690,mesh4_baseline_adapt1_p4,botD,botA,video,out,281.96596842983735,0,0,1.1440000000000001,1,19,640,360,2193.29,bandwidth,,,1,0,host->host
1791360209693,mesh4_baseline_adapt1_p4,botD,botB,audio,in,8.5345164610058,0,0,1,1,,,,,,0,,1,0,host->host
1791360209693,mesh4_baseline_adapt1_p4,botD,botB,video,in,295.64460865201164,0,0,1,1,20,640,360,,,,0,1,0,host->host
1791360209693,mesh4_baseline_adapt1_p4,botD,botB,audio,out,8.630499776406053,0,0,0.687,1.129,,,,2225.582,,,,1,0,host->host
1791360209693,mesh4_baseline_adapt1_p4,botD,botB,video,out,237.2227640117245,0,0,1.1219999999999999,1,20,480,270,2225.582,bandwidth,,,1,0,host->host
1791360209694,mesh4_baseline_adapt1_p4,botD,botC,audio,in,8.466124798899724,0,0,1,2,,,,,,0,,1,0,host->host
1791360209694,mesh4_baseline_adapt1_p4,botD,botC,video,in,239.5001089140536,0,0,1,2,21,480,270,,,,0,1,0,host->host
1791360209694,mesh4_baseline_adapt1_p4,botD,botC,audio,out,8.634166973547071,0,0,0.833,1.7239999999999998,,,,2198.068,,,,1,0,host->host
1791360209694,mesh4_baseline_adapt1_p4,botD,botC,video,out,239.72416514691673,0,0,1.0999999999999999,2.258,20,480,270,2198.068,bandwidth,,,1,0,host->host
1791360207348,mesh4_baseline_adapt1_p4,botA,botB,audio,in,8.721098654029658,0,0,0,1,,,,,,0,,1,0,host->host
1791360207348,mesh4_baseline_adapt1_p4,botA,botB,video,in,316.2958458633949,0,0,1,1,20,640,360,,,,1,1,0,host->host
1791360207348,mesh4_baseline_adapt1_p4,botA,botB,audio,out,8.481068415845357,0,0,0.729,1.129,,,,2240.372,,,,1,0,host->host
1791360207348,mesh4_baseline_adapt1_p4,botA,botB,video,out,316.2318377998791,0,0,1.055,1.297,20,640,360,2240.372,bandwidth,,,1,0,host->host
1791360207349,mesh4_baseline_adapt1_p4,botA,botC,audio,in,8.73344985392543,0,0,0,1,,,,,,0,,1,0,host->host
1791360207349,mesh4_baseline_adapt1_p4,botA,botC,video,in,249.984986644471,0,0,1,1,20,480,270,,,,1,1,0,host->host
1791360207349,mesh4_baseline_adapt1_p4,botA,botC,audio,out,7.755944457431024,0,0,0.687,1.053,,,,2214.222,,,,1,0,host->host
1791360207349,mesh4_baseline_adapt1_p4,botA,botC,video,out,251.17081286316915,0,0,0.9219999999999999,1.2049999999999998,20,480,270,2214.222,bandwidth,,,1,0,host->host
1791360207351,mesh4_baseline_adapt1_p4,botA,botD,audio,in,8.71852854152429,0,0,0,1,,,,,,0,,1,0,host->host
1791360207351,mesh4_baseline_adapt1_p4,botA,botD,video,in,291.29670613714734,0,0,1,1,20,640,360,,,,0,1,0,host->host
1791360207351,mesh4_baseline_adapt1_p4,botA,botD,audio,out,8.590196934657326,0,0,0.604,1.175,,,,2217.866,,,,1,0,host->host
1791360207351,mesh4_baseline_adapt1_p4,botA,botD,video,out,251.18505826579226,0,0,1.266,1.053,20,480,270,2217.866,bandwidth,,,1,0,host->host
1791360208348,mesh4_baseline_adapt1_p4,botA,botB,audio,in,8.720881456280006,0,0,1,1,,,,,,0,,1,0,host->host
1791360208348,mesh4_baseline_adapt1_p4,botA,botB,video,in,364.64485619396106,0,0,2,1,19,960,540,,,,1,1,0,host->host
1791360208348,mesh4_baseline_adapt1_p4,botA,botB,audio,out,8.464855578664446,0,0,0.729,1.129,,,,2240.372,,,,1,0,host->host
1791360208348,mesh4_baseline_adapt1_p4,botA,botB,video,out,364.64485619396106,0,0,1.055,1.297,20,960,540,2240.372,bandwidth,,,1,0,host->host
1791360208349,mesh4_baseline_adapt1_p4,botA,botC,audio,in,8.520869561395669,0,0,1,1,,,,,,0,,1,0,host->host
1791360208349,mesh4_baseline_adapt1_p4,botA,botC,video,in,242.86478454100055,0,0,1,1,20,480,270,,,,1,1,0,host->host
1791360208349,mesh4_baseline_adapt1_p4,botA,botC,audio,out,9.688988768873386,0,0,0.958,1.2209999999999999,,,,2214.222,,,,1,0,host->host
1791360208349,mesh4_baseline_adapt1_p4,botA,botC,video,out,242.15271187342847,0,0,0.8439999999999999,1.328,20,480,270,2214.222,bandwidth,,,1,0,host->host
1791360208351,mesh4_baseline_adapt1_p4,botA,botD,audio,in,8.682586121842931,0,0,0,1,,,,,,0,,1,0,host->host
1791360208351,mesh4_baseline_adapt1_p4,botA,botD,video,in,301.71386594640006,0,0,1,1,20,640,360,,,,0,1,0,host->host
1791360208351,mesh4_baseline_adapt1_p4,botA,botD,audio,out,8.538543218439084,0,0,0.604,1.175,,,,2217.866,,,,1,0,host->host
1791360208351,mesh4_baseline_adapt1_p4,botA,botD,video,out,242.6242660167335,0,0,1.088,2.518,20,480,270,2217.866,bandwidth,,,1,0,host->host
1791360209348,mesh4_baseline_adapt1_p4,botA,botB,audio,in,8.717463082032769,0,0,0,1,,,,,,0,,1,0,host->host
1791360209348,mesh4_baseline_adapt1_p4,botA,botB,video,in,475.8775122083613,0,0,1,1,21,960,540,,,,1,1,0,host->host
1791360209348,mesh4_baseline_adapt1_p4,botA,botB,audio,out,8.429546870149117,0,0,0.729,1.129,,,,2240.372,,,,1,0,host->host
1791360209348,mesh4_baseline_adapt1_p4,botA,botB,video,out,475.82152850049494,0,0,1.2,1,21,960,540,2240.372,bandwidth,,,1,0,host->host
1791360209349,mesh4_baseline_adapt1_p4,botA,botC,audio,in,8.31073594030986,0,0,1,1,,,,,,0,,1,0,host->host
1791360209349,mesh4_baseline_adapt1_p4,botA,botC,video,in,248.770162155512,0,0,2,1,20,640,360,,,,1,1,0,host->host
1791360209349,mesh4_baseline_adapt1_p4,botA,botC,audio,out,8.71067510971842,0,0,0.958,1.2209999999999999,,,,2214.222,,,,1,0,host->host
1791360209349,mesh4_baseline_adapt1_p4,botA,botC,video,out,249.68202346176352,0,0,2.4219999999999997,1,20,640,360,2214.222,bandwidth,,,1,0,host->host
1791360209353,mesh4_baseline_adapt1_p4,botA,botD,audio,in,8.63129196433105,0,0,0,1,,,,,,0,,1,0,host->host
1791360209353,mesh4_baseline_adapt1_p4,botA,botD,video,in,305.69492346330964,0,0,1,1,20,640,360,,,,0,1,0,host->host
1791360209353,mesh4_baseline_adapt1_p4,botA,botD,audio,out,8.503302463469792,0,0,0.604,1.175,,,,2217.866,,,,1,0,host->host
1791360209353,mesh4_baseline_adapt1_p4,botA,botD,video,out,242.61209822631736,0,0,1.1769999999999998,1.3729999999999998,20,480,270,2217.866,bandwidth,,,1,0,host->host
1791360210347,mesh4_baseline_adapt1_p4,botA,botB,audio,in,8.725540803620659,0,0,1,1,,,,,,0,,1,0,host->host
1791360210347,mesh4_baseline_adapt1_p4,botA,botB,video,in,459.17157843640456,0,0,2,1,20,960,540,,,,1,1,0,host->host
1791360210347,mesh4_baseline_adapt1_p4,botA,botB,audio,out,8.421347637989847,0,0,0.729,1.129,,,,2240.372,,,,1,0,host->host
1791360210347,mesh4_baseline_adapt1_p4,botA,botB,video,out,427.7676366266763,0,0,1.222,3.6159999999999997,19,960,540,2240.372,bandwidth,,,1,0,host->host
1791360210352,mesh4_baseline_adapt1_p4,botA,botC,audio,in,8.299852055360654,0,0,1,1,,,,,,0,,1,0,host->host
1791360210352,mesh4_baseline_adapt1_p4,botA,botC,video,in,285.6045523080902,0,0,1,1,20,640,360,,,,1,1,0,host->host
1791360210352,mesh4_baseline_adapt1_p4,botA,botC,audio,out,7.763603176181133,0,0,0.958,1.2209999999999999,,,,2214.222,,,,1,0,host->host
1791360210352,mesh4_baseline_adapt1_p4,botA,botC,video,out,285.6605783103926,0,0,1.3439999999999999,4.226999999999999,20,640,360,2214.222,bandwidth,,,1,0,host->host
1791360210355,mesh4_baseline_adapt1_p4,botA,botD,audio,in,8.61840349281001,0,0,1,1,,,,,,0,,1,0,host->host
1791360210355,mesh4_baseline_adapt1_p4,botA,botD,video,in,288.5808569541559,0,0,1,1,20,640,360,,,,0,1,0,host->host
1791360210355,mesh4_baseline_adapt1_p4,botA,botD,audio,out,8.466783431362424,0,0,1.666,1.3579999999999999,,,,2217.866,,,,1,0,host->host
1791360210355,mesh4_baseline_adapt1_p4,botA,botD,video,out,228.60315264678547,0,0,1.011,1.099,20,480,270,2217.866,bandwidth,,,1,0,host->host
1791360211348,mesh4_baseline_adapt1_p4,botA,botB,audio,in,8.718676021365896,0,0,1,1,,,,,,0,,1,0,host->host
1791360211348,mesh4_baseline_adapt1_p4,botA,botB,video,in,475.90373141578596,0,0,2,1,19,960,540,,,,1,1,0,host->host
1791360211348,mesh4_baseline_adapt1_p4,botA,botB,audio,out,8.358730681034276,0,0,0.729,1.129,,,,2240.372,,,,1,0,host->host
1791360211348,mesh4_baseline_adapt1_p4,botA,botB,video,out,507.22697480997755,0,0,2.3,1.328,21,960,540,2240.372,bandwidth,,,1,0,host->host
1791360211351,mesh4_baseline_adapt1_p4,botA,botC,audio,in,8.277995173044028,0,0,1,1,,,,,,0,,1,0,host->host
1791360211351,mesh4_baseline_adapt1_p4,botA,botC,video,in,289.28993759323913,0,0,2,1,20,640,360,,,,1,1,0,host->host
1791360211351,mesh4_baseline_adapt1_p4,botA,botC,audio,out,8.717888636345885,0,0,0.958,1.2209999999999999,,,,2214.222,,,,1,0,host->host
1791360211351,mesh4_baseline_adapt1_p4,botA,botC,video,out,289.28993759323913,0,0,1.7109999999999999,1.8159999999999998,20,640,360,2214.222,bandwidth,,,1,0,host->host
1791360211353,mesh4_baseline_adapt1_p4,botA,botD,audio,in,8.702996818487128,0,0,1,1,,,,,,0,,1,0,host->host
1791360211353,mesh4_baseline_adapt1_p4,botA,botD,video,in,380.87420575184103,0,0,2,1,20,960,540,,,,0,1,0,host->host
1791360211353,mesh4_baseline_adapt1_p4,botA,botD,audio,out,8.422771529943386,0,0,1.666,1.3579999999999999,,,,2217.866,,,,1,0,host->host
1791360211353,mesh4_baseline_adapt1_p4,botA,botD,video,out,268.6960195293726,0,0,3.055,2.335,20,640,360,2217.866,bandwidth,,,1,0,host->host
1791360208401,mesh4_baseline_adapt1_p4,botB,botA,audio,in,8.458548404602224,0,0,1,1,,,,,,0,,1,0,host->host
1791360208401,mesh4_baseline_adapt1_p4,botB,botA,video,in,378.40790125967635,0,0,1,1,19,960,540,,,,1,1,0,host->host
1791360208401,mesh4_baseline_adapt1_p4,botB,botA,audio,out,8.730888031265554,0,0,0.75,2.396,,,,2224.93,,,,1,0,host->host
1791360208401,mesh4_baseline_adapt1_p4,botB,botA,video,out,378.40790125967635,0,0,1.3549999999999998,2.548,20,960,540,2224.93,bandwidth,,,1,0,host->host
1791360208402,mesh4_baseline_adapt1_p4,botB,botC,audio,in,8.545306790427757,0,0,0,2,,,,,,0,,1,0,host->host
1791360208402,mesh4_baseline_adapt1_p4,botB,botC,video,in,246.2682135010811,0,0,1,2,20,480,270,,,,1,1,0,host->host
1791360208402,mesh4_baseline_adapt1_p4,botB,botC,audio,out,8.649420181501386,0,0,0.583,1.19,,,,2218.298,,,,1,0,host->host
1791360208402,mesh4_baseline_adapt1_p4,botB,botC,video,out,246.80479790122982,0,0,0.888,1.9989999999999999,20,480,270,2218.298,bandwidth,,,1,0,host->host
1791360208403,mesh4_baseline_adapt1_p4,botB,botD,audio,in,8.685931286574352,0,0,0,1,,,,,,0,,1,0,host->host
1791360208403,mesh4_baseline_adapt1_p4,botB,botD,video,in,246.12006587506167,0,0,1,1,19,480,270,,,,0,1,0,host->host
1791360208403,mesh4_baseline_adapt1_p4,botB,botD,audio,out,8.57385475384436,0,0,0.5199999999999999,1.2049999999999998,,,,2143.655,,,,1,0,host->host
1791360208403,mesh4_baseline_adapt1_p4,botB,botD,video,out,305.6327047546872,0,0,0.9549999999999998,1.8159999999999998,20,640,360,2143.655,bandwidth,,,1,0,host->host
1791360209403,mesh4_baseline_adapt1_p4,botB,botA,audio,in,8.418437190668646,0,0,0,1,,,,,,0,,1,0,host->host
1791360209403,mesh4_baseline_adapt1_p4,botB,botA,video,in,470.8254606409254,0,0,1,1,21,960,540,,,,1,1,0,host->host
1791360209403,mesh4_baseline_adapt1_p4,botB,botA,audio,out,8.705973944809132,0,0,0.75,2.396,,,,2224.93,,,,1,0,host->host
1791360209403,mesh4_baseline_adapt1_p4,botB,botA,video,out,470.88137056534157,0,0,2.166,1.617,21,960,540,2224.93,bandwidth,,,1,0,host->host
1791360209404,mesh4_baseline_adapt1_p4,botB,botC,audio,in,8.703585157387495,0,0,0,2,,,,,,0,,1,0,host->host
1791360209404,mesh4_baseline_adapt1_p4,botB,botC,video,in,249.94460788673703,0,0,2,2,20,640,360,,,,1,1,0,host->host
1791360209404,mesh4_baseline_adapt1_p4,botB,botC,audio,out,8.623735752273848,0,0,0.583,1.19,,,,2218.298,,,,1,0,host->host
1791360209404,mesh4_baseline_adapt1_p4,botB,botC,video,out,251.23816824957808,0,0,1.1440000000000001,1.511,20,640,360,2218.298,bandwidth,,,1,0,host->host
1791360209407,mesh4_baseline_adapt1_p4,botB,botD,audio,in,8.616130837149546,0,0,0,1,,,,,,0,,1,0,host->host
1791360209407,mesh4_baseline_adapt1_p4,botB,botD,video,in,240.53298709603212,0,0,1,1,20,480,270,,,,0,1,0,host->host
1791360209407,mesh4_baseline_adapt1_p4,botB,botD,audio,out,8.536277910021191,0,0,0.5199999999999999,1.2049999999999998,,,,2143.655,,,,1,0,host->host
1791360209407,mesh4_baseline_adapt1_p4,botB,botD,video,out,302.3631085715177,0,0,0.9549999999999998,1.8159999999999998,20,640,360,2143.655,bandwidth,,,1,0,host->host
1791360210406,mesh4_baseline_adapt1_p4,botB,botA,audio,in,8.42741898813089,0,0,1,1,,,,,,0,,1,0,host->host
1791360210406,mesh4_baseline_adapt1_p4,botB,botA,video,in,453.79087777628376,0,0,2,1,19,960,540,,,,1,1,0,host->host
1791360210406,mesh4_baseline_adapt1_p4,botB,botA,audio,out,8.73183146108619,0,0,1.375,1,,,,2224.93,,,,1,0,host->host
1791360210406,mesh4_baseline_adapt1_p4,botB,botA,video,out,453.846953758144,0,0,1.966,2.853,20,960,540,2224.93,bandwidth,,,1,0,host->host
1791360210408,mesh4_baseline_adapt1_p4,botB,botC,audio,in,8.693806088637725,0,0,1,1,,,,,,0,,1,0,host->host
1791360210408,mesh4_baseline_adapt1_p4,botB,botC,video,in,279.04724753860495,0,0,2,1,20,640,360,,,,1,1,0,host->host
1791360210408,mesh4_baseline_adapt1_p4,botB,botC,audio,out,8.60607043086248,0,0,0.8749999999999999,1.846,,,,2218.298,,,,1,0,host->host
1791360210408,mesh4_baseline_adapt1_p4,botB,botC,video,out,279.1110552897142,0,0,2.777,1.251,20,640,360,2218.298,bandwidth,,,1,0,host->host
1791360210409,mesh4_baseline_adapt1_p4,botB,botD,audio,in,8.586872556810468,0,0,1,1,,,,,,0,,1,0,host->host
1791360210409,mesh4_baseline_adapt1_p4,botB,botD,video,in,224.8134127060211,0,0,1,1,20,480,270,,,,0,1,0,host->host
1791360210409,mesh4_baseline_adapt1_p4,botB,botD,audio,out,8.491197096567452,0,0,1.062,2.67,,,,2143.655,,,,1,0,host->host
1791360210409,mesh4_baseline_adapt1_p4,botB,botD,video,out,285.25638471454494,0,0,1.433,5.614999999999999,20,640,360,2143.655,bandwidth,,,1,0,host->host
1791360211401,mesh4_baseline_adapt1_p4,botB,botA,audio,in,8.353111436946566,0,0,2,1,,,,,,0,,1,0,host->host
1791360211401,mesh4_baseline_adapt1_p4,botB,botA,video,in,484.09641224235156,0,0,2,1,20,960,540,,,,1,1,0,host->host
1791360211401,mesh4_baseline_adapt1_p4,botB,botA,audio,out,8.721160408306282,0,0,1.375,1,,,,2224.93,,,,1,0,host->host
1791360211401,mesh4_baseline_adapt1_p4,botB,botA,video,out,484.09641224235156,0,0,2.4219999999999997,2.2279999999999998,20,960,540,2224.93,bandwidth,,,1,0,host->host
1791360211402,mesh4_baseline_adapt1_p4,botB,botC,audio,in,8.76349225354739,0,0,1,1,,,,,,0,,1,0,host->host
1791360211402,mesh4_baseline_adapt1_p4,botB,botC,video,in,296.8733499653554,0,0,1,1,20,640,360,,,,1,1,0,host->host
1791360211402,mesh4_baseline_adapt1_p4,botB,botC,audio,out,8.610734131696564,0,0,0.8749999999999999,1.846,,,,2218.298,,,,1,0,host->host
1791360211402,mesh4_baseline_adapt1_p4,botB,botC,video,out,296.93766917455577,0,0,1.9549999999999996,1.282,20,640,360,2218.298,bandwidth,,,1,0,host->host
1791360211410,mesh4_baseline_adapt1_p4,botB,botD,audio,in,8.765774205194067,0,0,1,1,,,,,,0,,1,0,host->host
1791360211410,mesh4_baseline_adapt1_p4,botB,botD,video,in,276.54811318184727,0,0,1,1,20,640,360,,,,0,1,0,host->host
1791360211410,mesh4_baseline_adapt1_p4,botB,botD,audio,out,8.492346385949482,0,0,1.062,2.67,,,,2143.655,,,,1,0,host->host
1791360211410,mesh4_baseline_adapt1_p4,botB,botD,video,out,396.80005968667933,0,0,1.433,5.614999999999999,20,960,540,2143.655,bandwidth,,,1,0,host->host
1791360212401,mesh4_baseline_adapt1_p4,botB,botA,audio,in,9.25845249535094,0,0,1,1,,,,,,0,,1,0,host->host
1791360212401,mesh4_baseline_adapt1_p4,botB,botA,video,in,514.1922056990194,0,0,1,1,20,960,540,,,,1,1,0,host->host
1791360212401,mesh4_baseline_adapt1_p4,botB,botA,audio,out,8.314202370500974,0,0,1.375,1,,,,2224.93,,,,1,0,host->host
1791360212401,mesh4_baseline_adapt1_p4,botB,botA,video,out,514.0801760231897,0,0,1.4659999999999997,1.6019999999999999,21,960,540,2224.93,bandwidth,,,1,0,host->host
1791360212409,mesh4_baseline_adapt1_p4,botB,botC,audio,in,8.445428460971133,0,0,1,1,,,,,,0,,1,0,host->host
1791360212409,mesh4_baseline_adapt1_p4,botB,botC,video,in,325.3000909835077,0,0,1,1,20,640,360,,,,1,1,0,host->host
1791360212409,mesh4_baseline_adapt1_p4,botB,botC,audio,out,8.540857031151598,0,0,0.8749999999999999,1.846,,,,2218.298,,,,1,0,host->host
1791360212409,mesh4_baseline_adapt1_p4,botB,botC,video,out,325.2444243175691,0,0,1.6769999999999998,1.236,20,640,360,2218.298,bandwidth,,,1,0,host->host
1791360212412,mesh4_baseline_adapt1_p4,botB,botD,audio,in,8.663833148092179,0,0,1,3,,,,,,0,,1,0,host->host
1791360212412,mesh4_baseline_adapt1_p4,botB,botD,video,in,320.4664448300738,0,0,1,3,20,640,360,,,,0,1,0,host->host
1791360212412,mesh4_baseline_adapt1_p4,botB,botD,audio,out,8.481018320196654,0,0,1.062,2.67,,,,2143.655,,,,1,0,host->host
1791360212412,mesh4_baseline_adapt1_p4,botB,botD,video,out,499.823687937138,0,0,2.477,1.053,20,960,540,2143.655,bandwidth,,,1,0,host->host
1791360209558,mesh4_baseline_adapt1_p4,botC,botA,audio,in,8.72558556771449,0,0,1,2,,,,,,0,,1,0,host->host
1791360209558,mesh4_baseline_adapt1_p4,botC,botA,video,in,257.652933103173,0,0,1,2,20,640,360,,,,1,1,0,host->host
1791360209558,mesh4_baseline_adapt1_p4,botC,botA,audio,out,8.31732422463794,0,0,1,1,,,,2206.241,,,,1,0,host->host
1791360209558,mesh4_baseline_adapt1_p4,botC,botA,video,out,258.21329180935646,0,0,2.144,2.0599999999999996,20,640,360,2206.241,bandwidth,,,1,0,host->host
1791360209559,mesh4_baseline_adapt1_p4,botC,botB,audio,in,8.644590328116127,0,0,0,0,,,,,,0,,1,0,host->host
1791360209559,mesh4_baseline_adapt1_p4,botC,botB,video,in,258.2651403027731,0,0,2,0,20,640,360,,,,1,1,0,host->host
1791360209559,mesh4_baseline_adapt1_p4,botC,botB,audio,out,8.708624330546616,0,0,0.687,1,,,,2390.956,,,,1,0,host->host
1791360209559,mesh4_baseline_adapt1_p4,botC,botB,video,out,257.5767747766453,0,0,2.4879999999999995,2.09,20,640,360,2390.956,bandwidth,,,1,0,host->host
1791360209560,mesh4_baseline_adapt1_p4,botC,botD,audio,in,8.636368788117426,0,0,0,1,,,,,,0,,1,0,host->host
1791360209560,mesh4_baseline_adapt1_p4,botC,botD,video,in,240.64173087557967,0,0,1,1,20,480,270,,,,0,1,0,host->host
1791360209560,mesh4_baseline_adapt1_p4,botC,botD,audio,out,8.476287809653712,0,0,0.583,2.3040000000000003,,,,2280.847,,,,1,0,host->host
1791360209560,mesh4_baseline_adapt1_p4,botC,botD,video,out,240.7697956583506,0,0,0.977,2.487,20,480,270,2280.847,bandwidth,,,1,0,host->host
1791360210556,mesh4_baseline_adapt1_p4,botC,botA,audio,in,8.726325307577685,0,0,1,1,,,,,,0,,1,0,host->host
1791360210556,mesh4_baseline_adapt1_p4,botC,botA,video,in,277.8253827053839,0,0,1,1,20,640,360,,,,1,1,0,host->host
1791360210556,mesh4_baseline_adapt1_p4,botC,botA,audio,out,8.302017746750513,0,0,1,1,,,,2206.241,,,,1,0,host->host
1791360210556,mesh4_baseline_adapt1_p4,botC,botA,video,out,277.7693420841425,0,0,2.022,1.938,20,640,360,2206.241,bandwidth,,,1,0,host->host
1791360210559,mesh4_baseline_adapt1_p4,botC,botB,audio,in,8.633375305996356,0,0,0,2,,,,,,0,,1,0,host->host
1791360210559,mesh4_baseline_adapt1_p4,botC,botB,video,in,277.86974918075094,0,0,1,2,20,640,360,,,,1,1,0,host->host
1791360210559,mesh4_baseline_adapt1_p4,botC,botB,audio,out,8.729479669328411,0,0,0.687,1,,,,2390.956,,,,1,0,host->host
1791360210559,mesh4_baseline_adapt1_p4,botC,botB,video,out,277.86974918075094,0,0,1.766,2.0599999999999996,20,640,360,2390.956,bandwidth,,,1,0,host->host
1791360210560,mesh4_baseline_adapt1_p4,botC,botD,audio,in,8.618017743900488,0,0,1,1,,,,,,0,,1,0,host->host
1791360210560,mesh4_baseline_adapt1_p4,botC,botD,video,in,232.86252030199452,0,0,2,1,20,640,360,,,,0,1,0,host->host
1791360210560,mesh4_baseline_adapt1_p4,botC,botD,audio,out,8.457980274190172,0,0,0.583,2.3040000000000003,,,,2280.847,,,,1,0,host->host
1791360210560,mesh4_baseline_adapt1_p4,botC,botD,video,out,232.05433107995742,0,0,3.111,1.617,20,640,360,2280.847,bandwidth,,,1,0,host->host
1791360211557,mesh4_baseline_adapt1_p4,botC,botA,audio,in,8.719312417502232,0,0,1,1,,,,,,0,,1,0,host->host
1791360211557,mesh4_baseline_adapt1_p4,botC,botA,video,in,302.20816864295125,0,0,2,1,20,640,360,,,,1,1,0,host->host
1791360211557,mesh4_baseline_adapt1_p4,botC,botA,audio,out,9.207273938114742,0,0,1,1,,,,2206.241,,,,1,0,host->host
1791360211557,mesh4_baseline_adapt1_p4,botC,botA,video,out,302.2641642272838,0,0,2.9,2.609,20,640,360,2206.241,bandwidth,,,1,0,host->host
1791360211558,mesh4_baseline_adapt1_p4,botC,botB,audio,in,8.486489587180406,0,0,1,2,,,,,,0,,1,0,host->host
1791360211558,mesh4_baseline_adapt1_p4,botC,botB,video,in,302.2342088041459,0,0,1,2,20,640,360,,,,1,1,0,host->host
1791360211558,mesh4_baseline_adapt1_p4,botC,botB,audio,out,8.558476775007573,0,0,0.687,1,,,,2390.956,,,,1,0,host->host
1791360211558,mesh4_baseline_adapt1_p4,botC,botB,video,out,302.170220192744,0,0,2.2880000000000003,1.343,20,640,360,2390.956,bandwidth,,,1,0,host->host
1791360211559,mesh4_baseline_adapt1_p4,botC,botD,audio,in,8.72179503740638,0,0,1,1,,,,,,0,,1,0,host->host
1791360211559,mesh4_baseline_adapt1_p4,botC,botD,video,in,281.27388913294413,0,0,1,1,20,640,360,,,,0,1,0,host->host
1791360211559,mesh4_baseline_adapt1_p4,botC,botD,audio,out,9.377930076917686,0,0,0.583,2.3040000000000003,,,,2280.847,,,,1,0,host->host
1791360211559,mesh4_baseline_adapt1_p4,botC,botD,video,out,281.32990066070727,0,0,2.133,1.495,20,640,360,2280.847,bandwidth,,,1,0,host->host
1791360212559,mesh4_baseline_adapt1_p4,botC,botA,audio,in,8.423097231522304,0,0,1,1,,,,,,0,,1,0,host->host
1791360212559,mesh4_baseline_adapt1_p4,botC,botA,video,in,331.2604962505239,0,0,1,1,20,640,360,,,,1,1,0,host->host
1791360212559,mesh4_baseline_adapt1_p4,botC,botA,audio,out,7.503195824470961,0,0,1,1,,,,2206.241,,,,1,0,host->host
1791360212559,mesh4_baseline_adapt1_p4,botC,botA,video,out,331.2604962505239,0,0,1.7879999999999998,1.9529999999999998,20,640,360,2206.241,bandwidth,,,1,0,host->host
1791360212564,mesh4_baseline_adapt1_p4,botC,botB,audio,in,8.560219059405037,0,0,0,2,,,,,,0,,1,0,host->host
1791360212564,mesh4_baseline_adapt1_p4,botC,botB,video,in,330.3223393799306,0,0,1,2,20,640,360,,,,1,1,0,host->host
1791360212564,mesh4_baseline_adapt1_p4,botC,botB,audio,out,8.624041755094916,0,0,0.687,1,,,,2390.956,,,,1,0,host->host
1791360212564,mesh4_baseline_adapt1_p4,botC,botB,video,out,330.37818423865923,0,0,1.744,1.694,20,640,360,2390.956,bandwidth,,,1,0,host->host
1791360212567,mesh4_baseline_adapt1_p4,botC,botD,audio,in,8.656987445386534,0,0,0,3,,,,,,0,,1,0,host->host
1791360212567,mesh4_baseline_adapt1_p4,botC,botD,video,in,324.35905254090466,0,0,1,3,20,640,360,,,,0,1,0,host->host
1791360212567,mesh4_baseline_adapt1_p4,botC,botD,audio,out,8.315473261761193,0,0,1.458,1.8619999999999999,,,,2280.847,,,,1,0,host->host
1791360212567,mesh4_baseline_adapt1_p4,botC,botD,video,out,324.4146478731227,0,0,1.6879999999999997,1.099,20,640,360,2280.847,bandwidth,,,1,0,host->host
1791360213556,mesh4_baseline_adapt1_p4,botC,botA,audio,in,8.418123027609258,0,0,1,1,,,,,,0,,1,0,host->host
1791360213556,mesh4_baseline_adapt1_p4,botC,botA,video,in,358.6904607534078,0,0,2,1,20,960,540,,,,1,1,0,host->host
1791360213556,mesh4_baseline_adapt1_p4,botC,botA,audio,out,8.082038267951853,0,0,1,1,,,,2206.241,,,,1,0,host->host
1791360213556,mesh4_baseline_adapt1_p4,botC,botA,video,out,358.74647488001733,0,0,4.966,2.8989999999999996,20,960,540,2206.241,bandwidth,,,1,0,host->host
1791360213557,mesh4_baseline_adapt1_p4,botC,botB,audio,in,8.474408043032536,0,0,0,0,,,,,,0,,1,0,host->host
1791360213557,mesh4_baseline_adapt1_p4,botC,botB,video,in,359.7209664099749,0,0,3,0,20,960,540,,,,1,1,0,host->host
1791360213557,mesh4_baseline_adapt1_p4,botC,botB,audio,out,8.731208286760795,0,0,1.9369999999999998,2.67,,,,2390.956,,,,1,0,host->host
1791360213557,mesh4_baseline_adapt1_p4,botC,botB,video,out,359.8333165166059,0,0,1.333,1.48,20,960,540,2390.956,bandwidth,,,1,0,host->host
1791360213561,mesh4_baseline_adapt1_p4,botC,botD,audio,in,8.776095447979383,0,0,1,3,,,,,,0,,1,0,host->host
1791360213561,mesh4_baseline_adapt1_p4,botC,botD,video,in,326.39023602769555,0,0,1,3,20,640,360,,,,0,1,0,host->host
1791360213561,mesh4_baseline_adapt1_p4,botC,botD,audio,out,7.487861253780574,0,0,1.458,1.8619999999999999,,,,2280.847,,,,1,0,host->host
1791360213561,mesh4_baseline_adapt1_p4,botC,botD,video,out,326.3821845639818,0,0,1.166,9.43,20,640,360,2280.847,bandwidth,,,1,0,host->host
1791360210690,mesh4_baseline_adapt1_p4,botD,botA,audio,in,8.474373072733012,0,0,2,2,,,,,,0,,1,0,host->host
1791360210690,mesh4_baseline_adapt1_p4,botD,botA,video,in,225.8152348814475,0,0,4,2,20,640,360,,,,0,1,0,host->host
1791360210690,mesh4_baseline_adapt1_p4,botD,botA,audio,out,8.618413408246889,0,0,0.7699999999999999,1.587,,,,2193.29,,,,1,0,host->host
1791360210690,mesh4_baseline_adapt1_p4,botD,botA,video,out,285.6799987691866,0,0,1.5,1,19,960,540,2193.29,bandwidth,,,1,0,host->host
1791360210692,mesh4_baseline_adapt1_p4,botD,botB,audio,in,8.514323978078002,0,0,0,1,,,,,,0,,1,0,host->host
1791360210692,mesh4_baseline_adapt1_p4,botD,botB,video,in,271.89821440520143,0,0,5,1,20,960,540,,,,0,1,0,host->host
1791360210692,mesh4_baseline_adapt1_p4,botD,botB,audio,out,8.618352372547,0,0,0.687,1.129,,,,2225.582,,,,1,0,host->host
1791360210692,mesh4_baseline_adapt1_p4,botD,botB,video,out,214.522553763454,0,0,1.1219999999999999,1,19,640,360,2225.582,bandwidth,,,1,0,host->host
1791360210695,mesh4_baseline_adapt1_p4,botD,botC,audio,in,8.437019779590543,0,0,1,2,,,,,,0,,1,0,host->host
1791360210695,mesh4_baseline_adapt1_p4,botD,botC,video,in,221.97206687670374,0,0,2,2,19,640,360,,,,0,1,0,host->host
1791360210695,mesh4_baseline_adapt1_p4,botD,botC,audio,out,8.621129319372878,0,0,0.833,1.7239999999999998,,,,2198.068,,,,1,0,host->host
1791360210695,mesh4_baseline_adapt1_p4,botD,botC,video,out,222.48437168305458,0,0,1.7329999999999999,1.251,20,640,360,2198.068,bandwidth,,,1,0,host->host
1791360211689,mesh4_baseline_adapt1_p4,botD,botA,audio,in,8.337015666703536,0,0,1,3,,,,,,0,,1,0,host->host
1791360211689,mesh4_baseline_adapt1_p4,botD,botA,video,in,295.3799850128226,0,0,2,3,20,640,360,,,,0,1,0,host->host
1791360211689,mesh4_baseline_adapt1_p4,botD,botA,audio,out,8.721062453653412,0,0,0.7699999999999999,1.587,,,,2193.29,,,,1,0,host->host
1791360211689,mesh4_baseline_adapt1_p4,botD,botA,video,out,436.30915387397044,0,0,2.9659999999999997,1.541,19,960,540,2193.29,bandwidth,,,1,0,host->host
1791360211692,mesh4_baseline_adapt1_p4,botD,botB,audio,in,8.369689876349547,0,0,1,1,,,,,,0,,1,0,host->host
1791360211692,mesh4_baseline_adapt1_p4,botD,botB,video,in,439.5447459728808,0,0,2,1,20,960,540,,,,0,1,0,host->host
1791360211692,mesh4_baseline_adapt1_p4,botD,botB,audio,out,8.721760961014347,0,0,1.791,1.7699999999999998,,,,2225.582,,,,1,0,host->host
1791360211692,mesh4_baseline_adapt1_p4,botD,botB,video,out,311.2548436903643,0,0,2.5,1.495,20,640,360,2225.582,bandwidth,,,1,0,host->host
1791360211694,mesh4_baseline_adapt1_p4,botD,botC,audio,in,8.56364082248172,0,0,1,1,,,,,,0,,1,0,host->host
1791360211694,mesh4_baseline_adapt1_p4,botD,botC,video,in,304.56496631963466,0,0,1,1,20,640,360,,,,0,1,0,host->host
1791360211694,mesh4_baseline_adapt1_p4,botD,botC,audio,out,8.715563488800257,0,0,1.5,1.2049999999999998,,,,2198.068,,,,1,0,host->host
1791360211694,mesh4_baseline_adapt1_p4,botD,botC,video,out,304.508994810991,0,0,1.977,1,20,640,360,2198.068,bandwidth,,,1,0,host->host
1791360212691,mesh4_baseline_adapt1_p4,botD,botA,audio,in,8.490999928752892,0,0,1,3,,,,,,0,,1,0,host->host
1791360212691,mesh4_baseline_adapt1_p4,botD,botA,video,in,324.96064134108525,0,0,1,3,20,640,360,,,,0,1,0,host->host
1791360212691,mesh4_baseline_adapt1_p4,botD,botA,audio,out,8.714868100132442,0,0,0.7699999999999999,1.587,,,,2193.29,,,,1,0,host->host
1791360212691,mesh4_baseline_adapt1_p4,botD,botA,video,out,516.2879749522498,0,0,2.144,1,19,960,540,2193.29,bandwidth,,,1,0,host->host
1791360212694,mesh4_baseline_adapt1_p4,botD,botB,audio,in,8.514708241090446,0,0,0,1,,,,,,0,,1,0,host->host
1791360212694,mesh4_baseline_adapt1_p4,botD,botB,video,in,510.6348809987534,0,0,1,1,20,960,540,,,,0,1,0,host->host
1791360212694,mesh4_baseline_adapt1_p4,botD,botB,audio,out,8.706408989482727,0,0,1.791,1.7699999999999998,,,,2225.582,,,,1,0,host->host
1791360212694,mesh4_baseline_adapt1_p4,botD,botB,video,out,324.32571615500603,0,0,2.388,1,20,640,360,2225.582,bandwidth,,,1,0,host->host
1791360212696,mesh4_baseline_adapt1_p4,botD,botC,audio,in,8.270409227249074,0,0,1,1,,,,,,0,,1,0,host->host
1791360212696,mesh4_baseline_adapt1_p4,botD,botC,video,in,324.1984451040657,0,0,1,1,20,640,360,,,,0,1,0,host->host
1791360212696,mesh4_baseline_adapt1_p4,botD,botC,audio,out,9.691386874401905,0,0,1.5,1.2049999999999998,,,,2198.068,,,,1,0,host->host
1791360212696,mesh4_baseline_adapt1_p4,botD,botC,video,out,324.2064281245554,0,0,1.2439999999999998,1.694,20,640,360,2198.068,bandwidth,,,1,0,host->host
1791360213692,mesh4_baseline_adapt1_p4,botD,botA,audio,in,8.47851135350477,0,0,1,3,,,,,,0,,1,0,host->host
1791360213692,mesh4_baseline_adapt1_p4,botD,botA,video,in,327.48150214701127,0,0,2,3,20,640,360,,,,0,1,0,host->host
1791360213692,mesh4_baseline_adapt1_p4,botD,botA,audio,out,8.71025200312931,0,0,0.7699999999999999,1.587,,,,2193.29,,,,1,0,host->host
1791360213692,mesh4_baseline_adapt1_p4,botD,botA,video,out,513.1377267238032,0,0,2.144,1,19,960,540,2193.29,bandwidth,,,1,0,host->host
1791360213701,mesh4_baseline_adapt1_p4,botD,botB,audio,in,8.32694119873497,0,0,1,1,,,,,,0,,1,0,host->host
1791360213701,mesh4_baseline_adapt1_p4,botD,botB,video,in,538.4941772329712,0,0,2,1,20,960,540,,,,0,1,0,host->host
1791360213701,mesh4_baseline_adapt1_p4,botD,botB,audio,out,9.685463275304015,0,0,1.791,1.7699999999999998,,,,2225.582,,,,1,0,host->host
1791360213701,mesh4_baseline_adapt1_p4,botD,botB,video,out,326.9083594605088,0,0,2.022,2.1670000000000003,20,640,360,2225.582,bandwidth,,,1,0,host->host
1791360213702,mesh4_baseline_adapt1_p4,botD,botC,audio,in,8.196167643925632,0,0,2,1,,,,,,0,,1,0,host->host
1791360213702,mesh4_baseline_adapt1_p4,botD,botC,video,in,325.26304476354727,0,0,1,1,20,640,360,,,,0,1,0,host->host
1791360213702,mesh4_baseline_adapt1_p4,botD,botC,audio,out,8.649302033551008,0,0,1.5,1.2049999999999998,,,,2198.068,,,,1,0,host->host
1791360213702,mesh4_baseline_adapt1_p4,botD,botC,video,out,325.2073966806109,0,0,1.755,1.053,20,640,360,2198.068,bandwidth,,,1,0,host->host
1791360214701,mesh4_baseline_adapt1_p4,botD,botA,audio,in,8.229461193139604,0,0,2,1,,,,,,0,,1,0,host->host
1791360214701,mesh4_baseline_adapt1_p4,botD,botA,video,in,322.2886662615603,0,0,4,1,20,960,540,,,,0,1,0,host->host
1791360214701,mesh4_baseline_adapt1_p4,botD,botA,audio,out,9.64888376327415,0,0,0.7909999999999999,10.482999999999999,,,,2193.29,,,,1,0,host->host
1791360214701,mesh4_baseline_adapt1_p4,botD,botA,video,out,546.4138952289845,0,0,6.444,2.7009999999999996,21,960,540,2193.29,bandwidth,,,1,0,host->host
1791360214705,mesh4_baseline_adapt1_p4,botD,botB,audio,in,8.250684277384252,0,0,3,1,,,,,,0,,1,0,host->host
1791360214705,mesh4_baseline_adapt1_p4,botD,botB,video,in,505.4592265311808,0,0,3,1,20,960,540,,,,0,1,0,host->host
1791360214705,mesh4_baseline_adapt1_p4,botD,botB,audio,out,8.606658191557111,0,0,1.791,1.7699999999999998,,,,2225.582,,,,1,0,host->host
1791360214705,mesh4_baseline_adapt1_p4,botD,botB,video,out,319.30069048162795,0,0,5.111,2.9909999999999997,20,960,540,2225.582,bandwidth,,,1,0,host->host
1791360214708,mesh4_baseline_adapt1_p4,botD,botC,audio,in,8.193127750560997,0,0,2,4,,,,,,0,,1,0,host->host
1791360214708,mesh4_baseline_adapt1_p4,botD,botC,video,in,321.6440239585507,0,0,3,4,20,960,540,,,,0,1,0,host->host
1791360214708,mesh4_baseline_adapt1_p4,botD,botC,audio,out,8.67132586829802,0,0,1.5,1.2049999999999998,,,,2198.068,,,,1,0,host->host
1791360214708,mesh4_baseline_adapt1_p4,botD,botC,video,out,321.76357348798496,0,0,1.755,1.053,20,960,540,2198.068,bandwidth,,,1,0,host->host
1791360212350,mesh4_baseline_adapt1_p4,botA,botB,audio,in,8.311841717857911,0,0,1,2,,,,,,0,,1,0,host->host
1791360212350,mesh4_baseline_adapt1_p4,botA,botB,video,in,511.42226100186565,0,0,1,2,20,960,540,,,,1,1,0,host->host
1791360212350,mesh4_baseline_adapt1_p4,botA,botB,audio,out,9.16782541738707,0,0,1.7499999999999998,2.182,,,,2240.372,,,,1,0,host->host
1791360212350,mesh4_baseline_adapt1_p4,botA,botB,video,out,511.5342588690937,0,0,2.088,1,21,960,540,2240.372,bandwidth,,,1,0,host->host
1791360212352,mesh4_baseline_adapt1_p4,botA,botC,audio,in,8.40985841962957,0,0,1,1,,,,,,0,,1,0,host->host
1791360212352,mesh4_baseline_adapt1_p4,botA,botC,video,in,324.9365031128981,0,0,1,1,20,640,360,,,,1,1,0,host->host
1791360212352,mesh4_baseline_adapt1_p4,botA,botC,audio,out,9.495001441517255,0,0,1.7699999999999998,2.014,,,,2214.222,,,,1,0,host->host
1791360212352,mesh4_baseline_adapt1_p4,botA,botC,video,out,324.8806501632421,0,0,1.4549999999999998,2.5789999999999997,20,640,360,2214.222,bandwidth,,,1,0,host->host
1791360212354,mesh4_baseline_adapt1_p4,botA,botD,audio,in,8.729501270229157,0,0,1,1,,,,,,0,,1,0,host->host
1791360212354,mesh4_baseline_adapt1_p4,botA,botD,video,in,498.6757550874366,0,0,2,1,20,960,540,,,,0,1,0,host->host
1791360212354,mesh4_baseline_adapt1_p4,botA,botD,audio,out,9.216692100498122,0,0,1.666,1.3579999999999999,,,,2217.866,,,,1,0,host->host
1791360212354,mesh4_baseline_adapt1_p4,botA,botD,video,out,320.3718979439179,0,0,2.333,2.396,20,640,360,2217.866,bandwidth,,,1,0,host->host
1791360213347,mesh4_baseline_adapt1_p4,botA,botB,audio,in,8.719859494451507,0,0,1,2,,,,,,0,,1,0,host->host
1791360213347,mesh4_baseline_adapt1_p4,botA,botB,video,in,483.0002172816551,0,0,1,2,19,960,540,,,,1,1,0,host->host
1791360213347,mesh4_baseline_adapt1_p4,botA,botB,audio,out,7.7838745762397386,0,0,1.7499999999999998,2.182,,,,2240.372,,,,1,0,host->host
1791360213347,mesh4_baseline_adapt1_p4,botA,botB,video,out,515.3036967666048,0,0,1.533,1,20,960,540,2240.372,bandwidth,,,1,0,host->host
1791360213352,mesh4_baseline_adapt1_p4,botA,botC,audio,in,8.103848581739328,0,0,1,0,,,,,,0,,1,0,host->host
1791360213352,mesh4_baseline_adapt1_p4,botA,botC,video,in,338.13909978241634,0,0,4,0,20,960,540,,,,1,1,0,host->host
1791360213352,mesh4_baseline_adapt1_p4,botA,botC,audio,out,8.288391668254183,0,0,1.7699999999999998,2.014,,,,2214.222,,,,1,0,host->host
1791360213352,mesh4_baseline_adapt1_p4,botA,botC,video,out,338.0829344952162,0,0,3.266,2.731,20,960,540,2214.222,bandwidth,,,1,0,host->host
1791360213353,mesh4_baseline_adapt1_p4,botA,botD,audio,in,8.725086793765506,0,0,0,1,,,,,,0,,1,0,host->host
1791360213353,mesh4_baseline_adapt1_p4,botA,botD,video,in,519.7830375717093,0,0,2,1,20,960,540,,,,0,1,0,host->host
1791360213353,mesh4_baseline_adapt1_p4,botA,botD,audio,out,7.780536113339515,0,0,1.666,1.3579999999999999,,,,2217.866,,,,1,0,host->host
1791360213353,mesh4_baseline_adapt1_p4,botA,botD,video,out,326.3822834210961,0,0,2.055,1.8159999999999998,20,640,360,2217.866,bandwidth,,,1,0,host->host
1791360214348,mesh4_baseline_adapt1_p4,botA,botB,audio,in,8.7192081187939,0,0,1,2,,,,,,0,,1,0,host->host
1791360214348,mesh4_baseline_adapt1_p4,botA,botB,video,in,539.8709687499083,0,0,2,2,21,960,540,,,,1,1,0,host->host
1791360214348,mesh4_baseline_adapt1_p4,botA,botB,audio,out,8.207254614571138,0,0,1.7499999999999998,2.182,,,,2240.372,,,,1,0,host->host
1791360214348,mesh4_baseline_adapt1_p4,botA,botB,video,out,507.5139074283292,0,0,2.366,1.007,21,960,540,2240.372,bandwidth,,,1,0,host->host
1791360214350,mesh4_baseline_adapt1_p4,botA,botC,audio,in,8.069800449968389,0,0,2,0,,,,,,0,,1,0,host->host
1791360214350,mesh4_baseline_adapt1_p4,botA,botC,video,in,506.05638722737405,0,0,2,0,20,960,540,,,,1,1,0,host->host
1791360214350,mesh4_baseline_adapt1_p4,botA,botC,audio,out,8.716982466252981,0,0,1.7699999999999998,2.014,,,,2214.222,,,,1,0,host->host
1791360214350,mesh4_baseline_adapt1_p4,botA,botC,video,out,506.11231653742334,0,0,2.133,1.877,20,960,540,2214.222,bandwidth,,,1,0,host->host
1791360214353,mesh4_baseline_adapt1_p4,botA,botD,audio,in,8.708426942255244,0,0,1,6,,,,,,0,,1,0,host->host
1791360214353,mesh4_baseline_adapt1_p4,botA,botD,video,in,521.5682789527535,0,0,2,6,20,960,540,,,,0,1,0,host->host
1791360214353,mesh4_baseline_adapt1_p4,botA,botD,audio,out,8.267798164128255,0,0,1.666,1.3579999999999999,,,,2217.866,,,,1,0,host->host
1791360214353,mesh4_baseline_adapt1_p4,botA,botD,video,out,326.2896159192011,0,0,1.877,1.694,20,640,360,2217.866,bandwidth,,,1,0,host->host
1791360215348,mesh4_baseline_adapt1_p4,botA,botB,audio,in,8.720819705953808,0,0,1,0,,,,,,0,,1,0,host->host
1791360215348,mesh4_baseline_adapt1_p4,botA,botB,video,in,467.98798812876703,0,0,2,0,19,960,540,,,,1,1,0,host->host
1791360215348,mesh4_baseline_adapt1_p4,botA,botB,audio,out,8.464795641191861,0,0,1.7499999999999998,2.182,,,,2240.372,,,,1,0,host->host
1791360215348,mesh4_baseline_adapt1_p4,botA,botB,video,out,497.3907518162718,0,0,2.366,1.007,21,960,540,2240.372,bandwidth,,,1,0,host->host
1791360215350,mesh4_baseline_adapt1_p4,botA,botC,audio,in,8.081179820686712,0,0,1,0,,,,,,0,,1,0,host->host
1791360215350,mesh4_baseline_adapt1_p4,botA,botC,video,in,501.4332072895408,0,0,2,0,19,960,540,,,,1,1,0,host->host
1791360215350,mesh4_baseline_adapt1_p4,botA,botC,audio,out,8.417228882537051,0,0,2.77,1.648,,,,2214.222,,,,1,0,host->host
1791360215350,mesh4_baseline_adapt1_p4,botA,botC,video,out,501.4332072895408,0,0,2.133,1.877,20,960,540,2214.222,bandwidth,,,1,0,host->host
1791360215353,mesh4_baseline_adapt1_p4,botA,botD,audio,in,8.726858339109764,0,0,2,6,,,,,,0,,1,0,host->host
1791360215353,mesh4_baseline_adapt1_p4,botA,botD,video,in,512.2585782136889,0,0,4,6,20,960,540,,,,0,1,0,host->host
1791360215353,mesh4_baseline_adapt1_p4,botA,botD,audio,out,8.494675869537119,0,0,1.7289999999999999,1,,,,2217.866,,,,1,0,host->host
1791360215353,mesh4_baseline_adapt1_p4,botA,botD,video,out,401.73972269710987,0,0,5.044,1.0219999999999998,20,960,540,2217.866,bandwidth,,,1,0,host->host
1791360216349,mesh4_baseline_adapt1_p4,botA,botB,audio,in,8.719284746173166,0,0,2,0,,,,,,0,,1,0,host->host
1791360216349,mesh4_baseline_adapt1_p4,botA,botB,video,in,1118.9482112795433,0,0,7,0,20,1280,720,,,,1,1,0,host->host
1791360216349,mesh4_baseline_adapt1_p4,botA,botB,audio,out,8.191328055120477,0,0,1.7499999999999998,2.182,,,,6142.023,,,,1,0,host->host
1791360216349,mesh4_baseline_adapt1_p4,botA,botB,video,out,1139.9384894207897,0,0,4.510999999999999,1.328,21,1280,720,6142.023,none,,,1,0,host->host
1791360216350,mesh4_baseline_adapt1_p4,botA,botC,audio,in,8.053060711483479,0,0,2,1,,,,,,0,,1,0,host->host
1791360216350,mesh4_baseline_adapt1_p4,botA,botC,video,in,524.7204821482394,0,0,4,1,20,960,540,,,,1,1,0,host->host
1791360216350,mesh4_baseline_adapt1_p4,botA,botC,audio,out,7.757168709174752,0,0,2.77,1.648,,,,2214.222,,,,1,0,host->host
1791360216350,mesh4_baseline_adapt1_p4,botA,botC,video,out,524.664502580235,0,0,2.6,1.389,20,960,540,2214.222,bandwidth,,,1,0,host->host
1791360216352,mesh4_baseline_adapt1_p4,botA,botD,audio,in,8.71246380389229,0,0,1,6,,,,,,0,,1,0,host->host
1791360216352,mesh4_baseline_adapt1_p4,botA,botD,video,in,525.5534014401118,0,0,3,6,20,960,540,,,,0,1,0,host->host
1791360216352,mesh4_baseline_adapt1_p4,botA,botD,audio,out,8.232878640375281,0,0,1.7289999999999999,1,,,,2217.866,,,,1,0,host->host
1791360216352,mesh4_baseline_adapt1_p4,botA,botD,video,out,507.94463285297905,0,0,4.233,1.266,20,960,540,2217.866,bandwidth,,,1,0,host->host
1791360213402,mesh4_baseline_adapt1_p4,botB,botA,audio,in,7.6790944817786375,0,0,0,1,,,,,,0,,1,0,host->host
1791360213402,mesh4_baseline_adapt1_p4,botB,botA,video,in,510.3718169952127,0,0,2,1,20,960,540,,,,1,1,0,host->host
1791360213402,mesh4_baseline_adapt1_p4,botB,botA,audio,out,8.718971859519495,0,0,1.375,1,,,,2224.93,,,,1,0,host->host
1791360213402,mesh4_baseline_adapt1_p4,botB,botA,video,out,510.3718169952127,0,0,1.4659999999999997,1.6019999999999999,21,960,540,2224.93,bandwidth,,,1,0,host->host
1791360213403,mesh4_baseline_adapt1_p4,botB,botC,audio,in,8.761740194437024,0,0,1,0,,,,,,0,,1,0,host->host
1791360213403,mesh4_baseline_adapt1_p4,botB,botC,video,in,343.6370580845713,0,0,2,0,19,960,540,,,,1,1,0,host->host
1791360213403,mesh4_baseline_adapt1_p4,botB,botC,audio,out,8.48843820672064,0,0,0.8749999999999999,1.846,,,,2218.298,,,,1,0,host->host
1791360213403,mesh4_baseline_adapt1_p4,botB,botC,video,out,343.5245219719822,0,0,4.210999999999999,1,20,960,540,2218.298,bandwidth,,,1,0,host->host
1791360213405,mesh4_baseline_adapt1_p4,botB,botD,audio,in,8.770615185978064,0,0,1,3,,,,,,0,,1,0,host->host
1791360213405,mesh4_baseline_adapt1_p4,botB,botD,video,in,326.50827799689716,0,0,1,3,20,640,360,,,,0,1,0,host->host
1791360213405,mesh4_baseline_adapt1_p4,botB,botD,audio,out,8.384386260357012,0,0,1.062,2.67,,,,2143.655,,,,1,0,host->host
1791360213405,mesh4_baseline_adapt1_p4,botB,botD,video,out,518.3674967991549,0,0,1.5999999999999999,1.099,20,960,540,2143.655,bandwidth,,,1,0,host->host
1791360214406,mesh4_baseline_adapt1_p4,botB,botA,audio,in,8.195698448715161,0,0,2,2,,,,,,0,,1,0,host->host
1791360214406,mesh4_baseline_adapt1_p4,botB,botA,video,in,507.83774744353445,0,0,2,2,20,960,540,,,,1,1,0,host->host
1791360214406,mesh4_baseline_adapt1_p4,botB,botA,audio,out,8.706931100486868,0,0,1.375,1,,,,2224.93,,,,1,0,host->host
1791360214406,mesh4_baseline_adapt1_p4,botB,botA,video,out,507.893663514822,0,0,1.9329999999999998,1.053,20,960,540,2224.93,bandwidth,,,1,0,host->host
1791360214407,mesh4_baseline_adapt1_p4,botB,botC,audio,in,8.68847035562354,0,0,1,0,,,,,,0,,1,0,host->host
1791360214407,mesh4_baseline_adapt1_p4,botB,botC,video,in,505.44578463310876,0,0,2,0,20,960,540,,,,1,1,0,host->host
1791360214407,mesh4_baseline_adapt1_p4,botB,botC,audio,out,8.417453849117852,0,0,0.8749999999999999,2.502,,,,2218.298,,,,1,0,host->host
1791360214407,mesh4_baseline_adapt1_p4,botB,botC,video,out,505.3979581907843,0,0,4.210999999999999,1,20,960,540,2218.298,bandwidth,,,1,0,host->host
1791360214411,mesh4_baseline_adapt1_p4,botB,botD,audio,in,8.684982304015913,0,0,1,6,,,,,,0,,1,0,host->host
1791360214411,mesh4_baseline_adapt1_p4,botB,botD,video,in,323.91796844509986,0,0,1,6,20,640,360,,,,0,1,0,host->host
1791360214411,mesh4_baseline_adapt1_p4,botB,botD,audio,out,8.302524367692275,0,0,1.916,4.242,,,,2143.655,,,,1,0,host->host
1791360214411,mesh4_baseline_adapt1_p4,botB,botD,video,out,511.93588351653426,0,0,2.766,1.9989999999999999,21,960,540,2143.655,bandwidth,,,1,0,host->host
1791360215403,mesh4_baseline_adapt1_p4,botB,botA,audio,in,8.458552328846803,0,0,1,2,,,,,,0,,1,0,host->host
1791360215403,mesh4_baseline_adapt1_p4,botB,botA,video,in,499.87805705212315,0,0,2,2,20,960,540,,,,1,1,0,host->host
1791360215403,mesh4_baseline_adapt1_p4,botB,botA,audio,out,9.641790272768661,0,0,1.375,1,,,,2224.93,,,,1,0,host->host
1791360215403,mesh4_baseline_adapt1_p4,botB,botA,video,out,499.93402100893024,0,0,2.522,3.098,20,960,540,2224.93,bandwidth,,,1,0,host->host
1791360215404,mesh4_baseline_adapt1_p4,botB,botC,audio,in,8.744326562788814,0,0,1,0,,,,,,0,,1,0,host->host
1791360215404,mesh4_baseline_adapt1_p4,botB,botC,video,in,506.02374917525685,0,0,3,0,20,960,540,,,,1,1,0,host->host
1791360215404,mesh4_baseline_adapt1_p4,botB,botC,audio,out,8.471567752573383,0,0,0.8749999999999999,2.502,,,,2218.298,,,,1,0,host->host
1791360215404,mesh4_baseline_adapt1_p4,botB,botC,video,out,506.02374917525685,0,0,2.5109999999999997,1.74,20,960,540,2218.298,bandwidth,,,1,0,host->host
1791360215408,mesh4_baseline_adapt1_p4,botB,botD,audio,in,8.729872257885383,0,0,2,6,,,,,,0,,1,0,host->host
1791360215408,mesh4_baseline_adapt1_p4,botB,botD,video,in,412.8428672268053,0,0,3,6,20,960,540,,,,0,1,0,host->host
1791360215408,mesh4_baseline_adapt1_p4,botB,botD,audio,out,8.3053922306671,0,0,1.916,4.242,,,,2143.655,,,,1,0,host->host
1791360215408,mesh4_baseline_adapt1_p4,botB,botD,video,out,505.3394678748037,0,0,4.343999999999999,2.35,21,960,540,2143.655,bandwidth,,,1,0,host->host
1791360216403,mesh4_baseline_adapt1_p4,botB,botA,audio,in,8.208384705408061,0,0,2,2,,,,,,0,,1,0,host->host
1791360216403,mesh4_baseline_adapt1_p4,botB,botA,video,in,1146.905330562177,0,0,4,2,20,1280,720,,,,1,1,0,host->host
1791360216403,mesh4_baseline_adapt1_p4,botB,botA,audio,out,7.8075846709643075,0,0,1.375,1,,,,5874.79,,,,1,0,host->host
1791360216403,mesh4_baseline_adapt1_p4,botB,botA,video,out,1105.5347510068925,0,0,8.687999999999999,2.686,19,1280,720,5874.79,none,,,1,0,host->host
1791360216404,mesh4_baseline_adapt1_p4,botB,botC,audio,in,8.719521022404775,0,0,2,2,,,,,,0,,1,0,host->host
1791360216404,mesh4_baseline_adapt1_p4,botB,botC,video,in,522.9952710117242,0,0,2,2,20,960,540,,,,1,1,0,host->host
1791360216404,mesh4_baseline_adapt1_p4,botB,botC,audio,out,8.407538160135244,0,0,0.8749999999999999,2.502,,,,2218.298,,,,1,0,host->host
1791360216404,mesh4_baseline_adapt1_p4,botB,botC,video,out,522.9952710117242,0,0,4,1.297,20,960,540,2218.298,bandwidth,,,1,0,host->host
1791360216408,mesh4_baseline_adapt1_p4,botB,botD,audio,in,8.733336675024972,0,0,1,6,,,,,,0,,1,0,host->host
1791360216408,mesh4_baseline_adapt1_p4,botB,botD,video,in,506.862028806197,0,0,2,6,20,960,540,,,,0,1,0,host->host
1791360216408,mesh4_baseline_adapt1_p4,botB,botD,audio,out,8.284651488051212,0,0,1.916,4.242,,,,2143.655,,,,1,0,host->host
1791360216408,mesh4_baseline_adapt1_p4,botB,botD,video,out,519.1928592124937,0,0,4.343999999999999,2.35,20,960,540,2143.655,bandwidth,,,1,0,host->host
1791360217405,mesh4_baseline_adapt1_p4,botB,botA,audio,in,8.18275540609912,0,0,2,1,,,,,,0,,1,0,host->host
1791360217405,mesh4_baseline_adapt1_p4,botB,botA,video,in,684.2319285909394,0,0,3,1,20,1280,720,,,,1,1,0,host->host
1791360217405,mesh4_baseline_adapt1_p4,botB,botA,audio,out,8.670681192777565,0,0,1.9789999999999999,1.678,,,,5874.79,,,,1,0,host->host
1791360217405,mesh4_baseline_adapt1_p4,botB,botA,video,out,719.066630246425,0,0,5.377,1.4189999999999998,21,1280,720,5874.79,none,,,1,0,host->host
1791360217406,mesh4_baseline_adapt1_p4,botB,botC,audio,in,8.70540951262106,0,0,1,2,,,,,,0,,1,0,host->host
1791360217406,mesh4_baseline_adapt1_p4,botB,botC,video,in,505.64053362711184,0,0,2,2,20,960,540,,,,1,1,0,host->host
1791360217406,mesh4_baseline_adapt1_p4,botB,botC,audio,out,8.369971714887036,0,0,1.7499999999999998,1.74,,,,2218.298,,,,1,0,host->host
1791360217406,mesh4_baseline_adapt1_p4,botB,botC,video,out,530.0396401051461,0,0,2.444,1,20,960,540,2218.298,bandwidth,,,1,0,host->host
1791360217407,mesh4_baseline_adapt1_p4,botB,botD,audio,in,8.70493213651175,0,0,1,5,,,,,,0,,1,0,host->host
1791360217407,mesh4_baseline_adapt1_p4,botB,botD,video,in,512.8323093083505,0,0,3,5,20,960,540,,,,0,1,0,host->host
1791360217407,mesh4_baseline_adapt1_p4,botB,botD,audio,out,8.24972008900609,0,0,1.916,4.242,,,,2143.655,,,,1,0,host->host
1791360217407,mesh4_baseline_adapt1_p4,botB,botD,video,out,523.110518170452,0,0,4.066,1,21,960,540,2143.655,bandwidth,,,1,0,host->host
1791360214557,mesh4_baseline_adapt1_p4,botC,botA,audio,in,8.718699432286835,0,0,3,1,,,,,,0,,1,0,host->host
1791360214557,mesh4_baseline_adapt1_p4,botC,botA,video,in,513.2194430957687,0,0,1,1,20,960,540,,,,1,1,0,host->host
1791360214557,mesh4_baseline_adapt1_p4,botC,botA,audio,out,8.078794886797892,0,0,1,1,,,,2206.241,,,,1,0,host->host
1791360214557,mesh4_baseline_adapt1_p4,botC,botA,video,out,513.1634514480384,0,0,2.544,2.67,20,960,540,2206.241,bandwidth,,,1,0,host->host
1791360214559,mesh4_baseline_adapt1_p4,botC,botB,audio,in,8.44192824204076,0,0,2,0,,,,,,0,,1,0,host->host
1791360214559,mesh4_baseline_adapt1_p4,botC,botB,video,in,512.9350774564973,0,0,2,0,20,960,540,,,,1,1,0,host->host
1791360214559,mesh4_baseline_adapt1_p4,botC,botB,audio,out,8.713732749833738,0,0,1.9369999999999998,2.67,,,,2390.956,,,,1,0,host->host
1791360214559,mesh4_baseline_adapt1_p4,botC,botB,video,out,512.9830429578726,0,0,2.277,3.6159999999999997,20,960,540,2390.956,bandwidth,,,1,0,host->host
1791360214560,mesh4_baseline_adapt1_p4,botC,botD,audio,in,8.726065211830587,0,0,2,1,,,,,,0,,1,0,host->host
1791360214560,mesh4_baseline_adapt1_p4,botC,botD,video,in,335.05688744105095,0,0,5,1,20,960,540,,,,0,1,0,host->host
1791360214560,mesh4_baseline_adapt1_p4,botC,botD,audio,out,8.237725782544654,0,0,1.458,1.8619999999999999,,,,2280.847,,,,1,0,host->host
1791360214560,mesh4_baseline_adapt1_p4,botC,botD,video,out,335.1689653428543,0,0,1.322,1.6019999999999999,20,960,540,2280.847,bandwidth,,,1,0,host->host
1791360215556,mesh4_baseline_adapt1_p4,botC,botA,audio,in,8.40868156305638,0,0,2,1,,,,,,0,,1,0,host->host
1791360215556,mesh4_baseline_adapt1_p4,botC,botA,video,in,509.0892640712089,0,0,2,1,20,960,540,,,,1,1,0,host->host
1791360215556,mesh4_baseline_adapt1_p4,botC,botA,audio,out,8.08065497496379,0,0,2.062,1.007,,,,2206.241,,,,1,0,host->host
1791360215556,mesh4_baseline_adapt1_p4,botC,botA,video,out,509.14526861063933,0,0,2.766,1.434,20,960,540,2206.241,bandwidth,,,1,0,host->host
1791360215558,mesh4_baseline_adapt1_p4,botC,botB,audio,in,8.43755362416278,0,0,1,1,,,,,,0,,1,0,host->host
1791360215558,mesh4_baseline_adapt1_p4,botC,botB,video,in,509.38327766518194,0,0,4,1,20,960,540,,,,1,1,0,host->host
1791360215558,mesh4_baseline_adapt1_p4,botC,botB,audio,out,8.73374858060872,0,0,1.9369999999999998,2.67,,,,2390.956,,,,1,0,host->host
1791360215558,mesh4_baseline_adapt1_p4,botC,botB,video,out,509.38327766518194,0,0,2.277,3.6159999999999997,20,960,540,2390.956,bandwidth,,,1,0,host->host
1791360215559,mesh4_baseline_adapt1_p4,botC,botD,audio,in,8.727881942212951,0,0,1,1,,,,,,0,,1,0,host->host
1791360215559,mesh4_baseline_adapt1_p4,botC,botD,video,in,427.8183525600879,0,0,4,1,20,960,540,,,,0,1,0,host->host
1791360215559,mesh4_baseline_adapt1_p4,botC,botD,audio,out,8.22342638041532,0,0,2.062,7.842999999999999,,,,2280.847,,,,1,0,host->host
1791360215559,mesh4_baseline_adapt1_p4,botC,botD,video,out,427.67422239957426,0,0,1.322,1.6019999999999999,20,960,540,2280.847,bandwidth,,,1,0,host->host
1791360216557,mesh4_baseline_adapt1_p4,botC,botA,audio,in,8.719687062012179,0,0,2,1,,,,,,0,,1,0,host->host
1791360216557,mesh4_baseline_adapt1_p4,botC,botA,video,in,521.3092909019134,0,0,3,1,20,960,540,,,,1,1,0,host->host
1791360216557,mesh4_baseline_adapt1_p4,botC,botA,audio,out,8.055710891235105,0,0,2.062,1.007,,,,2206.241,,,,1,0,host->host
1791360216557,mesh4_baseline_adapt1_p4,botC,botA,video,out,521.3092909019134,0,0,2.766,1.434,20,960,540,2206.241,bandwidth,,,1,0,host->host
1791360216561,mesh4_baseline_adapt1_p4,botC,botB,audio,in,8.38895449820829,0,0,1,1,,,,,,0,,1,0,host->host
1791360216561,mesh4_baseline_adapt1_p4,botC,botB,video,in,521.2507666284238,0,0,2,1,20,960,540,,,,1,1,0,host->host
1791360216561,mesh4_baseline_adapt1_p4,botC,botB,audio,out,8.724832562006908,0,0,1.9369999999999998,2.67,,,,2390.956,,,,1,0,host->host
1791360216561,mesh4_baseline_adapt1_p4,botC,botB,video,out,521.194786951124,0,0,3.288,1.389,20,960,540,2390.956,bandwidth,,,1,0,host->host
1791360216563,mesh4_baseline_adapt1_p4,botC,botD,audio,in,8.689681582155618,0,0,1,1,,,,,,0,,1,0,host->host
1791360216563,mesh4_baseline_adapt1_p4,botC,botD,video,in,505.7235237115815,0,0,3,1,20,960,540,,,,0,1,0,host->host
1791360216563,mesh4_baseline_adapt1_p4,botC,botD,audio,out,8.195406116014656,0,0,2.062,7.842999999999999,,,,2280.847,,,,1,0,host->host
1791360216563,mesh4_baseline_adapt1_p4,botC,botD,video,out,504.392168826976,0,0,3.1879999999999997,1,20,960,540,2280.847,bandwidth,,,1,0,host->host
1791360217557,mesh4_baseline_adapt1_p4,botC,botA,audio,in,8.72013838110224,0,0,2,1,,,,,,0,,1,0,host->host
1791360217557,mesh4_baseline_adapt1_p4,botC,botA,video,in,535.5604988848701,0,0,4,1,20,960,540,,,,1,1,0,host->host
1791360217557,mesh4_baseline_adapt1_p4,botC,botA,audio,out,8.048127716870507,0,0,2.062,1.007,,,,2206.241,,,,1,0,host->host
1791360217557,mesh4_baseline_adapt1_p4,botC,botA,video,out,535.504497996184,0,0,3.766,1,20,960,540,2206.241,bandwidth,,,1,0,host->host
1791360217559,mesh4_baseline_adapt1_p4,botC,botB,audio,in,8.38382397244589,0,0,0,1,,,,,,0,,1,0,host->host
1791360217559,mesh4_baseline_adapt1_p4,botC,botB,video,in,535.5407557360857,0,0,4,1,20,960,540,,,,1,1,0,host->host
1791360217559,mesh4_baseline_adapt1_p4,botC,botB,audio,out,8.703817253836956,0,0,1.9369999999999998,2.67,,,,2390.956,,,,1,0,host->host
1791360217559,mesh4_baseline_adapt1_p4,botC,botB,video,out,535.4847569118422,0,0,2.411,1,20,960,540,2390.956,bandwidth,,,1,0,host->host
1791360217562,mesh4_baseline_adapt1_p4,botC,botD,audio,in,8.741826821999167,0,0,1,1,,,,,,0,,1,0,host->host
1791360217562,mesh4_baseline_adapt1_p4,botC,botD,video,in,518.5266709628753,0,0,3,1,20,960,540,,,,0,1,0,host->host
1791360217562,mesh4_baseline_adapt1_p4,botC,botD,audio,out,8.244585296344168,0,0,2.062,7.842999999999999,,,,2280.847,,,,1,0,host->host
1791360217562,mesh4_baseline_adapt1_p4,botC,botD,video,out,520.6840575822495,0,0,3.1769999999999996,1.053,20,960,540,2280.847,bandwidth,,,1,0,host->host
1791360215763,mesh4_baseline_adapt1_p4,botC,botA,audio,in,8.716086698379318,0,0,2,1,,,,,,0,,1,0,host->host
1791360215763,mesh4_baseline_adapt1_p4,botC,botA,video,in,519.4387851743321,0,0,6,1,20,960,540,,,,1,1,0,host->host
1791360215763,mesh4_baseline_adapt1_p4,botC,botA,audio,out,8.380237486148188,0,0,2.062,1.007,,,,2206.241,,,,1,0,host->host
1791360215763,mesh4_baseline_adapt1_p4,botC,botA,video,out,519.4387851743321,0,0,3.2329999999999997,1.785,20,960,540,2206.241,bandwidth,,,1,0,host->host
1791360215764,mesh4_baseline_adapt1_p4,botC,botB,audio,in,8.38384034679027,0,0,1,5,,,,,,0,,1,0,host->host
1791360215764,mesh4_baseline_adapt1_p4,botC,botB,video,in,519.6061051571771,0,0,3,5,20,960,540,,,,1,1,0,host->host
1791360215764,mesh4_baseline_adapt1_p4,botC,botB,audio,out,8.319841565517063,0,0,1.9369999999999998,2.67,,,,2390.956,,,,1,0,host->host
1791360215764,mesh4_baseline_adapt1_p4,botC,botB,video,out,519.6621040907912,0,0,5.266,1,20,960,540,2390.956,bandwidth,,,1,0,host->host
1791360215769,mesh4_baseline_adapt1_p4,botC,botD,audio,in,8.465550088517185,0,0,1,1,,,,,,0,,1,0,host->host
1791360215769,mesh4_baseline_adapt1_p4,botC,botD,video,in,520.2552615835418,0,0,4,1,20,960,540,,,,0,1,0,host->host
1791360215769,mesh4_baseline_adapt1_p4,botC,botD,audio,out,8.457548623405165,0,0,2.062,7.842999999999999,,,,2280.847,,,,1,0,host->host
1791360215769,mesh4_baseline_adapt1_p4,botC,botD,video,out,522.2156205359868,0,0,2.944,3.25,20,960,540,2280.847,bandwidth,,,1,0,host->host
1791360215699,mesh4_baseline_adapt1_p4,botD,botA,audio,in,8.505985203332349,0,0,2,1,,,,,,0,,1,0,host->host
1791360215699,mesh4_baseline_adapt1_p4,botD,botA,video,in,453.5936977392116,0,0,4,1,20,960,540,,,,0,1,0,host->host
1791360215699,mesh4_baseline_adapt1_p4,botD,botA,audio,out,7.783778912483375,0,0,0.7909999999999999,10.482999999999999,,,,2193.29,,,,1,0,host->host
1791360215699,mesh4_baseline_adapt1_p4,botD,botA,video,out,488.74909507487104,0,0,5.311,1.633,21,960,540,2193.29,bandwidth,,,1,0,host->host
1791360215701,mesh4_baseline_adapt1_p4,botD,botB,audio,in,8.315607284218238,0,0,2,1,,,,,,0,,1,0,host->host
1791360215701,mesh4_baseline_adapt1_p4,botD,botB,video,in,511.654897276203,0,0,4,1,20,960,540,,,,0,1,0,host->host
1791360215701,mesh4_baseline_adapt1_p4,botD,botB,audio,out,8.757499458741913,0,0,2.395,2.029,,,,2225.582,,,,1,0,host->host
1791360215701,mesh4_baseline_adapt1_p4,botD,botB,video,out,464.2679873609187,0,0,5.111,2.9909999999999997,21,960,540,2225.582,bandwidth,,,1,0,host->host
1791360215702,mesh4_baseline_adapt1_p4,botD,botC,audio,in,8.247067444009046,0,0,2,4,,,,,,0,,1,0,host->host
1791360215702,mesh4_baseline_adapt1_p4,botD,botC,video,in,464.08424705372045,0,0,3,4,20,960,540,,,,0,1,0,host->host
1791360215702,mesh4_baseline_adapt1_p4,botD,botC,audio,out,8.752973236582145,0,0,1.5,1.2049999999999998,,,,2198.068,,,,1,0,host->host
1791360215702,mesh4_baseline_adapt1_p4,botD,botC,video,out,464.1565193098023,0,0,4.444,1.175,21,960,540,2198.068,bandwidth,,,1,0,host->host
1791360216693,mesh4_baseline_adapt1_p4,botD,botA,audio,in,8.230221741640294,0,0,3,0,,,,,,0,,1,0,host->host
1791360216693,mesh4_baseline_adapt1_p4,botD,botA,video,in,508.49813162927444,0,0,3,0,20,960,540,,,,0,1,0,host->host
1791360216693,mesh4_baseline_adapt1_p4,botD,botA,audio,out,8.718116324963967,0,0,0.7909999999999999,10.482999999999999,,,,2193.29,,,,1,0,host->host
1791360216693,mesh4_baseline_adapt1_p4,botD,botA,video,out,549.2573250164454,0,0,2.633,6.195,21,960,540,2193.29,bandwidth,,,1,0,host->host
1791360216695,mesh4_baseline_adapt1_p4,botD,botB,audio,in,8.321923413603287,0,0,1,1,,,,,,0,,1,0,host->host
1791360216695,mesh4_baseline_adapt1_p4,botD,botB,video,in,498.381804123762,0,0,3,1,20,960,540,,,,0,1,0,host->host
1791360216695,mesh4_baseline_adapt1_p4,botD,botB,audio,out,8.772627196158204,0,0,2.395,2.029,,,,2225.582,,,,1,0,host->host
1791360216695,mesh4_baseline_adapt1_p4,botD,botB,video,out,487.09006471439506,0,0,3.3659999999999997,4.8069999999999995,19,960,540,2225.582,bandwidth,,,1,0,host->host
1791360216698,mesh4_baseline_adapt1_p4,botD,botC,audio,in,8.270903453471002,0,0,2,2,,,,,,0,,1,0,host->host
1791360216698,mesh4_baseline_adapt1_p4,botD,botC,video,in,510.1168206813443,0,0,3,2,20,960,540,,,,0,1,0,host->host
1791360216698,mesh4_baseline_adapt1_p4,botD,botC,audio,out,7.804257149675945,0,0,1.5,1.2049999999999998,,,,2198.068,,,,1,0,host->host
1791360216698,mesh4_baseline_adapt1_p4,botD,botC,video,out,513.5925310820247,0,0,3.7439999999999998,3.876,20,960,540,2198.068,bandwidth,,,1,0,host->host
1791360217693,mesh4_baseline_adapt1_p4,botD,botA,audio,in,8.22234091882913,0,0,2,0,,,,,,0,,1,0,host->host
1791360217693,mesh4_baseline_adapt1_p4,botD,botA,video,in,519.9949443071607,0,0,3,0,20,960,540,,,,0,1,0,host->host
1791360217693,mesh4_baseline_adapt1_p4,botD,botA,audio,out,8.735235479067985,0,0,0.7909999999999999,10.482999999999999,,,,2193.29,,,,1,0,host->host
1791360217693,mesh4_baseline_adapt1_p4,botD,botA,video,out,531.7754912376469,0,0,3.577,1.1139999999999999,20,960,540,2193.29,bandwidth,,,1,0,host->host
1791360217699,mesh4_baseline_adapt1_p4,botD,botB,audio,in,8.255026567912036,0,0,1,1,,,,,,0,,1,0,host->host
1791360217699,mesh4_baseline_adapt1_p4,botD,botB,video,in,527.0738474930812,0,0,3,1,20,960,540,,,,0,1,0,host->host
1791360217699,mesh4_baseline_adapt1_p4,botD,botB,audio,out,7.759085049297165,0,0,2.395,2.029,,,,2225.582,,,,1,0,host->host
1791360217699,mesh4_baseline_adapt1_p4,botD,botB,video,out,519.0827897979804,0,0,2.4549999999999996,1.5559999999999998,19,960,540,2225.582,bandwidth,,,1,0,host->host
1791360217703,mesh4_baseline_adapt1_p4,botD,botC,audio,in,8.180651936774838,0,0,2,2,,,,,,0,,1,0,host->host
1791360217703,mesh4_baseline_adapt1_p4,botD,botC,video,in,517.5737418829094,0,0,3,2,20,960,540,,,,0,1,0,host->host
1791360217703,mesh4_baseline_adapt1_p4,botD,botC,audio,out,9.504227201399228,0,0,2.166,3.006,,,,2198.068,,,,1,0,host->host
1791360217703,mesh4_baseline_adapt1_p4,botD,botC,video,out,512.4628277586671,0,0,3.588,1.2049999999999998,20,960,540,2198.068,bandwidth,,,1,0,host->host
1791360215897,mesh4_baseline_adapt1_p4,botD,botA,audio,in,8.207515083337361,0,0,2,0,,,,,,0,,1,0,host->host
1791360215897,mesh4_baseline_adapt1_p4,botD,botA,video,in,522.6971179925404,0,0,3,0,20,960,540,,,,0,1,0,host->host
1791360215897,mesh4_baseline_adapt1_p4,botD,botA,audio,out,8.463499959230925,0,0,1.7699999999999998,1.129,,,,2193.29,,,,1,0,host->host
1791360215897,mesh4_baseline_adapt1_p4,botD,botA,video,out,689.7032509309753,0,0,3.833,1,19,1280,720,2193.29,none,,,1,0,host->host
1791360215902,mesh4_baseline_adapt1_p4,botD,botB,audio,in,8.248769409881858,0,0,1,1,,,,,,0,,1,0,host->host
1791360215902,mesh4_baseline_adapt1_p4,botD,botB,video,in,797.7658252017713,0,0,7,1,20,1280,720,,,,0,1,0,host->host
1791360215902,mesh4_baseline_adapt1_p4,botD,botB,audio,out,8.48124201715744,0,0,2.395,2.029,,,,2225.582,,,,1,0,host->host
1791360215902,mesh4_baseline_adapt1_p4,botD,botB,video,out,523.7367353014785,0,0,3.377,2.106,20,960,540,2225.582,bandwidth,,,1,0,host->host
1791360215904,mesh4_baseline_adapt1_p4,botD,botC,audio,in,8.477126588920825,0,0,2,2,,,,,,0,,1,0,host->host
1791360215904,mesh4_baseline_adapt1_p4,botD,botC,video,in,525.6941283354611,0,0,2,2,20,960,540,,,,0,1,0,host->host
1791360215904,mesh4_baseline_adapt1_p4,botD,botC,audio,out,8.629506347851287,0,0,2.166,3.006,,,,2198.068,,,,1,0,host->host
1791360215904,mesh4_baseline_adapt1_p4,botD,botC,video,out,499.0437104972549,0,0,4.087999999999999,1.297,19,960,540,2198.068,bandwidth,,,1,0,host->host
1791360216911,mesh4_baseline_adapt1_p4,botD,botA,audio,in,8.170886556807313,0,0,2,0,,,,,,0,,1,0,host->host
1791360216911,mesh4_baseline_adapt1_p4,botD,botA,video,in,519.194409757599,0,0,3,0,20,960,540,,,,0,1,0,host->host
1791360216911,mesh4_baseline_adapt1_p4,botD,botA,audio,out,8.697525729414034,0,0,1.7699999999999998,1.129,,,,6061.975,,,,1,0,host->host
1791360216911,mesh4_baseline_adapt1_p4,botD,botA,video,out,999.3696444538818,0,0,8.610999999999999,1.404,21,1280,720,6061.975,none,,,1,0,host->host
1791360216913,mesh4_baseline_adapt1_p4,botD,botB,audio,in,8.1647781563064,0,0,2,2,,,,,,0,,1,0,host->host
1791360216913,mesh4_baseline_adapt1_p4,botD,botB,video,in,930.8241531916656,0,0,5,2,20,1280,720,,,,0,1,0,host->host
1791360216913,mesh4_baseline_adapt1_p4,botD,botB,audio,out,9.474298131134288,0,0,2.395,2.029,,,,2225.582,,,,1,0,host->host
1791360216913,mesh4_baseline_adapt1_p4,botD,botB,video,out,537.2187366613198,0,0,3.333,1.129,20,960,540,2225.582,bandwidth,,,1,0,host->host
1791360216914,mesh4_baseline_adapt1_p4,botD,botC,audio,in,8.125649757674916,0,0,3,1,,,,,,0,,1,0,host->host
1791360216914,mesh4_baseline_adapt1_p4,botD,botC,video,in,514.0442694801745,0,0,3,1,20,960,540,,,,0,1,0,host->host
1791360216914,mesh4_baseline_adapt1_p4,botD,botC,audio,out,8.55289911202199,0,0,2.166,3.006,,,,2198.068,,,,1,0,host->host
1791360216914,mesh4_baseline_adapt1_p4,botD,botC,video,out,523.3171628745222,0,0,4.2,1.0379999999999998,21,960,540,2198.068,bandwidth,,,1,0,host->host
1791360217350,mesh4_baseline_adapt1_p4,botA,botB,audio,in,8.672745314050427,0,0,1,7,,,,,,0,,1,0,host->host
1791360217350,mesh4_baseline_adapt1_p4,botA,botB,video,in,724.3582495370696,0,0,4,7,20,1280,720,,,,1,1,0,host->host
1791360217350,mesh4_baseline_adapt1_p4,botA,botB,audio,out,8.1927040605052,0,0,1.7499999999999998,2.182,,,,6142.023,,,,1,0,host->host
1791360217350,mesh4_baseline_adapt1_p4,botA,botB,video,out,680.6984975271312,0,0,3.7439999999999998,2.686,21,1280,720,6142.023,none,,,1,0,host->host
1791360217354,mesh4_baseline_adapt1_p4,botA,botC,audio,in,8.0361459000176,0,0,2,1,,,,,,0,,1,0,host->host
1791360217354,mesh4_baseline_adapt1_p4,botA,botC,video,in,529.7865131561305,0,0,4,1,20,960,540,,,,1,1,0,host->host
1791360217354,mesh4_baseline_adapt1_p4,botA,botC,audio,out,9.577871703897717,0,0,2.77,1.648,,,,2214.222,,,,1,0,host->host
1791360217354,mesh4_baseline_adapt1_p4,botA,botC,video,out,529.8424306723334,0,0,3.066,2.1359999999999997,20,960,540,2214.222,bandwidth,,,1,0,host->host
1791360217356,mesh4_baseline_adapt1_p4,botA,botD,audio,in,8.709188760160801,0,0,1,5,,,,,,0,,1,0,host->host
1791360217356,mesh4_baseline_adapt1_p4,botA,botD,video,in,526.3122927595072,0,0,4,5,20,960,540,,,,0,1,0,host->host
1791360217356,mesh4_baseline_adapt1_p4,botA,botD,audio,out,8.183290811239837,0,0,1.7289999999999999,1,,,,2217.866,,,,1,0,host->host
1791360217356,mesh4_baseline_adapt1_p4,botA,botD,video,out,510.00945634295726,0,0,3.2439999999999998,1,20,960,540,2217.866,bandwidth,,,1,0,host->host
1791360215554,mesh4_baseline_adapt1_p4,botA,botB,audio,in,8.703704635023373,0,0,1,7,,,,,,0,,1,0,host->host
1791360215554,mesh4_baseline_adapt1_p4,botA,botB,video,in,731.7431678954255,0,0,4,7,20,1280,720,,,,1,1,0,host->host
1791360215554,mesh4_baseline_adapt1_p4,botA,botB,audio,out,8.175722552384087,0,0,1.7499999999999998,2.182,,,,6142.023,,,,1,0,host->host
1791360215554,mesh4_baseline_adapt1_p4,botA,botB,video,out,694.9844153237964,0,0,2.755,3.51,20,1280,720,6142.023,none,,,1,0,host->host
1791360215557,mesh4_baseline_adapt1_p4,botA,botC,audio,in,8.400910524236409,0,0,1,1,,,,,,0,,1,0,host->host
1791360215557,mesh4_baseline_adapt1_p4,botA,botC,video,in,520.4155650228549,0,0,5,1,20,960,540,,,,1,1,0,host->host
1791360215557,mesh4_baseline_adapt1_p4,botA,botC,audio,out,7.86382941247702,0,0,2.77,1.648,,,,2214.222,,,,1,0,host->host
1791360215557,mesh4_baseline_adapt1_p4,botA,botC,video,out,520.4155650228549,0,0,4.066,1.3579999999999999,20,960,540,2214.222,bandwidth,,,1,0,host->host
1791360215559,mesh4_baseline_adapt1_p4,botA,botD,audio,in,8.467799438243667,0,0,1,5,,,,,,0,,1,0,host->host
1791360215559,mesh4_baseline_adapt1_p4,botA,botD,video,in,521.5763136449178,0,0,3,5,20,960,540,,,,0,1,0,host->host
1791360215559,mesh4_baseline_adapt1_p4,botA,botD,audio,out,8.235035283069198,0,0,1.7289999999999999,1,,,,2217.866,,,,1,0,host->host
1791360215559,mesh4_baseline_adapt1_p4,botA,botD,video,out,524.4336943084388,0,0,3.722,6.699,20,960,540,2217.866,bandwidth,,,1,0,host->host
1791360216554,mesh4_baseline_adapt1_p4,botA,botB,audio,in,8.656240920767814,0,0,1,7,,,,,,0,,1,0,host->host
1791360216554,mesh4_baseline_adapt1_p4,botA,botB,video,in,715.5799160425851,0,0,4,7,21,1280,720,,,,1,1,0,host->host
1791360216554,mesh4_baseline_adapt1_p4,botA,botB,audio,out,8.160227115696092,0,0,1.7499999999999998,2.182,,,,6142.023,,,,1,0,host->host
1791360216554,mesh4_baseline_adapt1_p4,botA,botB,video,out,737.9005372708127,0,0,3.388,3.4479999999999995,20,1280,720,6142.023,none,,,1,0,host->host
1791360216556,mesh4_baseline_adapt1_p4,botA,botC,audio,in,8.04906312088584,0,0,2,6,,,,,,0,,1,0,host->host
1791360216556,mesh4_baseline_adapt1_p4,botA,botC,video,in,518.788521628467,0,0,3,6,20,960,540,,,,1,1,0,host->host
1791360216556,mesh4_baseline_adapt1_p4,botA,botC,audio,out,8.721151890423029,0,0,2.77,1.648,,,,2214.222,,,,1,0,host->host
1791360216556,mesh4_baseline_adapt1_p4,botA,botC,video,out,518.788521628467,0,0,4.611,1.45,20,960,540,2214.222,bandwidth,,,1,0,host->host
1791360216558,mesh4_baseline_adapt1_p4,botA,botD,audio,in,8.733650593530221,0,0,2,5,,,,,,0,,1,0,host->host
1791360216558,mesh4_baseline_adapt1_p4,botA,botD,video,in,1159.4201601233176,0,0,8,5,20,1280,720,,,,0,1,0,host->host
1791360216558,mesh4_baseline_adapt1_p4,botA,botD,audio,out,8.212836567310527,0,0,1.7289999999999999,1,,,,2217.866,,,,1,0,host->host
1791360216558,mesh4_baseline_adapt1_p4,botA,botD,video,out,523.193745693342,0,0,3.5329999999999995,4.028,20,960,540,2217.866,bandwidth,,,1,0,host->host
1791360217554,mesh4_baseline_adapt1_p4,botA,botB,audio,in,8.663904815498853,0,0,1,2,,,,,,0,,1,0,host->host
1791360217554,mesh4_baseline_adapt1_p4,botA,botB,video,in,678.6885437049642,0,0,3,2,19,1280,720,,,,1,1,0,host->host
1791360217554,mesh4_baseline_adapt1_p4,botA,botB,audio,out,8.439907276409317,0,0,2.4579999999999997,2.6249999999999996,,,,6142.023,,,,1,0,host->host
1791360217554,mesh4_baseline_adapt1_p4,botA,botB,video,out,772.3115151322801,0,0,4.055,2.487,21,1280,720,6142.023,none,,,1,0,host->host
1791360217556,mesh4_baseline_adapt1_p4,botA,botC,audio,in,8.04705894989331,0,0,2,6,,,,,,0,,1,0,host->host
1791360217556,mesh4_baseline_adapt1_p4,botA,botC,video,in,504.2610300211474,0,0,3,6,20,960,540,,,,1,1,0,host->host
1791360217556,mesh4_baseline_adapt1_p4,botA,botC,audio,out,9.24691863427104,0,0,2.77,1.648,,,,2214.222,,,,1,0,host->host
1791360217556,mesh4_baseline_adapt1_p4,botA,botC,video,out,504.1970375046472,0,0,3.844,1.083,20,960,540,2214.222,bandwidth,,,1,0,host->host
1791360217560,mesh4_baseline_adapt1_p4,botA,botD,audio,in,8.736688142833586,0,0,1,1,,,,,,0,,1,0,host->host
1791360217560,mesh4_baseline_adapt1_p4,botA,botD,video,in,677.2492006201842,0,0,5,1,20,1280,720,,,,0,1,0,host->host
1791360217560,mesh4_baseline_adapt1_p4,botA,botD,audio,out,8.448928972529826,0,0,1.7289999999999999,1,,,,2217.866,,,,1,0,host->host
1791360217560,mesh4_baseline_adapt1_p4,botA,botD,video,out,512.107410106971,0,0,3.8,1.678,21,960,540,2217.866,bandwidth,,,1,0,host->host
1791360218554,mesh4_baseline_adapt1_p4,botA,botB,audio,in,8.623896833265423,0,0,1,2,,,,,,0,,1,0,host->host
1791360218554,mesh4_baseline_adapt1_p4,botA,botB,video,in,704.0235778429409,0,0,3,2,20,1280,720,,,,1,1,0,host->host
1791360218554,mesh4_baseline_adapt1_p4,botA,botB,audio,out,8.135902671086209,0,0,2.4579999999999997,2.6249999999999996,,,,6142.023,,,,1,0,host->host
1791360218554,mesh4_baseline_adapt1_p4,botA,botB,video,out,666.4480273551416,0,0,3.1439999999999997,2.411,20,1280,720,6142.023,none,,,1,0,host->host
1791360218556,mesh4_baseline_adapt1_p4,botA,botC,audio,in,8.051646436557572,0,0,2,2,,,,,,0,,1,0,host->host
1791360218556,mesh4_baseline_adapt1_p4,botA,botC,video,in,1117.217966632838,0,0,7,2,20,1280,720,,,,1,1,0,host->host
1791360218556,mesh4_baseline_adapt1_p4,botA,botC,audio,out,8.747961784450721,0,0,2.791,1,,,,5943.09,,,,1,0,host->host
1791360218556,mesh4_baseline_adapt1_p4,botA,botC,video,out,1123.724913504529,0,0,3.211,1.9989999999999999,20,1280,720,5943.09,none,,,1,0,host->host
1791360218558,mesh4_baseline_adapt1_p4,botA,botD,audio,in,8.703511453366124,0,0,1,1,,,,,,0,,1,0,host->host
1791360218558,mesh4_baseline_adapt1_p4,botA,botD,video,in,687.6654808287914,0,0,4,1,19,1280,720,,,,0,1,0,host->host
1791360218558,mesh4_baseline_adapt1_p4,botA,botD,audio,out,8.191069196682195,0,0,2.77,1.0679999999999998,,,,2217.866,,,,1,0,host->host
1791360218558,mesh4_baseline_adapt1_p4,botA,botD,video,out,510.82486081127144,0,0,4.576999999999999,1.511,21,960,540,2217.866,bandwidth,,,1,0,host->host
1791360215609,mesh4_baseline_adapt1_p4,botB,botA,audio,in,8.178176321335512,0,0,2,1,,,,,,0,,1,0,host->host
1791360215609,mesh4_baseline_adapt1_p4,botB,botA,video,in,706.564026071391,0,0,3,1,20,1280,720,,,,1,1,0,host->host
1791360215609,mesh4_baseline_adapt1_p4,botB,botA,audio,out,8.70631686654896,0,0,1.9789999999999999,1.678,,,,5874.79,,,,1,0,host->host
1791360215609,mesh4_baseline_adapt1_p4,botB,botA,video,out,731.5626785448277,0,0,3.9769999999999994,1,21,1280,720,5874.79,none,,,1,0,host->host
1791360215611,mesh4_baseline_adapt1_p4,botB,botC,audio,in,8.399387941189131,0,0,2,1,,,,,,0,,1,0,host->host
1791360215611,mesh4_baseline_adapt1_p4,botB,botC,video,in,546.5452880472428,0,0,5,1,20,960,540,,,,1,1,0,host->host
1791360215611,mesh4_baseline_adapt1_p4,botB,botC,audio,out,8.399387941189131,0,0,1.7499999999999998,1.74,,,,2218.298,,,,1,0,host->host
1791360215611,mesh4_baseline_adapt1_p4,botB,botC,video,out,522.1165338060744,0,0,3.877,1.3579999999999999,20,960,540,2218.298,bandwidth,,,1,0,host->host
1791360215613,mesh4_baseline_adapt1_p4,botB,botD,audio,in,8.475374299933284,0,0,1,5,,,,,,0,,1,0,host->host
1791360215613,mesh4_baseline_adapt1_p4,botB,botD,video,in,524.2475617301833,0,0,3,5,20,960,540,,,,0,1,0,host->host
1791360215613,mesh4_baseline_adapt1_p4,botB,botD,audio,out,8.267094780275189,0,0,1.916,4.242,,,,2143.655,,,,1,0,host->host
1791360215613,mesh4_baseline_adapt1_p4,botB,botD,video,out,528.0446575885655,0,0,3.588,1,21,960,540,2143.655,bandwidth,,,1,0,host->host
1791360216608,mesh4_baseline_adapt1_p4,botB,botA,audio,in,8.15912552341192,0,0,2,1,,,,,,0,,1,0,host->host
1791360216608,mesh4_baseline_adapt1_p4,botB,botA,video,in,770.6214065435856,0,0,4,1,20,1280,720,,,,1,1,0,host->host
1791360216608,mesh4_baseline_adapt1_p4,botB,botA,audio,out,8.655072368952643,0,0,1.9789999999999999,1.678,,,,5874.79,,,,1,0,host->host
1791360216608,mesh4_baseline_adapt1_p4,botB,botA,video,out,681.4469640582954,0,0,3.788,1.9069999999999998,20,1280,720,5874.79,none,,,1,0,host->host
1791360216609,mesh4_baseline_adapt1_p4,botB,botC,audio,in,8.728029104899234,0,0,2,1,,,,,,0,,1,0,host->host
1791360216609,mesh4_baseline_adapt1_p4,botB,botC,video,in,516.0667410840832,0,0,4,1,20,960,540,,,,1,1,0,host->host
1791360216609,mesh4_baseline_adapt1_p4,botB,botC,audio,out,8.391719726545318,0,0,1.7499999999999998,1.74,,,,2218.298,,,,1,0,host->host
1791360216609,mesh4_baseline_adapt1_p4,botB,botC,video,out,516.0667410840832,0,0,3.544,1.343,20,960,540,2218.298,bandwidth,,,1,0,host->host
1791360216611,mesh4_baseline_adapt1_p4,botB,botD,audio,in,8.735538851580229,0,0,1,5,,,,,,0,,1,0,host->host
1791360216611,mesh4_baseline_adapt1_p4,botB,botD,video,in,521.3834413461054,0,0,3,5,20,960,540,,,,0,1,0,host->host
1791360216611,mesh4_baseline_adapt1_p4,botB,botD,audio,out,8.270712013606234,0,0,1.916,4.242,,,,6134.476,,,,1,0,host->host
1791360216611,mesh4_baseline_adapt1_p4,botB,botD,video,out,1159.2701196513135,0,0,7.3999999999999995,3.4479999999999995,21,1280,720,6134.476,none,,,1,0,host->host
1791360217609,mesh4_baseline_adapt1_p4,botB,botA,audio,in,8.432329387866714,0,0,2,6,,,,,,0,,1,0,host->host
1791360217609,mesh4_baseline_adapt1_p4,botB,botA,video,in,694.0591116840502,0,0,2,6,20,1280,720,,,,1,1,0,host->host
1791360217609,mesh4_baseline_adapt1_p4,botB,botA,audio,out,8.66433845072073,0,0,1.9789999999999999,1.678,,,,5874.79,,,,1,0,host->host
1791360217609,mesh4_baseline_adapt1_p4,botB,botA,video,out,758.9176452205164,0,0,3.788,1.9069999999999998,21,1280,720,5874.79,none,,,1,0,host->host
1791360217613,mesh4_baseline_adapt1_p4,botB,botC,audio,in,8.71242980037609,0,0,1,1,,,,,,0,,1,0,host->host
1791360217613,mesh4_baseline_adapt1_p4,botB,botC,video,in,503.8102410527571,0,0,3,1,20,960,540,,,,1,1,0,host->host
1791360217613,mesh4_baseline_adapt1_p4,botB,botC,audio,out,8.376721496141414,0,0,1.7499999999999998,1.74,,,,2218.298,,,,1,0,host->host
1791360217613,mesh4_baseline_adapt1_p4,botB,botC,video,out,503.8661924367962,0,0,4.144,2.319,20,960,540,2218.298,bandwidth,,,1,0,host->host
1791360217614,mesh4_baseline_adapt1_p4,botB,botD,audio,in,8.682968073905505,0,0,1,1,,,,,,0,,1,0,host->host
1791360217614,mesh4_baseline_adapt1_p4,botB,botD,video,in,510.81343556983165,0,0,3,1,20,960,540,,,,0,1,0,host->host
1791360217614,mesh4_baseline_adapt1_p4,botB,botD,audio,out,8.212972554308783,0,0,1.916,4.242,,,,6134.476,,,,1,0,host->host
1791360217614,mesh4_baseline_adapt1_p4,botB,botD,video,out,648.952288202488,0,0,4.422,1.0679999999999998,21,1280,720,6134.476,none,,,1,0,host->host
1791360218607,mesh4_baseline_adapt1_p4,botB,botA,audio,in,8.128877188407538,0,0,1,6,,,,,,0,,1,0,host->host
1791360218607,mesh4_baseline_adapt1_p4,botB,botA,video,in,712.1328463667222,0,0,2,6,20,1280,720,,,,1,1,0,host->host
1791360218607,mesh4_baseline_adapt1_p4,botB,botA,audio,out,8.624930717621384,0,0,1.9789999999999999,1.678,,,,5874.79,,,,1,0,host->host
1791360218607,mesh4_baseline_adapt1_p4,botB,botA,video,out,702.6998284482847,0,0,4.011,1.3729999999999998,21,1280,720,5874.79,none,,,1,0,host->host
1791360218608,mesh4_baseline_adapt1_p4,botB,botC,audio,in,8.737430063733097,0,0,2,0,,,,,,0,,1,0,host->host
1791360218608,mesh4_baseline_adapt1_p4,botB,botC,video,in,471.4685198426842,0,0,6,0,20,1280,720,,,,1,1,0,host->host
1791360218608,mesh4_baseline_adapt1_p4,botB,botC,audio,out,8.38472646483011,0,0,1.7499999999999998,1.74,,,,3172.494,,,,1,0,host->host
1791360218608,mesh4_baseline_adapt1_p4,botB,botC,video,out,1119.994246334668,0,0,9.332999999999998,1.8619999999999999,20,1280,720,3172.494,none,,,1,0,host->host
1791360218610,mesh4_baseline_adapt1_p4,botB,botD,audio,in,8.763634168759198,0,0,1,1,,,,,,0,,1,0,host->host
1791360218610,mesh4_baseline_adapt1_p4,botB,botD,video,in,512.8735996561002,0,0,3,1,20,960,540,,,,0,1,0,host->host
1791360218610,mesh4_baseline_adapt1_p4,botB,botD,audio,out,8.281232287910068,0,0,1.312,1,,,,6134.476,,,,1,0,host->host
1791360218610,mesh4_baseline_adapt1_p4,botB,botD,video,out,649.3450917483191,0,0,3.544,2.3649999999999998,21,1280,720,6134.476,none,,,1,0,host->host
1791360219608,mesh4_baseline_adapt1_p4,botB,botA,audio,in,8.127847205997348,0,0,2,3,,,,,,0,,1,0,host->host
1791360219608,mesh4_baseline_adapt1_p4,botB,botA,video,in,749.4179118214819,0,0,5,3,20,1280,720,,,,1,1,0,host->host
1791360219608,mesh4_baseline_adapt1_p4,botB,botA,audio,out,8.639837581178284,0,0,1.9789999999999999,1.678,,,,5874.79,,,,1,0,host->host
1791360219608,mesh4_baseline_adapt1_p4,botB,botA,video,out,726.626340276318,0,0,3.1769999999999996,1,21,1280,720,5874.79,none,,,1,0,host->host
1791360219609,mesh4_baseline_adapt1_p4,botB,botC,audio,in,8.707453274115277,0,0,1,0,,,,,,0,,1,0,host->host
1791360219609,mesh4_baseline_adapt1_p4,botB,botC,video,in,637.4255221114498,0,0,5,0,20,1280,720,,,,1,1,0,host->host
1791360219609,mesh4_baseline_adapt1_p4,botB,botC,audio,out,8.324005790484511,0,0,1.7499999999999998,1.74,,,,6079.529,,,,1,0,host->host
1791360219609,mesh4_baseline_adapt1_p4,botB,botC,video,out,658.1077207597841,0,0,9.332999999999998,1.8619999999999999,20,1280,720,6079.529,none,,,1,0,host->host
1791360219610,mesh4_baseline_adapt1_p4,botB,botD,audio,in,8.712978139443774,0,0,2,1,,,,,,0,,1,0,host->host
1791360219610,mesh4_baseline_adapt1_p4,botB,botD,video,in,512.0193593981022,0,0,5,1,19,960,540,,,,0,1,0,host->host
1791360219610,mesh4_baseline_adapt1_p4,botB,botD,audio,out,8.23336466387806,0,0,1.312,1,,,,6134.476,,,,1,0,host->host
1791360219610,mesh4_baseline_adapt1_p4,botB,botD,video,out,670.85934894754,0,0,4.155,1.587,21,1280,720,6134.476,none,,,1,0,host->host
1791360216763,mesh4_baseline_adapt1_p4,botC,botA,audio,in,8.724266285490684,0,0,2,1,,,,,,0,,1,0,host->host
1791360216763,mesh4_baseline_adapt1_p4,botC,botA,video,in,510.20149550671385,0,0,3,1,20,960,540,,,,1,1,0,host->host
1791360216763,mesh4_baseline_adapt1_p4,botC,botA,audio,out,8.051937507526263,0,0,1.708,2.243,,,,2206.241,,,,1,0,host->host
1791360216763,mesh4_baseline_adapt1_p4,botC,botA,video,out,510.20149550671385,0,0,4.2,2.655,20,960,540,2206.241,bandwidth,,,1,0,host->host
1791360216764,mesh4_baseline_adapt1_p4,botC,botB,audio,in,8.384,0,0,1,5,,,,,,0,,1,0,host->host
1791360216764,mesh4_baseline_adapt1_p4,botC,botB,video,in,509.952,0,0,3,5,20,960,540,,,,1,1,0,host->host
1791360216764,mesh4_baseline_adapt1_p4,botC,botB,audio,out,8.72,0,0,1.9369999999999998,2.67,,,,2390.956,,,,1,0,host->host
1791360216764,mesh4_baseline_adapt1_p4,botC,botB,video,out,509.952,0,0,4.2,1.4649999999999999,20,960,540,2390.956,bandwidth,,,1,0,host->host
1791360216766,mesh4_baseline_adapt1_p4,botC,botD,audio,in,8.723000661116092,0,0,1,1,,,,,,0,,1,0,host->host
1791360216766,mesh4_baseline_adapt1_p4,botC,botD,video,in,504.4935428227142,0,0,3,1,20,960,540,,,,0,1,0,host->host
1791360216766,mesh4_baseline_adapt1_p4,botC,botD,audio,out,8.194818969709063,0,0,2.062,7.842999999999999,,,,2280.847,,,,1,0,host->host
1791360216766,mesh4_baseline_adapt1_p4,botC,botD,video,out,517.7380988723904,0,0,2.9659999999999997,1,20,960,540,2280.847,bandwidth,,,1,0,host->host
1791360217763,mesh4_baseline_adapt1_p4,botC,botA,audio,in,8.382675881031489,0,0,2,1,,,,,,0,,1,0,host->host
1791360217763,mesh4_baseline_adapt1_p4,botC,botA,video,in,507.2718718503205,0,0,3,1,20,960,540,,,,1,1,0,host->host
1791360217763,mesh4_baseline_adapt1_p4,botC,botA,audio,out,8.046728946868011,0,0,1.708,2.243,,,,2206.241,,,,1,0,host->host
1791360217763,mesh4_baseline_adapt1_p4,botC,botA,video,out,507.33586174254214,0,0,3.322,1.587,20,960,540,2206.241,bandwidth,,,1,0,host->host
1791360217766,mesh4_baseline_adapt1_p4,botC,botB,audio,in,8.384143283698696,0,0,1,5,,,,,,0,,1,0,host->host
1791360217766,mesh4_baseline_adapt1_p4,botC,botB,video,in,507.4166716716351,0,0,3,5,20,960,540,,,,1,1,0,host->host
1791360217766,mesh4_baseline_adapt1_p4,botC,botB,audio,out,8.728149162705417,0,0,1.4369999999999998,1.434,,,,2390.956,,,,1,0,host->host
1791360217766,mesh4_baseline_adapt1_p4,botC,botB,video,out,507.3606707145874,0,0,4.2,1.4649999999999999,21,960,540,2390.956,bandwidth,,,1,0,host->host
1791360217767,mesh4_baseline_adapt1_p4,botC,botD,audio,in,8.705591990209562,0,0,1,1,,,,,,0,,1,0,host->host
1791360217767,mesh4_baseline_adapt1_p4,botC,botD,video,in,501.23444231336856,0,0,4,1,20,960,540,,,,0,1,0,host->host
1791360217767,mesh4_baseline_adapt1_p4,botC,botD,audio,out,8.178464401811551,0,0,2.062,7.842999999999999,,,,2280.847,,,,1,0,host->host
1791360217767,mesh4_baseline_adapt1_p4,botC,botD,video,out,512.5996325904953,0,0,3.777,1.16,20,960,540,2280.847,bandwidth,,,1,0,host->host
1791360218767,mesh4_baseline_adapt1_p4,botC,botA,audio,in,8.716129238504678,0,0,3,1,,,,,,0,,1,0,host->host
1791360218767,mesh4_baseline_adapt1_p4,botC,botA,video,in,1125.6840929284576,0,0,5,1,20,1280,720,,,,1,1,0,host->host
1791360218767,mesh4_baseline_adapt1_p4,botC,botA,audio,out,8.04442753572083,0,0,1.708,2.243,,,,6016.752,,,,1,0,host->host
1791360218767,mesh4_baseline_adapt1_p4,botC,botA,video,out,1118.63922149807,0,0,3.2329999999999997,1,20,1280,720,6016.752,none,,,1,0,host->host
1791360218768,mesh4_baseline_adapt1_p4,botC,botB,audio,in,8.311682651876517,0,0,2,3,,,,,,0,,1,0,host->host
1791360218768,mesh4_baseline_adapt1_p4,botC,botB,video,in,1116.8654221890179,0,0,10,3,19,1280,720,,,,1,1,0,host->host
1791360218768,mesh4_baseline_adapt1_p4,botC,botB,audio,out,8.670288327173203,0,0,1.4369999999999998,1.434,,,,2390.956,,,,1,0,host->host
1791360218768,mesh4_baseline_adapt1_p4,botC,botB,video,out,463.11133809314657,0,0,3.322,3.479,20,1280,720,2390.956,none,,,1,0,host->host
1791360218771,mesh4_baseline_adapt1_p4,botC,botD,audio,in,8.70158772928474,0,0,1,1,,,,,,0,,1,0,host->host
1791360218771,mesh4_baseline_adapt1_p4,botC,botD,video,in,509.0269159471401,0,0,3,1,20,960,540,,,,0,1,0,host->host
1791360218771,mesh4_baseline_adapt1_p4,botC,botD,audio,out,8.166719492714023,0,0,2.062,7.842999999999999,,,,2280.847,,,,1,0,host->host
1791360218771,mesh4_baseline_adapt1_p4,botC,botD,video,out,509.38615580752344,0,0,3.1,2.029,20,960,540,2280.847,bandwidth,,,1,0,host->host
1791360219763,mesh4_baseline_adapt1_p4,botC,botA,audio,in,8.725498171577355,0,0,3,1,,,,,,0,,1,0,host->host
1791360219763,mesh4_baseline_adapt1_p4,botC,botA,video,in,680.1325698639695,0,0,5,1,20,1280,720,,,,1,1,0,host->host
1791360219763,mesh4_baseline_adapt1_p4,botC,botA,audio,out,8.037064370884094,0,0,1.708,2.243,,,,6016.752,,,,1,0,host->host
1791360219763,mesh4_baseline_adapt1_p4,botC,botA,video,out,668.1730338379726,0,0,5.377,1.663,20,1280,720,6016.752,none,,,1,0,host->host
1791360219764,mesh4_baseline_adapt1_p4,botC,botB,audio,in,8.361396593817101,0,0,1,3,,,,,,0,,1,0,host->host
1791360219764,mesh4_baseline_adapt1_p4,botC,botB,video,in,682.4698806757459,0,0,5,3,20,1280,720,,,,1,1,0,host->host
1791360219764,mesh4_baseline_adapt1_p4,botC,botB,audio,out,8.779064819444853,0,0,1.4369999999999998,1.434,,,,2390.956,,,,1,0,host->host
1791360219764,mesh4_baseline_adapt1_p4,botC,botB,video,out,669.8996735006031,0,0,5.611,2.808,21,1280,720,2390.956,none,,,1,0,host->host
1791360219766,mesh4_baseline_adapt1_p4,botC,botD,audio,in,8.752331917540113,0,0,2,8,,,,,,0,,1,0,host->host
1791360219766,mesh4_baseline_adapt1_p4,botC,botD,video,in,489.4721550728533,0,0,3,8,19,960,540,,,,0,1,0,host->host
1791360219766,mesh4_baseline_adapt1_p4,botC,botD,audio,out,8.206314880482564,0,0,2.4579999999999997,1,,,,2280.847,,,,1,0,host->host
1791360219766,mesh4_baseline_adapt1_p4,botC,botD,video,out,486.48512069365614,0,0,3.1,2.029,19,960,540,2280.847,none,,,1,0,host->host
1791360220762,mesh4_baseline_adapt1_p4,botC,botA,audio,in,8.383555851655322,0,0,2,2,,,,,,0,,1,0,host->host
1791360220762,mesh4_baseline_adapt1_p4,botC,botA,video,in,682.5238409000305,0,0,6,2,20,1280,720,,,,1,1,0,host->host
1791360220762,mesh4_baseline_adapt1_p4,botC,botA,audio,out,8.01557534671625,0,0,2.604,7.430999999999999,,,,6016.752,,,,1,0,host->host
1791360220762,mesh4_baseline_adapt1_p4,botC,botA,video,out,690.9233959040745,0,0,4.210999999999999,1.0679999999999998,20,1280,720,6016.752,none,,,1,0,host->host
1791360220764,mesh4_baseline_adapt1_p4,botC,botB,audio,in,8.322180102355915,0,0,1,1,,,,,,0,,1,0,host->host
1791360220764,mesh4_baseline_adapt1_p4,botC,botB,video,in,682.7468543395279,0,0,4,1,20,1280,720,,,,1,1,0,host->host
1791360220764,mesh4_baseline_adapt1_p4,botC,botB,audio,out,8.698278626212383,0,0,1.4369999999999998,1.434,,,,2390.956,,,,1,0,host->host
1791360220764,mesh4_baseline_adapt1_p4,botC,botB,video,out,681.6745734417243,0,0,4.343999999999999,2.96,21,1280,720,2390.956,none,,,1,0,host->host
1791360220764,mesh4_baseline_adapt1_p4,botC,botD,audio,in,8.724658405256909,0,0,2,8,,,,,,0,,1,0,host->host
1791360220764,mesh4_baseline_adapt1_p4,botC,botD,video,in,1194.141594645383,0,0,9,8,20,1280,720,,,,0,1,0,host->host
1791360220764,mesh4_baseline_adapt1_p4,botC,botD,audio,out,8.164359241616557,0,0,2.4579999999999997,1,,,,6081.831,,,,1,0,host->host
1791360220764,mesh4_baseline_adapt1_p4,botC,botD,video,out,1205.06742833637,0,0,6.210999999999999,4.562,20,1280,720,6081.831,none,,,1,0,host->host
1791360217900,mesh4_baseline_adapt1_p4,botD,botA,audio,in,8.449848279402056,0,0,2,0,,,,,,0,,1,0,host->host
1791360217900,mesh4_baseline_adapt1_p4,botD,botA,video,in,507.43857084515133,0,0,4,0,20,960,540,,,,0,1,0,host->host
1791360217900,mesh4_baseline_adapt1_p4,botD,botA,audio,out,9.60101020204529,0,0,1.7699999999999998,1.129,,,,6061.975,,,,1,0,host->host
1791360217900,mesh4_baseline_adapt1_p4,botD,botA,video,out,682.9667815081891,0,0,4.966,1.5559999999999998,20,1280,720,6061.975,none,,,1,0,host->host
1791360217903,mesh4_baseline_adapt1_p4,botD,botB,audio,in,8.306171440249544,0,0,1,2,,,,,,0,,1,0,host->host
1791360217903,mesh4_baseline_adapt1_p4,botD,botB,video,in,630.0639471370597,0,0,3,2,20,1280,720,,,,0,1,0,host->host
1791360217903,mesh4_baseline_adapt1_p4,botD,botB,audio,out,8.815702891793578,0,0,2.395,2.029,,,,2225.582,,,,1,0,host->host
1791360217903,mesh4_baseline_adapt1_p4,botD,botB,video,out,488.85094485199926,0,0,3.277,2.0599999999999996,19,960,540,2225.582,bandwidth,,,1,0,host->host
1791360217904,mesh4_baseline_adapt1_p4,botD,botC,audio,in,8.253623281365178,0,0,2,1,,,,,,0,,1,0,host->host
1791360217904,mesh4_baseline_adapt1_p4,botD,botC,video,in,514.1417182351681,0,0,3,1,20,960,540,,,,0,1,0,host->host
1791360217904,mesh4_baseline_adapt1_p4,botD,botC,audio,out,8.811409771486822,0,0,2.166,3.006,,,,2198.068,,,,1,0,host->host
1791360217904,mesh4_baseline_adapt1_p4,botD,botC,video,out,504.90994763054624,0,0,4.2,1.0379999999999998,21,960,540,2198.068,bandwidth,,,1,0,host->host
1791360218901,mesh4_baseline_adapt1_p4,botD,botA,audio,in,8.166367125323328,0,0,2,0,,,,,,0,,1,0,host->host
1791360218901,mesh4_baseline_adapt1_p4,botD,botA,video,in,513.10540397318,0,0,4,0,20,960,540,,,,0,1,0,host->host
1791360218901,mesh4_baseline_adapt1_p4,botD,botA,audio,out,7.830434295486326,0,0,1.7699999999999998,1.129,,,,6061.975,,,,1,0,host->host
1791360218901,mesh4_baseline_adapt1_p4,botD,botA,video,out,684.1112111616354,0,0,4.966,1.5559999999999998,20,1280,720,6061.975,none,,,1,0,host->host
1791360218903,mesh4_baseline_adapt1_p4,botD,botB,audio,in,8.258616575620872,0,0,1,2,,,,,,0,,1,0,host->host
1791360218903,mesh4_baseline_adapt1_p4,botD,botB,video,in,646.5385503102226,0,0,3,2,20,1280,720,,,,0,1,0,host->host
1791360218903,mesh4_baseline_adapt1_p4,botD,botB,audio,out,8.714319523162391,0,0,2.395,2.029,,,,2225.582,,,,1,0,host->host
1791360218903,mesh4_baseline_adapt1_p4,botD,botB,video,out,535.0672135107243,0,0,3.322,3.113,20,960,540,2225.582,bandwidth,,,1,0,host->host
1791360218904,mesh4_baseline_adapt1_p4,botD,botC,audio,in,8.175812371493429,0,0,2,1,,,,,,0,,1,0,host->host
1791360218904,mesh4_baseline_adapt1_p4,botD,botC,video,in,510.13229286241966,0,0,3,1,20,960,540,,,,0,1,0,host->host
1791360218904,mesh4_baseline_adapt1_p4,botD,botC,audio,out,7.8318202658435085,0,0,2.166,3.006,,,,2198.068,,,,1,0,host->host
1791360218904,mesh4_baseline_adapt1_p4,botD,botC,video,out,511.2922662419368,0,0,3.488,1.877,20,960,540,2198.068,bandwidth,,,1,0,host->host
1791360219899,mesh4_baseline_adapt1_p4,botD,botA,audio,in,8.153154268429033,0,0,3,0,,,,,,0,,1,0,host->host
1791360219899,mesh4_baseline_adapt1_p4,botD,botA,video,in,567.5461192518829,0,0,9,0,19,1280,720,,,,0,1,0,host->host
1791360219899,mesh4_baseline_adapt1_p4,botD,botA,audio,out,8.738385597431314,0,0,1.7699999999999998,1.129,,,,6061.975,,,,1,0,host->host
1791360219899,mesh4_baseline_adapt1_p4,botD,botA,video,out,689.7632646031127,0,0,5.244,1.5719999999999998,20,1280,720,6061.975,none,,,1,0,host->host
1791360219901,mesh4_baseline_adapt1_p4,botD,botB,audio,in,8.254485655001991,0,0,2,0,,,,,,0,,1,0,host->host
1791360219901,mesh4_baseline_adapt1_p4,botD,botB,video,in,684.9540140265681,0,0,3,0,19,1280,720,,,,0,1,0,host->host
1791360219901,mesh4_baseline_adapt1_p4,botD,botB,audio,out,7.845768404123252,0,0,2.666,1,,,,2225.582,,,,1,0,host->host
1791360219901,mesh4_baseline_adapt1_p4,botD,botB,video,out,545.493276775748,0,0,4.755,2.411,19,1280,720,2225.582,none,,,1,0,host->host
1791360219903,mesh4_baseline_adapt1_p4,botD,botC,audio,in,8.15951822435736,0,0,2,2,,,,,,0,,1,0,host->host
1791360219903,mesh4_baseline_adapt1_p4,botD,botC,video,in,762.9069387335778,0,0,6,2,19,1280,720,,,,0,1,0,host->host
1791360219903,mesh4_baseline_adapt1_p4,botD,botC,audio,out,8.736615780500513,0,0,2.166,3.006,,,,2198.068,,,,1,0,host->host
1791360219903,mesh4_baseline_adapt1_p4,botD,botC,video,out,672.1022413232197,0,0,3.6769999999999996,11.292,20,1280,720,2198.068,none,,,1,0,host->host
1791360220903,mesh4_baseline_adapt1_p4,botD,botA,audio,in,8.464770839727349,0,0,2,0,,,,,,0,,1,0,host->host
1791360220903,mesh4_baseline_adapt1_p4,botD,botA,video,in,1131.815068120217,0,0,11,0,20,1280,720,,,,0,1,0,host->host
1791360220903,mesh4_baseline_adapt1_p4,botD,botA,audio,out,9.624876484113422,0,0,1.7699999999999998,1.129,,,,6061.975,,,,1,0,host->host
1791360220903,mesh4_baseline_adapt1_p4,botD,botA,video,out,681.7100795555846,0,0,3.8659999999999997,2.243,20,1280,720,6061.975,none,,,1,0,host->host
1791360220905,mesh4_baseline_adapt1_p4,botD,botB,audio,in,8.208872021426563,0,0,1,0,,,,,,0,,1,0,host->host
1791360220905,mesh4_baseline_adapt1_p4,botD,botB,video,in,700.43993723021,0,0,3,0,20,1280,720,,,,0,1,0,host->host
1791360220905,mesh4_baseline_adapt1_p4,botD,botB,audio,out,9.587643729879764,0,0,2.666,1,,,,6021.209,,,,1,0,host->host
1791360220905,mesh4_baseline_adapt1_p4,botD,botB,video,out,1139.3436179020375,0,0,8.488,3.799,21,1280,720,6021.209,none,,,1,0,host->host
1791360220907,mesh4_baseline_adapt1_p4,botD,botC,audio,in,8.151152606221121,0,0,2,2,,,,,,0,,1,0,host->host
1791360220907,mesh4_baseline_adapt1_p4,botD,botC,video,in,945.1432756572269,0,0,5,2,21,1280,720,,,,0,1,0,host->host
1791360220907,mesh4_baseline_adapt1_p4,botD,botC,audio,out,8.685001310636386,0,0,2.166,3.006,,,,6050.698,,,,1,0,host->host
1791360220907,mesh4_baseline_adapt1_p4,botD,botC,video,out,1025.156838190631,0,0,7.566,3.86,20,1280,720,6050.698,none,,,1,0,host->host
1791360221902,mesh4_baseline_adapt1_p4,botD,botA,audio,in,8.173543417767673,0,0,3,1,,,,,,0,,1,0,host->host
1791360221902,mesh4_baseline_adapt1_p4,botD,botA,video,in,652.1926717928363,0,0,7,1,20,1280,720,,,,0,1,0,host->host
1791360221902,mesh4_baseline_adapt1_p4,botD,botA,audio,out,7.828972469763741,0,0,1.7699999999999998,1.129,,,,6061.975,,,,1,0,host->host
1791360221902,mesh4_baseline_adapt1_p4,botD,botA,video,out,677.9954265038284,0,0,7.276999999999999,3.738,20,1280,720,6061.975,none,,,1,0,host->host
1791360221906,mesh4_baseline_adapt1_p4,botD,botB,audio,in,8.207724799585547,0,0,2,2,,,,,,0,,1,0,host->host
1791360221906,mesh4_baseline_adapt1_p4,botD,botB,video,in,674.5068202617454,0,0,5,2,20,1280,720,,,,0,1,0,host->host
1791360221906,mesh4_baseline_adapt1_p4,botD,botB,audio,out,7.8233630528732485,0,0,2.791,1,,,,6021.209,,,,1,0,host->host
1791360221906,mesh4_baseline_adapt1_p4,botD,botB,video,out,655.160612343893,0,0,7.155,1,20,1280,720,6021.209,none,,,1,0,host->host
1791360221908,mesh4_baseline_adapt1_p4,botD,botC,audio,in,8.135830402723046,0,0,2,2,,,,,,0,,1,0,host->host
1791360221908,mesh4_baseline_adapt1_p4,botD,botC,video,in,655.9493282258318,0,0,5,2,19,1280,720,,,,0,1,0,host->host
1791360221908,mesh4_baseline_adapt1_p4,botD,botC,audio,out,9.590369826392589,0,0,2.833,2.502,,,,6050.698,,,,1,0,host->host
1791360221908,mesh4_baseline_adapt1_p4,botD,botC,video,out,658.1071614367702,0,0,6.911,1.175,20,1280,720,6050.698,none,,,1,0,host->host
1791360219556,mesh4_baseline_adapt1_p4,botA,botB,audio,in,8.64,0,0,1,2,,,,,,0,,1,0,host->host
1791360219556,mesh4_baseline_adapt1_p4,botA,botB,video,in,767.928,0,0,2,2,20,1280,720,,,,1,1,0,host->host
1791360219556,mesh4_baseline_adapt1_p4,botA,botB,audio,out,8.128,0,0,2.4579999999999997,2.6249999999999996,,,,6142.023,,,,1,0,host->host
1791360219556,mesh4_baseline_adapt1_p4,botA,botB,video,out,757.896,0,0,3.711,1.5559999999999998,21,1280,720,6142.023,none,,,1,0,host->host
1791360219559,mesh4_baseline_adapt1_p4,botA,botC,audio,in,8.012736957806757,0,0,2,2,,,,,,0,,1,0,host->host
1791360219559,mesh4_baseline_adapt1_p4,botA,botC,video,in,636.4539311864277,0,0,4,2,20,1280,720,,,,1,1,0,host->host
1791360219559,mesh4_baseline_adapt1_p4,botA,botC,audio,out,7.813216615231888,0,0,2.791,1,,,,5943.09,,,,1,0,host->host
1791360219559,mesh4_baseline_adapt1_p4,botA,botC,video,out,644.9295553390081,0,0,6.021999999999999,1.1139999999999999,20,1280,720,5943.09,none,,,1,0,host->host
1791360219560,mesh4_baseline_adapt1_p4,botA,botD,audio,in,8.71781250851933,0,0,2,1,,,,,,0,,1,0,host->host
1791360219560,mesh4_baseline_adapt1_p4,botA,botD,video,in,683.0840794644213,0,0,4,1,20,1280,720,,,,0,1,0,host->host
1791360219560,mesh4_baseline_adapt1_p4,botA,botD,audio,out,8.135561535855185,0,0,2.77,1.0679999999999998,,,,2217.866,,,,1,0,host->host
1791360219560,mesh4_baseline_adapt1_p4,botA,botD,video,out,509.40579275535595,0,0,5.066,1,20,960,540,2217.866,bandwidth,,,1,0,host->host
1791360220554,mesh4_baseline_adapt1_p4,botA,botB,audio,in,8.601850153805053,0,0,1,1,,,,,,0,,1,0,host->host
1791360220554,mesh4_baseline_adapt1_p4,botA,botB,video,in,719.0426573684427,0,0,3,1,20,1280,720,,,,1,1,0,host->host
1791360220554,mesh4_baseline_adapt1_p4,botA,botB,audio,out,8.4258122901923,0,0,2.4579999999999997,2.6249999999999996,,,,6142.023,,,,1,0,host->host
1791360220554,mesh4_baseline_adapt1_p4,botA,botB,video,out,673.9049487939178,0,0,4.8549999999999995,1,20,1280,720,6142.023,none,,,1,0,host->host
1791360220559,mesh4_baseline_adapt1_p4,botA,botC,audio,in,8.032297956131202,0,0,2,2,,,,,,0,,1,0,host->host
1791360220559,mesh4_baseline_adapt1_p4,botA,botC,video,in,693.2867153053963,0,0,4,2,20,1280,720,,,,1,1,0,host->host
1791360220559,mesh4_baseline_adapt1_p4,botA,botC,audio,out,8.401046165694114,0,0,2.791,1,,,,5943.09,,,,1,0,host->host
1791360220559,mesh4_baseline_adapt1_p4,botA,botC,video,out,692.8618532378564,0,0,4.765999999999999,1,20,1280,720,5943.09,none,,,1,0,host->host
1791360220561,mesh4_baseline_adapt1_p4,botA,botD,audio,in,8.718203573287145,0,0,1,1,,,,,,0,,1,0,host->host
1791360220561,mesh4_baseline_adapt1_p4,botA,botD,video,in,687.7862784133347,0,0,4,1,19,1280,720,,,,0,1,0,host->host
1791360220561,mesh4_baseline_adapt1_p4,botA,botD,audio,out,8.438261256713703,0,0,2.77,1.0679999999999998,,,,6054.79,,,,1,0,host->host
1791360220561,mesh4_baseline_adapt1_p4,botA,botD,video,out,1141.3728147813292,0,0,17.977,1.877,20,1280,720,6054.79,none,,,1,0,host->host
1791360221554,mesh4_baseline_adapt1_p4,botA,botB,audio,in,8.598727824936057,0,0,1,1,,,,,,0,,1,0,host->host
1791360221554,mesh4_baseline_adapt1_p4,botA,botB,video,in,657.494724169227,0,0,7,1,20,1280,720,,,,1,1,0,host->host
1791360221554,mesh4_baseline_adapt1_p4,botA,botB,audio,out,8.126797646637241,0,0,2.291,1,,,,6142.023,,,,1,0,host->host
1791360221554,mesh4_baseline_adapt1_p4,botA,botB,video,out,722.3091349277915,0,0,5.422,1.8159999999999998,21,1280,720,6142.023,none,,,1,0,host->host
1791360221557,mesh4_baseline_adapt1_p4,botA,botC,audio,in,8.012963837920788,0,0,4,0,,,,,,0,,1,0,host->host
1791360221557,mesh4_baseline_adapt1_p4,botA,botC,video,in,696.6160478256286,0,0,4,0,20,1280,720,,,,1,1,0,host->host
1791360221557,mesh4_baseline_adapt1_p4,botA,botC,audio,out,9.580369937953197,0,0,2.791,1,,,,5943.09,,,,1,0,host->host
1791360221557,mesh4_baseline_adapt1_p4,botA,botC,video,out,667.3151501189003,0,0,6.711,1.343,20,1280,720,5943.09,none,,,1,0,host->host
1791360221559,mesh4_baseline_adapt1_p4,botA,botD,audio,in,8.713294698706171,0,0,3,1,,,,,,0,,1,0,host->host
1791360221559,mesh4_baseline_adapt1_p4,botA,botD,video,in,671.1721850254534,0,0,6,1,20,1280,720,,,,0,1,0,host->host
1791360221559,mesh4_baseline_adapt1_p4,botA,botD,audio,out,8.176228696118027,0,0,2.77,1.0679999999999998,,,,6054.79,,,,1,0,host->host
1791360221559,mesh4_baseline_adapt1_p4,botA,botD,video,out,614.6840638278616,0,0,12.022,1.19,19,1280,720,6054.79,none,,,1,0,host->host
1791360222554,mesh4_baseline_adapt1_p4,botA,botB,audio,in,8.535837452314139,0,0,3,6,,,,,,0,,1,0,host->host
1791360222554,mesh4_baseline_adapt1_p4,botA,botB,video,in,712.050440445714,0,0,10,6,20,1280,720,,,,1,1,0,host->host
1791360222554,mesh4_baseline_adapt1_p4,botA,botB,audio,out,8.127845221697438,0,0,2.291,1,,,,6142.023,,,,1,0,host->host
1791360222554,mesh4_baseline_adapt1_p4,botA,botB,video,out,640.1798090759013,0,0,8.265999999999998,1.282,20,1280,720,6142.023,none,,,1,0,host->host
1791360222563,mesh4_baseline_adapt1_p4,botA,botC,audio,in,8.01751502847462,0,0,3,0,,,,,,0,,1,0,host->host
1791360222563,mesh4_baseline_adapt1_p4,botA,botC,video,in,657.5882610630036,0,0,7,0,20,1280,720,,,,1,1,0,host->host
1791360222563,mesh4_baseline_adapt1_p4,botA,botC,audio,out,7.857484788385305,0,0,2.791,1,,,,5943.09,,,,1,0,host->host
1791360222563,mesh4_baseline_adapt1_p4,botA,botC,video,out,687.6899492238034,0,0,4.444,1,20,1280,720,5943.09,none,,,1,0,host->host
1791360222565,mesh4_baseline_adapt1_p4,botA,botD,audio,in,8.664564555968333,0,0,2,2,,,,,,0,,1,0,host->host
1791360222565,mesh4_baseline_adapt1_p4,botA,botD,video,in,677.6961345454351,0,0,6,2,19,1280,720,,,,0,1,0,host->host
1791360222565,mesh4_baseline_adapt1_p4,botA,botD,audio,out,8.910987951596791,0,0,2.604,1.8920000000000001,,,,6054.79,,,,1,0,host->host
1791360222565,mesh4_baseline_adapt1_p4,botA,botD,video,out,715.057100979427,0,0,7.4879999999999995,1,20,1280,720,6054.79,none,,,1,0,host->host
1791360223555,mesh4_baseline_adapt1_p4,botA,botB,audio,in,8.57767113807817,0,0,2,6,,,,,,0,,1,0,host->host
1791360223555,mesh4_baseline_adapt1_p4,botA,botB,video,in,688.1180620638494,0,0,6,6,20,1280,720,,,,1,1,0,host->host
1791360223555,mesh4_baseline_adapt1_p4,botA,botB,audio,out,8.129583839820356,0,0,2.291,1,,,,6142.023,,,,1,0,host->host
1791360223555,mesh4_baseline_adapt1_p4,botA,botB,video,out,678.7082288004352,0,0,6.088,1.45,20,1280,720,6142.023,none,,,1,0,host->host
1791360223567,mesh4_baseline_adapt1_p4,botA,botC,audio,in,7.99603321789581,0,0,2,1,,,,,,0,,1,0,host->host
1791360223567,mesh4_baseline_adapt1_p4,botA,botC,video,in,672.6183182561775,0,0,5,1,20,1280,720,,,,1,1,0,host->host
1791360223567,mesh4_baseline_adapt1_p4,botA,botC,audio,out,9.57924779503918,0,0,2.791,1,,,,5943.09,,,,1,0,host->host
1791360223567,mesh4_baseline_adapt1_p4,botA,botC,video,out,620.6680904395085,0,0,4.5329999999999995,2.8989999999999996,19,1280,720,5943.09,none,,,1,0,host->host
1791360223569,mesh4_baseline_adapt1_p4,botA,botD,audio,in,8.096149085360961,0,0,2,2,,,,,,0,,1,0,host->host
1791360223569,mesh4_baseline_adapt1_p4,botA,botD,video,in,627.1089021364681,0,0,5,2,19,1280,720,,,,0,1,0,host->host
1791360223569,mesh4_baseline_adapt1_p4,botA,botD,audio,out,8.112086386710097,0,0,2.604,1.8920000000000001,,,,6054.79,,,,1,0,host->host
1791360223569,mesh4_baseline_adapt1_p4,botA,botD,video,out,667.717145974066,0,0,5.8549999999999995,1.434,21,1280,720,6054.79,none,,,1,0,host->host
1791360220608,mesh4_baseline_adapt1_p4,botB,botA,audio,in,8.422778532605378,0,0,2,3,,,,,,0,,1,0,host->host
1791360220608,mesh4_baseline_adapt1_p4,botB,botA,video,in,707.2174396584089,0,0,4,3,20,1280,720,,,,1,1,0,host->host
1791360220608,mesh4_baseline_adapt1_p4,botB,botA,audio,out,8.59875301286874,0,0,1.9789999999999999,1.678,,,,5874.79,,,,1,0,host->host
1791360220608,mesh4_baseline_adapt1_p4,botB,botA,video,out,681.2931991796112,0,0,2.5109999999999997,2.4259999999999997,20,1280,720,5874.79,none,,,1,0,host->host
1791360220610,mesh4_baseline_adapt1_p4,botB,botC,audio,in,8.725024983871327,0,0,2,0,,,,,,0,,1,0,host->host
1791360220610,mesh4_baseline_adapt1_p4,botB,botC,video,in,654.0726986074255,0,0,3,0,20,1280,720,,,,1,1,0,host->host
1791360220610,mesh4_baseline_adapt1_p4,botB,botC,audio,out,8.324794480024018,0,0,1.7289999999999999,1.755,,,,6079.529,,,,1,0,host->host
1791360220610,mesh4_baseline_adapt1_p4,botB,botC,video,out,688.4364896677554,0,0,4.321999999999999,2.045,20,1280,720,6079.529,none,,,1,0,host->host
1791360220612,mesh4_baseline_adapt1_p4,botB,botD,audio,in,8.714657591500913,0,0,3,1,,,,,,0,,1,0,host->host
1791360220612,mesh4_baseline_adapt1_p4,botB,botD,video,in,1134.5444821302174,0,0,8,1,20,1280,720,,,,0,1,0,host->host
1791360220612,mesh4_baseline_adapt1_p4,botB,botD,audio,out,8.234951669032972,0,0,1.312,1,,,,6134.476,,,,1,0,host->host
1791360220612,mesh4_baseline_adapt1_p4,botB,botD,video,out,709.1732504804793,0,0,3.566,3.159,21,1280,720,6134.476,none,,,1,0,host->host
1791360221607,mesh4_baseline_adapt1_p4,botB,botA,audio,in,8.130292599597787,0,0,2,3,,,,,,0,,1,0,host->host
1791360221607,mesh4_baseline_adapt1_p4,botB,botA,video,in,680.9600187552887,0,0,7,3,20,1280,720,,,,1,1,0,host->host
1791360221607,mesh4_baseline_adapt1_p4,botB,botA,audio,out,8.602425732842146,0,0,1.208,3.7079999999999997,,,,5874.79,,,,1,0,host->host
1791360221607,mesh4_baseline_adapt1_p4,botB,botA,video,out,704.5026573655413,0,0,7.088,11.337,20,1280,720,5874.79,none,,,1,0,host->host
1791360221609,mesh4_baseline_adapt1_p4,botB,botC,audio,in,8.723716524740155,0,0,2,3,,,,,,0,,1,0,host->host
1791360221609,mesh4_baseline_adapt1_p4,botB,botC,video,in,691.9267783760415,0,0,6,3,20,1280,720,,,,1,1,0,host->host
1791360221609,mesh4_baseline_adapt1_p4,botB,botC,audio,out,8.32354604195391,0,0,1.7289999999999999,1.755,,,,6079.529,,,,1,0,host->host
1791360221609,mesh4_baseline_adapt1_p4,botB,botC,video,out,666.2598436101317,0,0,4.011,3.342,20,1280,720,6079.529,none,,,1,0,host->host
1791360221610,mesh4_baseline_adapt1_p4,botB,botD,audio,in,8.731743939786202,0,0,3,1,,,,,,0,,1,0,host->host
1791360221610,mesh4_baseline_adapt1_p4,botB,botD,video,in,619.5372594634727,0,0,7,1,20,1280,720,,,,0,1,0,host->host
1791360221610,mesh4_baseline_adapt1_p4,botB,botD,audio,out,8.243086710128441,0,0,1.312,1,,,,6134.476,,,,1,0,host->host
1791360221610,mesh4_baseline_adapt1_p4,botB,botD,video,out,676.7822523017408,0,0,5.011,2.64,21,1280,720,6134.476,none,,,1,0,host->host
1791360222608,mesh4_baseline_adapt1_p4,botB,botA,audio,in,8.126000242127914,0,0,5,2,,,,,,0,,1,0,host->host
1791360222608,mesh4_baseline_adapt1_p4,botB,botA,video,in,653.3912045082656,0,0,8,2,19,1280,720,,,,1,1,0,host->host
1791360222608,mesh4_baseline_adapt1_p4,botB,botA,audio,out,8.55789395578432,0,0,1.208,3.7079999999999997,,,,5874.79,,,,1,0,host->host
1791360222608,mesh4_baseline_adapt1_p4,botB,botA,video,out,748.2158687510496,0,0,4.877,3.3109999999999995,21,1280,720,5874.79,none,,,1,0,host->host
1791360222609,mesh4_baseline_adapt1_p4,botB,botC,audio,in,8.717663087385267,0,0,3,3,,,,,,0,,1,0,host->host
1791360222609,mesh4_baseline_adapt1_p4,botB,botC,video,in,649.4818957222892,0,0,5,3,20,1280,720,,,,1,1,0,host->host
1791360222609,mesh4_baseline_adapt1_p4,botB,botC,audio,out,8.317770285211632,0,0,1.7289999999999999,1.755,,,,6079.529,,,,1,0,host->host
1791360222609,mesh4_baseline_adapt1_p4,botB,botC,video,out,694.85373305691,0,0,4.688,5.539,20,1280,720,6079.529,none,,,1,0,host->host
1791360222610,mesh4_baseline_adapt1_p4,botB,botD,audio,in,8.716216447059846,0,0,5,2,,,,,,0,,1,0,host->host
1791360222610,mesh4_baseline_adapt1_p4,botB,botD,video,in,677.5858721482715,0,0,5,2,20,1280,720,,,,0,1,0,host->host
1791360222610,mesh4_baseline_adapt1_p4,botB,botD,audio,out,8.212435129477486,0,0,1.9789999999999999,1,,,,6134.476,,,,1,0,host->host
1791360222610,mesh4_baseline_adapt1_p4,botB,botD,video,out,672.628024260953,0,0,5.011,2.64,21,1280,720,6134.476,none,,,1,0,host->host
1791360223622,mesh4_baseline_adapt1_p4,botB,botA,audio,in,7.3609194280891925,0,0,3,2,,,,,,0,,1,0,host->host
1791360223622,mesh4_baseline_adapt1_p4,botB,botA,video,in,675.3503709810389,0,0,4,2,20,1280,720,,,,1,1,0,host->host
1791360223622,mesh4_baseline_adapt1_p4,botB,botA,audio,out,8.543781616316338,0,0,1.208,3.7079999999999997,,,,5874.79,,,,1,0,host->host
1791360223622,mesh4_baseline_adapt1_p4,botB,botA,video,out,675.1585554910561,0,0,4.877,3.3109999999999995,20,1280,720,5874.79,none,,,1,0,host->host
1791360223625,mesh4_baseline_adapt1_p4,botB,botC,audio,in,8.598495864107774,0,0,3,3,,,,,,0,,1,0,host->host
1791360223625,mesh4_baseline_adapt1_p4,botB,botC,video,in,668.647437094957,0,0,5,3,20,1280,720,,,,1,1,0,host->host
1791360223625,mesh4_baseline_adapt1_p4,botB,botC,audio,out,9.01658786483962,0,0,1.7289999999999999,1.755,,,,6079.529,,,,1,0,host->host
1791360223625,mesh4_baseline_adapt1_p4,botB,botC,video,out,643.7906843722014,0,0,3.555,1.923,20,1280,720,6079.529,none,,,1,0,host->host
1791360223628,mesh4_baseline_adapt1_p4,botB,botD,audio,in,8.000119188537523,0,0,2,2,,,,,,0,,1,0,host->host
1791360223628,mesh4_baseline_adapt1_p4,botB,botD,video,in,680.0652499571065,0,0,4,2,20,1280,720,,,,0,1,0,host->host
1791360223628,mesh4_baseline_adapt1_p4,botB,botD,audio,out,8.882022091210949,0,0,1.9789999999999999,1,,,,6134.476,,,,1,0,host->host
1791360223628,mesh4_baseline_adapt1_p4,botB,botD,video,out,631.8204367010343,0,0,4.811,1.3729999999999998,20,1280,720,6134.476,none,,,1,0,host->host
1791360221763,mesh4_baseline_adapt1_p4,botC,botA,audio,in,8.719223018456608,0,0,3,2,,,,,,0,,1,0,host->host
1791360221763,mesh4_baseline_adapt1_p4,botC,botA,video,in,669.1643698742666,0,0,4,2,20,1280,720,,,,1,1,0,host->host
1791360221763,mesh4_baseline_adapt1_p4,botC,botA,audio,out,8.015285747241762,0,0,2.604,7.430999999999999,,,,6016.752,,,,1,0,host->host
1791360221763,mesh4_baseline_adapt1_p4,botC,botA,video,out,697.6978272199865,0,0,4.588,1.434,20,1280,720,6016.752,none,,,1,0,host->host
1791360221764,mesh4_baseline_adapt1_p4,botC,botB,audio,in,8.3164995983136,0,0,2,1,,,,,,0,,1,0,host->host
1791360221764,mesh4_baseline_adapt1_p4,botC,botB,video,in,668.998419610496,0,0,3,1,20,1280,720,,,,1,1,0,host->host
1791360221764,mesh4_baseline_adapt1_p4,botC,botB,audio,out,8.724327944000132,0,0,1.4369999999999998,1.434,,,,2390.956,,,,1,0,host->host
1791360221764,mesh4_baseline_adapt1_p4,botC,botB,video,out,660.2181152268918,0,0,4.6,1.007,21,1280,720,2390.956,none,,,1,0,host->host
1791360221765,mesh4_baseline_adapt1_p4,botC,botD,audio,in,8.715659193175275,0,0,2,8,,,,,,0,,1,0,host->host
1791360221765,mesh4_baseline_adapt1_p4,botC,botD,video,in,652.2111682658051,0,0,5,8,20,1280,720,,,,0,1,0,host->host
1791360221765,mesh4_baseline_adapt1_p4,botC,botD,audio,out,8.147941942977617,0,0,2.4579999999999997,1,,,,6081.831,,,,1,0,host->host
1791360221765,mesh4_baseline_adapt1_p4,botC,botD,video,out,652.9308098505627,0,0,5.343999999999999,1.2209999999999999,20,1280,720,6081.831,none,,,1,0,host->host
1791360222764,mesh4_baseline_adapt1_p4,botC,botA,audio,in,8.717080118671188,0,0,2,2,,,,,,0,,1,0,host->host
1791360222764,mesh4_baseline_adapt1_p4,botC,botA,video,in,695.6549827547999,0,0,4,2,20,1280,720,,,,1,1,0,host->host
1791360222764,mesh4_baseline_adapt1_p4,botC,botA,audio,out,8.01331585220966,0,0,2.604,7.430999999999999,,,,6016.752,,,,1,0,host->host
1791360222764,mesh4_baseline_adapt1_p4,botC,botA,video,out,704.2441057341144,0,0,6.922,1.175,21,1280,720,6016.752,none,,,1,0,host->host
1791360222765,mesh4_baseline_adapt1_p4,botC,botB,audio,in,8.314261616799147,0,0,2,1,,,,,,0,,1,0,host->host
1791360222765,mesh4_baseline_adapt1_p4,botC,botB,video,in,695.4719952806009,0,0,4,1,20,1280,720,,,,1,1,0,host->host
1791360222765,mesh4_baseline_adapt1_p4,botC,botB,audio,out,8.697996768343724,0,0,2.187,6.592,,,,2390.956,,,,1,0,host->host
1791360222765,mesh4_baseline_adapt1_p4,botC,botB,video,out,692.5859871616927,0,0,5.9879999999999995,1.007,21,1280,720,2390.956,none,,,1,0,host->host
1791360222766,mesh4_baseline_adapt1_p4,botC,botD,audio,in,8.690012886629377,0,0,2,2,,,,,,0,,1,0,host->host
1791360222766,mesh4_baseline_adapt1_p4,botC,botD,video,in,687.2225278384863,0,0,4,2,20,1280,720,,,,0,1,0,host->host
1791360222766,mesh4_baseline_adapt1_p4,botC,botD,audio,out,8.138392933384274,0,0,2.375,1,,,,6081.831,,,,1,0,host->host
1791360222766,mesh4_baseline_adapt1_p4,botC,botD,video,out,680.4751765263287,0,0,4.366,1.4649999999999999,20,1280,720,6081.831,none,,,1,0,host->host
1791360223763,mesh4_baseline_adapt1_p4,botC,botA,audio,in,8.721622528409828,0,0,3,5,,,,,,0,,1,0,host->host
1791360223763,mesh4_baseline_adapt1_p4,botC,botA,video,in,647.3364273334054,0,0,4,5,20,1280,720,,,,1,1,0,host->host
1791360223763,mesh4_baseline_adapt1_p4,botC,botA,audio,out,8.001488558174152,0,0,2.604,7.430999999999999,,,,6016.752,,,,1,0,host->host
1791360223763,mesh4_baseline_adapt1_p4,botC,botA,video,out,662.4192332655637,0,0,6.922,1.175,21,1280,720,6016.752,none,,,1,0,host->host
1791360223764,mesh4_baseline_adapt1_p4,botC,botB,audio,in,8.30767314357007,0,0,2,1,,,,,,0,,1,0,host->host
1791360223764,mesh4_baseline_adapt1_p4,botC,botB,video,in,647.5583105713978,0,0,4,1,20,1280,720,,,,1,1,0,host->host
1791360223764,mesh4_baseline_adapt1_p4,botC,botB,audio,out,8.72385715461597,0,0,2.187,6.592,,,,2390.956,,,,1,0,host->host
1791360223764,mesh4_baseline_adapt1_p4,botC,botB,video,out,666.1505309110058,0,0,4.5,2.35,20,1280,720,2390.956,none,,,1,0,host->host
1791360223765,mesh4_baseline_adapt1_p4,botC,botD,audio,in,8.131325187912537,0,0,2,2,,,,,,0,,1,0,host->host
1791360223765,mesh4_baseline_adapt1_p4,botC,botD,video,in,661.550531528396,0,0,4,2,20,1280,720,,,,0,1,0,host->host
1791360223765,mesh4_baseline_adapt1_p4,botC,botD,audio,out,8.147331733558035,0,0,2.375,1,,,,6081.831,,,,1,0,host->host
1791360223765,mesh4_baseline_adapt1_p4,botC,botD,video,out,663.6713988264244,0,0,3.7439999999999998,1,20,1280,720,6081.831,none,,,1,0,host->host
1791360224763,mesh4_baseline_adapt1_p4,botC,botD,audio,in,8.12784890850396,0,0,1,0,,,,,,0,,1,0,host->host
1791360224763,mesh4_baseline_adapt1_p4,botC,botD,video,in,669.0405964951677,0,0,2,0,20,1280,720,,,,0,1,0,host->host
1791360224763,mesh4_baseline_adapt1_p4,botC,botD,audio,out,8.15991142885309,0,0,2.375,1,,,,6081.831,,,,1,0,host->host
1791360224763,mesh4_baseline_adapt1_p4,botC,botD,video,out,677.2886798549808,0,0,4.433,1.495,20,1280,720,6081.831,none,,,1,0,host->host
1791360222903,mesh4_baseline_adapt1_p4,botD,botA,audio,in,8.109892314489198,0,0,2,1,,,,,,0,,1,0,host->host
1791360222903,mesh4_baseline_adapt1_p4,botD,botA,video,in,681.3662519336249,0,0,5,1,20,1280,720,,,,0,1,0,host->host
1791360222903,mesh4_baseline_adapt1_p4,botD,botA,audio,out,8.67495841294723,0,0,2,1.0219999999999998,,,,6061.975,,,,1,0,host->host
1791360222903,mesh4_baseline_adapt1_p4,botD,botA,video,out,678.1589049240673,0,0,5.843999999999999,1,20,1280,720,6061.975,none,,,1,0,host->host
1791360222906,mesh4_baseline_adapt1_p4,botD,botB,audio,in,8.224063056332595,0,0,1,2,,,,,,0,,1,0,host->host
1791360222906,mesh4_baseline_adapt1_p4,botD,botB,video,in,662.4087173682234,0,0,6,2,20,1280,720,,,,0,1,0,host->host
1791360222906,mesh4_baseline_adapt1_p4,botD,botB,audio,out,8.711592547524326,0,0,2.791,1,,,,6021.209,,,,1,0,host->host
1791360222906,mesh4_baseline_adapt1_p4,botD,botB,video,out,650.2364646619119,0,0,5.755,1.3729999999999998,19,1280,720,6021.209,none,,,1,0,host->host
1791360222909,mesh4_baseline_adapt1_p4,botD,botC,audio,in,8.140947144820693,0,0,2,2,,,,,,0,,1,0,host->host
1791360222909,mesh4_baseline_adapt1_p4,botD,botC,video,in,644.4623266275146,0,0,3,2,20,1280,720,,,,0,1,0,host->host
1791360222909,mesh4_baseline_adapt1_p4,botD,botC,audio,out,7.837061102086717,0,0,2.833,2.502,,,,6050.698,,,,1,0,host->host
1791360222909,mesh4_baseline_adapt1_p4,botD,botC,video,out,685.3989753842309,0,0,4.244,1,20,1280,720,6050.698,none,,,1,0,host->host
1791360223901,mesh4_baseline_adapt1_p4,botD,botA,audio,in,8.15802359475847,0,0,3,1,,,,,,0,,1,0,host->host
1791360223901,mesh4_baseline_adapt1_p4,botD,botA,video,in,667.803951078991,0,0,5,1,20,1280,720,,,,0,1,0,host->host
1791360223901,mesh4_baseline_adapt1_p4,botD,botA,audio,out,8.141996043491755,0,0,2,1.0219999999999998,,,,6061.975,,,,1,0,host->host
1791360223901,mesh4_baseline_adapt1_p4,botD,botA,video,out,664.894950524082,0,0,6.388,2.9909999999999997,20,1280,720,6061.975,none,,,1,0,host->host
1791360223905,mesh4_baseline_adapt1_p4,botD,botB,audio,in,8.219878286029054,0,0,3,2,,,,,,0,,1,0,host->host
1791360223905,mesh4_baseline_adapt1_p4,botD,botB,video,in,683.7320395366253,0,0,5,2,20,1280,720,,,,0,1,0,host->host
1791360223905,mesh4_baseline_adapt1_p4,botD,botB,audio,out,8.13976251326074,0,0,2.791,1,,,,6021.209,,,,1,0,host->host
1791360223905,mesh4_baseline_adapt1_p4,botD,botB,video,out,652.1664250659095,0,0,4.465999999999999,4.059,20,1280,720,6021.209,none,,,1,0,host->host
1791360223908,mesh4_baseline_adapt1_p4,botD,botC,audio,in,8.153638651941577,0,0,3,2,,,,,,0,,1,0,host->host
1791360223908,mesh4_baseline_adapt1_p4,botD,botC,video,in,670.3204051273503,0,0,4,2,20,1280,720,,,,0,1,0,host->host
1791360223908,mesh4_baseline_adapt1_p4,botD,botC,audio,out,8.137619715493756,0,0,2.833,2.502,,,,6050.698,,,,1,0,host->host
1791360223908,mesh4_baseline_adapt1_p4,botD,botC,video,out,631.033963489066,0,0,4.244,1,20,1280,720,6050.698,none,,,1,0,host->host
1791360224895,mesh4_baseline_adapt1_p4,botD,botC,audio,in,8.241479234490567,0,0,0,0,,,,,,0,,1,0,host->host
1791360224895,mesh4_baseline_adapt1_p4,botD,botC,video,in,686.9248654680988,0,0,2,0,20,1280,720,,,,0,1,0,host->host
1791360224895,mesh4_baseline_adapt1_p4,botD,botC,audio,out,8.209096211958189,0,0,2.833,2.502,,,,6050.698,,,,1,0,host->host
1791360224895,mesh4_baseline_adapt1_p4,botD,botC,video,out,679.6467811539466,0,0,3.955,1.48,20,1280,720,6050.698,none,,,1,0,host->host
