ts,run,peer,remote,kind,direction,bitrate_kbps,packets_lost,loss_pct,jitter_ms,rtt_ms,fps,width,height,avail_out_kbps,limit_reason,concealed_pct,freeze_count,adapt_on,adapt_level,candidate_type
1791433638049,nat_c,Laptop,Friend,video,in,18.7,,0.00,1.6,0.0,0,0,0,,,,0,1,0,srflx->srflx
1791433638049,nat_c,Laptop,Friend,audio,in,0.0,,0.00,0.0,0.0,,,,,,0.00,,1,0,srflx->srflx
1791433638049,nat_c,Laptop,Friend,video,out,278.2,,0.00,0.0,0.0,,,,1200,none,,,1,0,srflx->srflx
1791433638049,nat_c,Laptop,Friend,audio,out,6.2,,0.00,0.0,0.0,,,,1200,none,,,1,0,srflx->srflx
1791433639051,nat_c,Laptop,Friend,video,in,83.4,,0.00,16.8,48.6,20,640,480,,,,0,1,0,srflx->srflx
1791433639051,nat_c,Laptop,Friend,audio,in,18.4,,0.00,17.9,48.6,,,,,,0.00,,1,0,srflx->srflx
1791433639051,nat_c,Laptop,Friend,video,out,1473.9,,0.00,2.3,48.6,,,,1200,none,,,1,0,srflx->srflx
1791433639051,nat_c,Laptop,Friend,audio,out,31.6,,2.34,4.6,48.6,,,,1200,none,,,1,0,srflx->srflx
1791433640052,nat_c,Laptop,Friend,video,in,29.6,,0.00,13.4,77.3,20,640,480,,,,0,1,0,srflx->srflx
1791433640052,nat_c,Laptop,Friend,audio,in,29.9,,0.00,11.8,77.3,,,,,,0.00,,1,0,srflx->srflx
1791433640052,nat_c,Laptop,Friend,video,out,1515.2,,0.00,0.9,77.3,,,,1200,none,,,1,0,srflx->srflx
1791433640052,nat_c,Laptop,Friend,audio,out,31.8,,0.00,7.4,77.3,,,,1200,none,,,1,0,srflx->srflx
1791433641052,nat_c,Laptop,Friend,video,in,27.2,,0.00,13.8,55.6,19,640,480,,,,0,1,0,srflx->srflx
1791433641052,nat_c,Laptop,Friend,audio,in,21.4,,0.00,11.5,55.6,,,,,,0.00,,1,0,srflx->srflx
1791433641052,nat_c,Laptop,Friend,video,out,1411.1,,0.00,1.6,55.6,,,,1200,none,,,1,0,srflx->srflx
1791433641052,nat_c,Laptop,Friend,audio,out,31.8,,0.00,6.4,55.6,,,,1200,none,,,1,0,srflx->srflx
1791433642053,nat_c,Laptop,Friend,video,in,28.3,,0.00,18.1,55.6,20,640,480,,,,0,1,0,srflx->srflx
1791433642053,nat_c,Laptop,Friend,audio,in,37.3,,0.00,13.4,55.6,,,,,,0.00,,1,0,srflx->srflx
1791433642053,nat_c,Laptop,Friend,video,out,1472.9,,0.00,3.8,55.6,,,,1200,none,,,1,0,srflx->srflx
1791433642053,nat_c,Laptop,Friend,audio,out,31.6,,3.91,12.5,55.6,,,,1200,none,,,1,0,srflx->srflx
1791433643053,nat_c,Laptop,Friend,video,in,28.3,,0.00,22.4,65.4,20,640,480,,,,0,1,0,srflx->srflx
1791433643053,nat_c,Laptop,Friend,audio,in,37.4,,0.00,19.9,65.4,,,,,,0.00,,1,0,srflx->srflx
1791433643053,nat_c,Laptop,Friend,video,out,1493.9,,0.00,2.0,65.4,,,,1200,none,,,1,0,srflx->srflx
1791433643053,nat_c,Laptop,Friend,audio,out,31.5,,0.00,7.5,65.4,,,,1200,none,,,1,0,srflx->srflx
1791433644054,nat_c,Laptop,Friend,video,in,28.3,,0.00,24.5,60.5,20,640,480,,,,0,1,0,srflx->srflx
1791433644054,nat_c,Laptop,Friend,audio,in,38.5,,0.00,17.6,60.5,,,,,,0.00,,1,0,srflx->srflx
1791433644054,nat_c,Laptop,Friend,video,out,1506.4,,0.00,1.5,60.5,,,,1200,none,,,1,0,srflx->srflx
1791433644054,nat_c,Laptop,Friend,audio,out,32.2,,0.00,4.0,60.5,,,,1200,none,,,1,0,srflx->srflx
1791433645053,nat_c,Laptop,Friend,video,in,28.3,,0.00,24.1,82.0,20,640,480,,,,0,1,0,srflx->srflx
1791433645053,nat_c,Laptop,Friend,audio,in,24.0,,0.00,16.1,82.0,,,,,,4.00,,1,0,srflx->srflx
1791433645053,nat_c,Laptop,Friend,video,out,1496.0,,0.39,1.3,82.0,,,,1200,none,,,1,0,srflx->srflx
1791433645053,nat_c,Laptop,Friend,audio,out,32.5,,0.00,5.1,82.0,,,,1200,none,,,1,0,srflx->srflx
1791433646052,nat_c,Laptop,Friend,video,in,24.2,,0.00,31.3,194.2,17,640,480,,,,0,1,0,srflx->srflx
1791433646052,nat_c,Laptop,Friend,audio,in,16.2,,0.00,28.8,194.2,,,,,,18.75,,1,0,srflx->srflx
1791433646052,nat_c,Laptop,Friend,video,out,1538.5,,0.00,0.9,194.2,,,,1200,none,,,1,0,srflx->srflx
1791433646052,nat_c,Laptop,Friend,audio,out,31.4,,0.00,4.6,194.2,,,,1200,none,,,1,0,srflx->srflx
1791433647055,nat_c,Laptop,Friend,video,in,12.7,,0.00,56.5,194.2,9,640,480,,,,1,1,0,srflx->srflx
1791433647055,nat_c,Laptop,Friend,audio,in,10.6,,0.00,36.1,194.2,,,,,,71.74,,1,0,srflx->srflx
1791433647055,nat_c,Laptop,Friend,video,out,1408.8,,0.00,0.9,194.2,,,,1200,none,,,1,0,srflx->srflx
1791433647055,nat_c,Laptop,Friend,audio,out,31.6,,0.00,4.6,194.2,,,,1200,none,,,1,0,srflx->srflx
1791433648055,nat_c,Laptop,Friend,video,in,39.5,,15.15,178.6,741.6,24,640,480,,,,3,1,2,srflx->srflx
1791433648055,nat_c,Laptop,Friend,audio,in,52.4,,14.46,179.3,741.6,,,,,,50.00,,1,2,srflx->srflx
1791433648055,nat_c,Laptop,Friend,video,out,763.6,,2.34,4.3,741.6,,,,500,bandwidth,,,1,2,srflx->srflx
1791433648055,nat_c,Laptop,Friend,audio,out,31.5,,0.00,18.3,741.6,,,,500,bandwidth,,,1,2,srflx->srflx
1791433649056,nat_c,Laptop,Friend,video,in,5.8,,0.00,190.2,526.1,3,640,480,,,,3,1,4,srflx->srflx
1791433649056,nat_c,Laptop,Friend,audio,in,7.9,,0.00,171.5,526.1,,,,,,84.00,,1,4,srflx->srflx
1791433649056,nat_c,Laptop,Friend,video,out,158.9,,1.56,8.4,526.1,,,,180,bandwidth,,,1,4,srflx->srflx
1791433649056,nat_c,Laptop,Friend,audio,out,31.8,,0.00,24.1,526.1,,,,180,bandwidth,,,1,4,srflx->srflx
1791433650056,nat_c,Laptop,Friend,video,in,2.8,,0.00,233.1,526.1,0,640,480,,,,3,1,4,srflx->srflx
1791433650056,nat_c,Laptop,Friend,audio,in,0.5,,0.00,220.1,526.1,,,,,,95.45,,1,4,srflx->srflx
1791433650056,nat_c,Laptop,Friend,video,out,252.7,,1.56,8.4,526.1,,,,180,bandwidth,,,1,4,srflx->srflx
1791433650056,nat_c,Laptop,Friend,audio,out,31.6,,0.00,24.1,526.1,,,,180,bandwidth,,,1,4,srflx->srflx
1791433651058,nat_c,Laptop,Friend,video,in,9.3,,0.00,298.4,526.1,0,640,480,,,,3,1,4,srflx->srflx
1791433651058,nat_c,Laptop,Friend,audio,in,1.7,,0.00,227.4,526.1,,,,,,86.36,,1,4,srflx->srflx
1791433651058,nat_c,Laptop,Friend,video,out,237.7,,1.56,8.4,526.1,,,,180,bandwidth,,,1,4,srflx->srflx
1791433651058,nat_c,Laptop,Friend,audio,out,31.4,,0.00,24.1,526.1,,,,180,bandwidth,,,1,4,srflx->srflx
1791433652060,nat_c,Laptop,Friend,video,in,12.5,,0.00,299.4,526.1,0,640,480,,,,3,1,4,srflx->srflx
1791433652060,nat_c,Laptop,Friend,audio,in,1.5,,0.00,279.6,526.1,,,,,,90.91,,1,4,srflx->srflx
1791433652060,nat_c,Laptop,Friend,video,out,229.5,,1.56,8.4,526.1,,,,180,bandwidth,,,1,4,srflx->srflx
1791433652060,nat_c,Laptop,Friend,audio,out,32.0,,0.00,24.1,526.1,,,,180,bandwidth,,,1,4,srflx->srflx
1791433653060,nat_c,Laptop,Friend,video,in,0.0,,0.00,299.4,526.1,0,640,480,,,,3,1,4,srflx->srflx
1791433653060,nat_c,Laptop,Friend,audio,in,0.0,,0.00,279.6,526.1,,,,,,0.00,,1,4,srflx->srflx
1791433653060,nat_c,Laptop,Friend,video,out,235.8,,1.56,8.4,526.1,,,,180,bandwidth,,,1,4,srflx->srflx
1791433653060,nat_c,Laptop,Friend,audio,out,31.4,,0.00,24.1,526.1,,,,180,bandwidth,,,1,4,srflx->srflx
1791433654060,nat_c,Laptop,Friend,video,in,0.0,,0.00,299.4,526.1,0,640,480,,,,3,1,4,srflx->srflx
1791433654060,nat_c,Laptop,Friend,audio,in,0.0,,0.00,279.6,526.1,,,,,,0.00,,1,4,srflx->srflx
1791433654060,nat_c,Laptop,Friend,video,out,213.7,,1.56,8.4,526.1,,,,180,bandwidth,,,1,4,srflx->srflx
1791433654060,nat_c,Laptop,Friend,audio,out,31.4,,0.00,24.1,526.1,,,,180,bandwidth,,,1,4,srflx->srflx
1791433655060,nat_c,Laptop,Friend,video,in,9.4,,0.00,452.4,526.1,0,640,480,,,,3,1,4,srflx->srflx
1791433655060,nat_c,Laptop,Friend,audio,in,0.0,,0.00,279.6,526.1,,,,,,0.00,,1,4,srflx->srflx
1791433655060,nat_c,Laptop,Friend,video,out,222.6,,1.56,8.4,526.1,,,,180,bandwidth,,,1,4,srflx->srflx
1791433655060,nat_c,Laptop,Friend,audio,out,31.7,,0.00,24.1,526.1,,,,180,bandwidth,,,1,4,srflx->srflx
1791433656062,nat_c,Laptop,Friend,video,in,0.0,,0.00,452.4,526.1,0,640,480,,,,3,1,4,srflx->srflx
1791433656062,nat_c,Laptop,Friend,audio,in,0.0,,0.00,279.6,526.1,,,,,,0.00,,1,4,srflx->srflx
1791433656062,nat_c,Laptop,Friend,video,out,224.8,,1.56,8.4,526.1,,,,180,bandwidth,,,1,4,srflx->srflx
1791433656062,nat_c,Laptop,Friend,audio,out,31.6,,0.00,24.1,526.1,,,,180,bandwidth,,,1,4,srflx->srflx
1791433657063,nat_c,Laptop,Friend,video,in,4.5,,0.00,545.4,526.1,0,640,480,,,,3,1,4,srflx->srflx
1791433657063,nat_c,Laptop,Friend,audio,in,1.5,,0.00,560.8,526.1,,,,,,92.31,,1,4,srflx->srflx
1791433657063,nat_c,Laptop,Friend,video,out,225.5,,1.56,8.4,526.1,,,,180,bandwidth,,,1,4,srflx->srflx
1791433657063,nat_c,Laptop,Friend,audio,out,31.5,,0.00,24.1,526.1,,,,180,bandwidth,,,1,4,srflx->srflx
1791433658064,nat_c,Laptop,Friend,video,in,3.6,,0.00,604.3,526.1,0,640,480,,,,3,1,4,srflx->srflx
1791433658064,nat_c,Laptop,Friend,audio,in,0.0,,0.00,560.8,526.1,,,,,,100.00,,1,4,srflx->srflx
1791433658064,nat_c,Laptop,Friend,video,out,226.6,,1.56,8.4,526.1,,,,180,bandwidth,,,1,4,srflx->srflx
1791433658064,nat_c,Laptop,Friend,audio,out,31.5,,0.00,24.1,526.1,,,,180,bandwidth,,,1,4,srflx->srflx
1791433659066,nat_c,Laptop,Friend,video,in,0.0,,0.00,604.3,526.1,0,640,480,,,,3,1,4,srflx->srflx
1791433659066,nat_c,Laptop,Friend,audio,in,0.0,,0.00,560.8,526.1,,,,,,0.00,,1,4,srflx->srflx
1791433659066,nat_c,Laptop,Friend,video,out,217.9,,1.56,8.4,526.1,,,,180,bandwidth,,,1,4,srflx->srflx
1791433659066,nat_c,Laptop,Friend,audio,out,31.7,,0.00,24.1,526.1,,,,180,bandwidth,,,1,4,srflx->srflx
1791433660067,nat_c,Laptop,Friend,video,in,0.0,,0.00,604.3,526.1,0,640,480,,,,3,1,4,srflx->srflx
1791433660067,nat_c,Laptop,Friend,audio,in,1.3,,0.00,619.0,526.1,,,,,,91.67,,1,4,srflx->srflx
1791433660067,nat_c,Laptop,Friend,video,out,223.7,,1.56,8.4,526.1,,,,180,bandwidth,,,1,4,srflx->srflx
1791433660067,nat_c,Laptop,Friend,audio,out,31.8,,0.00,24.1,526.1,,,,180,bandwidth,,,1,4,srflx->srflx
1791433661068,nat_c,Laptop,Friend,video,in,0.0,,0.00,604.3,526.1,0,640,480,,,,3,1,4,srflx->srflx
1791433661068,nat_c,Laptop,Friend,audio,in,0.0,,0.00,619.0,526.1,,,,,,0.00,,1,4,srflx->srflx
1791433661068,nat_c,Laptop,Friend,video,out,211.0,,1.56,8.4,526.1,,,,180,bandwidth,,,1,4,srflx->srflx
1791433661068,nat_c,Laptop,Friend,audio,out,31.7,,0.00,24.1,526.1,,,,180,bandwidth,,,1,4,srflx->srflx
1791433662069,nat_c,Laptop,Friend,video,in,0.0,,0.00,604.3,526.1,0,640,480,,,,3,1,4,srflx->srflx
1791433662069,nat_c,Laptop,Friend,audio,in,0.7,,0.00,742.1,526.1,,,,,,93.33,,1,4,srflx->srflx
1791433662069,nat_c,Laptop,Friend,video,out,233.0,,1.56,8.4,526.1,,,,180,bandwidth,,,1,4,srflx->srflx
1791433662069,nat_c,Laptop,Friend,audio,out,31.6,,0.00,24.1,526.1,,,,180,bandwidth,,,1,4,srflx->srflx
1791433663069,nat_c,Laptop,Friend,video,in,0.0,,0.00,604.3,526.1,0,640,480,,,,3,1,4,srflx->srflx
1791433663069,nat_c,Laptop,Friend,audio,in,0.0,,0.00,742.1,526.1,,,,,,100.00,,1,4,srflx->srflx
1791433663069,nat_c,Laptop,Friend,video,out,220.3,,1.56,8.4,526.1,,,,180,bandwidth,,,1,4,srflx->srflx
1791433663069,nat_c,Laptop,Friend,audio,out,31.6,,0.00,24.1,526.1,,,,180,bandwidth,,,1,4,srflx->srflx
1791433664070,nat_c,Laptop,Friend,video,in,0.0,,0.00,604.3,526.1,0,640,480,,,,3,1,4,srflx->srflx
1791433664070,nat_c,Laptop,Friend,audio,in,0.7,,0.00,839.6,526.1,,,,,,0.00,,1,4,srflx->srflx
1791433664070,nat_c,Laptop,Friend,video,out,227.6,,1.56,8.4,526.1,,,,180,bandwidth,,,1,4,srflx->srflx
1791433664070,nat_c,Laptop,Friend,audio,out,31.4,,0.00,24.1,526.1,,,,180,bandwidth,,,1,4,srflx->srflx
1791433665070,nat_c,Laptop,Friend,video,in,84.7,,1.85,91.1,14514.3,0,640,480,,,,3,1,5,srflx->srflx
1791433665070,nat_c,Laptop,Friend,audio,in,88.8,,0.00,41.1,14514.3,,,,,,95.65,,1,5,srflx->srflx
1791433665070,nat_c,Laptop,Friend,video,out,229.5,,0.00,28.2,14514.3,,,,100,bandwidth,,,1,5,srflx->srflx
1791433665070,nat_c,Laptop,Friend,audio,out,31.4,,3.12,48.2,14514.3,,,,100,bandwidth,,,1,5,srflx->srflx
1791433945285,nat_c,Laptop,Friend,video,in,924.4,,0.00,7.5,0.0,14,640,480,,,,0,1,5,srflx->srflx
1791433945285,nat_c,Laptop,Friend,audio,in,13.7,,0.00,20.9,0.0,,,,,,0.00,,1,5,srflx->srflx
1791433945285,nat_c,Laptop,Friend,video,out,63.4,,0.00,1.5,0.0,,,,100,bandwidth,,,1,5,srflx->srflx
1791433945285,nat_c,Laptop,Friend,audio,out,16.5,,0.00,2.2,0.0,,,,100,bandwidth,,,1,5,srflx->srflx
1791433946286,nat_c,Laptop,Friend,video,in,1256.4,,0.00,10.8,0.0,11,640,480,,,,1,1,5,srflx->srflx
1791433946286,nat_c,Laptop,Friend,audio,in,25.9,,0.00,25.8,0.0,,,,,,0.00,,1,5,srflx->srflx
1791433946286,nat_c,Laptop,Friend,video,out,127.4,,0.00,1.5,0.0,,,,100,bandwidth,,,1,5,srflx->srflx
1791433946286,nat_c,Laptop,Friend,audio,out,31.0,,0.00,2.2,0.0,,,,100,bandwidth,,,1,5,srflx->srflx
1791433947288,nat_c,Laptop,Friend,video,in,1243.2,,0.00,13.0,156.6,21,640,480,,,,1,1,5,srflx->srflx
1791433947288,nat_c,Laptop,Friend,audio,in,29.0,,0.00,23.6,156.6,,,,,,0.00,,1,5,srflx->srflx
1791433947288,nat_c,Laptop,Friend,video,out,128.9,,0.00,4.9,156.6,,,,100,bandwidth,,,1,5,srflx->srflx
1791433947288,nat_c,Laptop,Friend,audio,out,30.6,,0.00,6.5,156.6,,,,100,bandwidth,,,1,5,srflx->srflx
1791433948291,nat_c,Laptop,Friend,video,in,1080.0,,0.00,11.1,243.8,19,640,480,,,,1,1,5,srflx->srflx
1791433948291,nat_c,Laptop,Friend,audio,in,32.0,,0.00,31.0,243.8,,,,,,0.00,,1,5,srflx->srflx
1791433948291,nat_c,Laptop,Friend,video,out,121.5,,0.00,3.6,243.8,,,,100,bandwidth,,,1,5,srflx->srflx
1791433948291,nat_c,Laptop,Friend,audio,out,31.1,,0.00,3.2,243.8,,,,100,bandwidth,,,1,5,srflx->srflx
1791433949291,nat_c,Laptop,Friend,video,in,1289.8,,0.00,6.6,78.0,22,640,480,,,,1,1,5,srflx->srflx
1791433949291,nat_c,Laptop,Friend,audio,in,28.6,,0.00,18.5,78.0,,,,,,0.00,,1,5,srflx->srflx
1791433949291,nat_c,Laptop,Friend,video,out,128.5,,0.00,3.8,78.0,,,,100,bandwidth,,,1,5,srflx->srflx
1791433949291,nat_c,Laptop,Friend,audio,out,30.4,,0.00,4.2,78.0,,,,100,bandwidth,,,1,5,srflx->srflx
1791433950292,nat_c,Laptop,Friend,video,in,1331.8,,0.00,6.9,168.0,22,640,480,,,,2,1,5,srflx->srflx
1791433950292,nat_c,Laptop,Friend,audio,in,26.1,,0.00,18.2,168.0,,,,,,0.00,,1,5,srflx->srflx
1791433950292,nat_c,Laptop,Friend,video,out,124.4,,0.00,5.9,168.0,,,,100,bandwidth,,,1,5,srflx->srflx
1791433950292,nat_c,Laptop,Friend,audio,out,30.9,,0.00,4.4,168.0,,,,100,bandwidth,,,1,5,srflx->srflx
1791433951292,nat_c,Laptop,Friend,video,in,850.8,,0.00,10.0,81.2,20,640,480,,,,2,1,5,srflx->srflx
1791433951292,nat_c,Laptop,Friend,audio,in,38.0,,0.00,15.3,81.2,,,,,,0.00,,1,5,srflx->srflx
1791433951292,nat_c,Laptop,Friend,video,out,124.3,,0.00,5.5,81.2,,,,100,bandwidth,,,1,5,srflx->srflx
1791433951292,nat_c,Laptop,Friend,audio,out,32.4,,0.00,5.4,81.2,,,,100,bandwidth,,,1,5,srflx->srflx
1791433952292,nat_c,Laptop,Friend,video,in,1086.6,,0.00,7.7,117.3,20,640,480,,,,2,1,5,srflx->srflx
1791433952292,nat_c,Laptop,Friend,audio,in,24.3,,0.00,17.9,117.3,,,,,,0.00,,1,5,srflx->srflx
1791433952292,nat_c,Laptop,Friend,video,out,121.6,,0.00,5.7,117.3,,,,100,bandwidth,,,1,5,srflx->srflx
1791433952292,nat_c,Laptop,Friend,audio,out,34.7,,0.00,3.9,117.3,,,,100,bandwidth,,,1,5,srflx->srflx
1791433953294,nat_c,Laptop,Friend,video,in,1204.6,,0.00,8.3,73.6,20,640,480,,,,2,1,5,srflx->srflx
1791433953294,nat_c,Laptop,Friend,audio,in,23.7,,0.00,13.3,73.6,,,,,,0.00,,1,5,srflx->srflx
1791433953294,nat_c,Laptop,Friend,video,out,129.7,,4.69,6.3,73.6,,,,100,bandwidth,,,1,5,srflx->srflx
1791433953294,nat_c,Laptop,Friend,audio,out,36.8,,0.00,4.1,73.6,,,,100,bandwidth,,,1,5,srflx->srflx
1791433954296,nat_c,Laptop,Friend,video,in,1219.5,,0.00,6.3,61.6,20,640,480,,,,2,1,5,srflx->srflx
1791433954296,nat_c,Laptop,Friend,audio,in,31.0,,0.00,17.6,61.6,,,,,,0.00,,1,5,srflx->srflx
1791433954296,nat_c,Laptop,Friend,video,out,125.8,,0.00,4.9,61.6,,,,100,bandwidth,,,1,5,srflx->srflx
1791433954296,nat_c,Laptop,Friend,audio,out,31.8,,0.00,3.9,61.6,,,,100,bandwidth,,,1,5,srflx->srflx
1791433955297,nat_c,Laptop,Friend,video,in,1225.0,,0.00,7.7,65.6,19,640,480,,,,2,1,5,srflx->srflx
1791433955297,nat_c,Laptop,Friend,audio,in,22.3,,0.00,17.7,65.6,,,,,,0.00,,1,5,srflx->srflx
1791433955297,nat_c,Laptop,Friend,video,out,127.0,,0.00,4.5,65.6,,,,100,bandwidth,,,1,5,srflx->srflx
1791433955297,nat_c,Laptop,Friend,audio,out,36.6,,0.00,4.3,65.6,,,,100,bandwidth,,,1,5,srflx->srflx
1791433956297,nat_c,Laptop,Friend,video,in,1227.3,,0.00,5.4,45.3,22,640,480,,,,2,1,5,srflx->srflx
1791433956297,nat_c,Laptop,Friend,audio,in,30.7,,0.00,17.2,45.3,,,,,,0.00,,1,5,srflx->srflx
1791433956297,nat_c,Laptop,Friend,video,out,126.1,,0.00,10.2,45.3,,,,100,bandwidth,,,1,5,srflx->srflx
1791433956297,nat_c,Laptop,Friend,audio,out,33.6,,0.00,7.6,45.3,,,,100,bandwidth,,,1,5,srflx->srflx
1791433957297,nat_c,Laptop,Friend,video,in,1141.6,,0.00,8.4,75.8,19,640,480,,,,2,1,5,srflx->srflx
1791433957297,nat_c,Laptop,Friend,audio,in,28.4,,0.00,21.7,75.8,,,,,,0.00,,1,5,srflx->srflx
1791433957297,nat_c,Laptop,Friend,video,out,119.0,,0.00,5.6,75.8,,,,100,bandwidth,,,1,5,srflx->srflx
1791433957297,nat_c,Laptop,Friend,audio,out,33.5,,0.00,3.5,75.8,,,,100,bandwidth,,,1,5,srflx->srflx
1791433958297,nat_c,Laptop,Friend,video,in,1227.5,,0.00,9.0,67.3,20,640,480,,,,2,1,5,srflx->srflx
1791433958297,nat_c,Laptop,Friend,audio,in,28.9,,0.00,18.3,67.3,,,,,,0.00,,1,5,srflx->srflx
1791433958297,nat_c,Laptop,Friend,video,out,120.5,,0.00,6.6,67.3,,,,100,bandwidth,,,1,5,srflx->srflx
1791433958297,nat_c,Laptop,Friend,audio,out,31.3,,0.00,4.5,67.3,,,,100,bandwidth,,,1,5,srflx->srflx
1791433959296,nat_c,Laptop,Friend,video,in,1118.5,,0.00,10.6,104.8,20,640,480,,,,2,1,5,srflx->srflx
1791433959296,nat_c,Laptop,Friend,audio,in,37.8,,0.00,19.9,104.8,,,,,,0.00,,1,5,srflx->srflx
1791433959296,nat_c,Laptop,Friend,video,out,122.6,,0.00,5.2,104.8,,,,100,bandwidth,,,1,5,srflx->srflx
1791433959296,nat_c,Laptop,Friend,audio,out,32.2,,0.00,5.2,104.8,,,,100,bandwidth,,,1,5,srflx->srflx
1791433960297,nat_c,Laptop,Friend,video,in,1316.5,,0.00,4.8,85.4,20,640,480,,,,2,1,5,srflx->srflx
1791433960297,nat_c,Laptop,Friend,audio,in,39.2,,0.00,17.2,85.4,,,,,,0.00,,1,5,srflx->srflx
1791433960297,nat_c,Laptop,Friend,video,out,131.4,,0.00,4.0,85.4,,,,100,bandwidth,,,1,5,srflx->srflx
1791433960297,nat_c,Laptop,Friend,audio,out,32.3,,0.00,4.0,85.4,,,,100,bandwidth,,,1,5,srflx->srflx
1791433961296,nat_c,Laptop,Friend,video,in,1313.5,,0.00,4.5,55.2,20,640,480,,,,2,1,5,srflx->srflx
1791433961296,nat_c,Laptop,Friend,audio,in,37.7,,0.00,15.8,55.2,,,,,,0.00,,1,5,srflx->srflx
1791433961296,nat_c,Laptop,Friend,video,out,120.0,,0.00,3.3,55.2,,,,100,bandwidth,,,1,5,srflx->srflx
1791433961296,nat_c,Laptop,Friend,audio,out,33.3,,0.00,3.5,55.2,,,,100,bandwidth,,,1,5,srflx->srflx
1791433962297,nat_c,Laptop,Friend,video,in,916.6,,0.00,17.0,55.2,14,640,480,,,,2,1,5,srflx->srflx
1791433962297,nat_c,Laptop,Friend,audio,in,22.1,,0.00,27.5,55.2,,,,,,0.00,,1,5,srflx->srflx
1791433962297,nat_c,Laptop,Friend,video,out,126.7,,0.00,3.3,55.2,,,,100,bandwidth,,,1,5,srflx->srflx
1791433962297,nat_c,Laptop,Friend,audio,out,29.3,,0.00,3.5,55.2,,,,100,bandwidth,,,1,5,srflx->srflx
1791433963299,nat_c,Laptop,Friend,video,in,1585.5,,0.00,6.6,64.2,21,640,480,,,,3,1,5,srflx->srflx
1791433963299,nat_c,Laptop,Friend,audio,in,30.8,,0.00,18.2,64.2,,,,,,6.00,,1,5,srflx->srflx
1791433963299,nat_c,Laptop,Friend,video,out,124.3,,0.00,6.8,64.2,,,,100,bandwidth,,,1,5,srflx->srflx
1791433963299,nat_c,Laptop,Friend,audio,out,19.0,,0.00,3.7,64.2,,,,100,bandwidth,,,1,5,srflx->srflx
1791433964299,nat_c,Laptop,Friend,video,in,1189.8,,0.00,10.5,146.5,19,640,480,,,,3,1,5,srflx->srflx
1791433964299,nat_c,Laptop,Friend,audio,in,31.7,,0.00,22.0,146.5,,,,,,0.00,,1,5,srflx->srflx
1791433964299,nat_c,Laptop,Friend,video,out,118.5,,0.00,4.7,146.5,,,,100,bandwidth,,,1,5,srflx->srflx
1791433964299,nat_c,Laptop,Friend,audio,out,19.0,,0.00,4.4,146.5,,,,100,bandwidth,,,1,5,srflx->srflx
1791433965301,nat_c,Laptop,Friend,video,in,1276.0,,0.00,7.0,81.1,21,640,480,,,,3,1,5,srflx->srflx
1791433965301,nat_c,Laptop,Friend,audio,in,22.9,,0.00,19.0,81.1,,,,,,0.00,,1,5,srflx->srflx
1791433965301,nat_c,Laptop,Friend,video,out,126.0,,0.00,2.7,81.1,,,,100,bandwidth,,,1,5,srflx->srflx
1791433965301,nat_c,Laptop,Friend,audio,out,19.2,,0.00,4.0,81.1,,,,100,bandwidth,,,1,5,srflx->srflx
1791433966302,nat_c,Laptop,Friend,video,in,1312.5,,0.00,9.6,96.5,20,640,480,,,,3,1,5,srflx->srflx
1791433966302,nat_c,Laptop,Friend,audio,in,33.8,,0.00,17.1,96.5,,,,,,0.00,,1,5,srflx->srflx
1791433966302,nat_c,Laptop,Friend,video,out,129.2,,0.00,4.1,96.5,,,,100,bandwidth,,,1,5,srflx->srflx
1791433966302,nat_c,Laptop,Friend,audio,out,35.9,,0.00,2.7,96.5,,,,100,bandwidth,,,1,5,srflx->srflx
1791433967303,nat_c,Laptop,Friend,video,in,1113.8,,0.00,5.9,95.7,20,640,480,,,,3,1,5,srflx->srflx
1791433967303,nat_c,Laptop,Friend,audio,in,21.9,,0.00,20.1,95.7,,,,,,0.00,,1,5,srflx->srflx
1791433967303,nat_c,Laptop,Friend,video,out,125.5,,0.00,2.9,95.7,,,,100,bandwidth,,,1,5,srflx->srflx
1791433967303,nat_c,Laptop,Friend,audio,out,37.2,,0.00,2.2,95.7,,,,100,bandwidth,,,1,5,srflx->srflx
1791433968303,nat_c,Laptop,Friend,video,in,1291.0,,0.00,5.6,95.7,19,640,480,,,,3,1,5,srflx->srflx
1791433968303,nat_c,Laptop,Friend,audio,in,25.7,,0.00,17.1,95.7,,,,,,0.00,,1,5,srflx->srflx
1791433968303,nat_c,Laptop,Friend,video,out,113.0,,0.00,2.9,95.7,,,,100,bandwidth,,,1,5,srflx->srflx
1791433968303,nat_c,Laptop,Friend,audio,out,35.2,,0.00,2.2,95.7,,,,100,bandwidth,,,1,5,srflx->srflx
1791433969304,nat_c,Laptop,Friend,video,in,1250.0,,0.00,8.0,84.1,21,640,480,,,,3,1,5,srflx->srflx
1791433969304,nat_c,Laptop,Friend,audio,in,39.8,,0.00,18.9,84.1,,,,,,0.00,,1,5,srflx->srflx
1791433969304,nat_c,Laptop,Friend,video,out,134.8,,0.00,9.8,84.1,,,,100,bandwidth,,,1,5,srflx->srflx
1791433969304,nat_c,Laptop,Friend,audio,out,34.9,,0.00,4.5,84.1,,,,100,bandwidth,,,1,5,srflx->srflx
1791433970306,nat_c,Laptop,Friend,video,in,1207.4,,0.00,8.7,86.5,19,640,480,,,,3,1,5,srflx->srflx
1791433970306,nat_c,Laptop,Friend,audio,in,38.3,,0.00,24.8,86.5,,,,,,0.00,,1,5,srflx->srflx
1791433970306,nat_c,Laptop,Friend,video,out,116.6,,0.00,4.6,86.5,,,,100,bandwidth,,,1,5,srflx->srflx
1791433970306,nat_c,Laptop,Friend,audio,out,36.2,,0.00,2.6,86.5,,,,100,bandwidth,,,1,5,srflx->srflx
1791433971306,nat_c,Laptop,Friend,video,in,1248.9,,0.00,6.4,131.4,22,640,480,,,,3,1,5,srflx->srflx
1791433971306,nat_c,Laptop,Friend,audio,in,28.7,,0.00,16.7,131.4,,,,,,0.00,,1,5,srflx->srflx
1791433971306,nat_c,Laptop,Friend,video,out,124.4,,0.00,4.9,131.4,,,,100,bandwidth,,,1,5,srflx->srflx
1791433971306,nat_c,Laptop,Friend,audio,out,36.9,,0.00,5.0,131.4,,,,100,bandwidth,,,1,5,srflx->srflx
1791433972307,nat_c,Laptop,Friend,video,in,1216.5,,0.00,7.0,90.9,18,640,480,,,,3,1,5,srflx->srflx
1791433972307,nat_c,Laptop,Friend,audio,in,18.0,,0.00,18.4,90.9,,,,,,0.00,,1,5,srflx->srflx
1791433972307,nat_c,Laptop,Friend,video,out,124.2,,0.00,6.2,90.9,,,,100,bandwidth,,,1,5,srflx->srflx
1791433972307,nat_c,Laptop,Friend,audio,out,36.7,,0.00,5.2,90.9,,,,100,bandwidth,,,1,5,srflx->srflx
1791433973306,nat_c,Laptop,Friend,video,in,1164.5,,0.00,6.3,66.5,21,640,480,,,,3,1,5,srflx->srflx
1791433973306,nat_c,Laptop,Friend,audio,in,29.1,,0.00,15.7,66.5,,,,,,0.00,,1,5,srflx->srflx
1791433973306,nat_c,Laptop,Friend,video,out,130.5,,0.00,3.5,66.5,,,,100,bandwidth,,,1,5,srflx->srflx
1791433973306,nat_c,Laptop,Friend,audio,out,35.4,,0.00,3.4,66.5,,,,100,bandwidth,,,1,5,srflx->srflx
1791433974307,nat_c,Laptop,Friend,video,in,1217.8,,0.00,4.4,55.1,20,640,480,,,,3,1,5,srflx->srflx
1791433974307,nat_c,Laptop,Friend,audio,in,23.5,,0.00,13.4,55.1,,,,,,0.00,,1,5,srflx->srflx
1791433974307,nat_c,Laptop,Friend,video,out,119.8,,0.00,3.5,55.1,,,,100,bandwidth,,,1,5,srflx->srflx
1791433974307,nat_c,Laptop,Friend,audio,out,35.9,,0.00,5.2,55.1,,,,100,bandwidth,,,1,5,srflx->srflx
1791433975309,nat_c,Laptop,Friend,video,in,1194.7,,0.00,6.7,87.8,20,640,480,,,,3,1,5,srflx->srflx
1791433975309,nat_c,Laptop,Friend,audio,in,29.4,,0.00,16.9,87.8,,,,,,0.00,,1,5,srflx->srflx
1791433975309,nat_c,Laptop,Friend,video,out,125.9,,0.00,2.3,87.8,,,,100,bandwidth,,,1,5,srflx->srflx
1791433975309,nat_c,Laptop,Friend,audio,out,34.4,,0.00,4.1,87.8,,,,100,bandwidth,,,1,5,srflx->srflx
1791433976309,nat_c,Laptop,Friend,video,in,1216.5,,0.00,4.4,76.9,20,640,480,,,,3,1,5,srflx->srflx
1791433976309,nat_c,Laptop,Friend,audio,in,34.4,,0.00,15.0,76.9,,,,,,0.00,,1,5,srflx->srflx
1791433976309,nat_c,Laptop,Friend,video,out,124.2,,0.00,14.9,76.9,,,,100,bandwidth,,,1,5,srflx->srflx
1791433976309,nat_c,Laptop,Friend,audio,out,36.3,,0.00,5.9,76.9,,,,100,bandwidth,,,1,5,srflx->srflx
1791433977310,nat_c,Laptop,Friend,video,in,1168.2,,0.00,2.9,64.9,21,640,480,,,,3,1,5,srflx->srflx
1791433977310,nat_c,Laptop,Friend,audio,in,37.9,,0.00,10.3,64.9,,,,,,0.00,,1,5,srflx->srflx
1791433977310,nat_c,Laptop,Friend,video,out,126.0,,4.69,8.5,64.9,,,,100,bandwidth,,,1,5,srflx->srflx
1791433977310,nat_c,Laptop,Friend,audio,out,35.6,,0.00,3.9,64.9,,,,100,bandwidth,,,1,5,srflx->srflx
1791433978311,nat_c,Laptop,Friend,video,in,1178.9,,0.00,3.5,61.4,20,640,480,,,,3,1,5,srflx->srflx
1791433978311,nat_c,Laptop,Friend,audio,in,38.6,,0.00,11.2,61.4,,,,,,0.00,,1,5,srflx->srflx
1791433978311,nat_c,Laptop,Friend,video,out,123.3,,0.00,4.4,61.4,,,,100,bandwidth,,,1,5,srflx->srflx
1791433978311,nat_c,Laptop,Friend,audio,out,34.7,,0.00,3.2,61.4,,,,100,bandwidth,,,1,5,srflx->srflx
1791433979312,nat_c,Laptop,Friend,video,in,1125.4,,0.00,4.5,75.9,20,640,480,,,,3,1,5,srflx->srflx
1791433979312,nat_c,Laptop,Friend,audio,in,38.3,,0.00,11.1,75.9,,,,,,0.00,,1,5,srflx->srflx
1791433979312,nat_c,Laptop,Friend,video,out,125.1,,0.00,4.6,75.9,,,,100,bandwidth,,,1,5,srflx->srflx
1791433979312,nat_c,Laptop,Friend,audio,out,34.5,,0.00,3.5,75.9,,,,100,bandwidth,,,1,5,srflx->srflx
1791433980313,nat_c,Laptop,Friend,video,in,1207.9,,0.00,3.9,69.9,19,640,480,,,,3,1,5,srflx->srflx
1791433980313,nat_c,Laptop,Friend,audio,in,24.2,,0.00,17.5,69.9,,,,,,0.00,,1,5,srflx->srflx
1791433980313,nat_c,Laptop,Friend,video,out,122.4,,0.00,4.6,69.9,,,,100,bandwidth,,,1,5,srflx->srflx
1791433980313,nat_c,Laptop,Friend,audio,out,34.0,,0.00,3.7,69.9,,,,100,bandwidth,,,1,5,srflx->srflx
1791433981313,nat_c,Laptop,Friend,video,in,1245.5,,0.00,4.6,176.0,20,640,480,,,,3,1,5,srflx->srflx
1791433981313,nat_c,Laptop,Friend,audio,in,19.0,,0.00,23.4,176.0,,,,,,0.00,,1,5,srflx->srflx
1791433981313,nat_c,Laptop,Friend,video,out,129.5,,0.00,27.8,176.0,,,,100,bandwidth,,,1,5,srflx->srflx
1791433981313,nat_c,Laptop,Friend,audio,out,35.2,,0.00,17.2,176.0,,,,100,bandwidth,,,1,5,srflx->srflx
1791433982313,nat_c,Laptop,Friend,video,in,1366.4,,0.00,3.0,205.9,21,640,480,,,,5,1,5,srflx->srflx
1791433982313,nat_c,Laptop,Friend,audio,in,22.7,,0.00,24.0,205.9,,,,,,0.00,,1,5,srflx->srflx
1791433982313,nat_c,Laptop,Friend,video,out,125.5,,0.00,39.3,205.9,,,,100,bandwidth,,,1,5,srflx->srflx
1791433982313,nat_c,Laptop,Friend,audio,out,35.0,,1.95,24.6,205.9,,,,100,bandwidth,,,1,5,srflx->srflx
1791433983313,nat_c,Laptop,Friend,video,in,1103.0,,0.00,3.9,49.7,19,640,480,,,,5,1,5,srflx->srflx
1791433983313,nat_c,Laptop,Friend,audio,in,19.2,,0.00,16.2,49.7,,,,,,0.00,,1,5,srflx->srflx
1791433983313,nat_c,Laptop,Friend,video,out,112.9,,0.00,34.2,49.7,,,,100,bandwidth,,,1,5,srflx->srflx
1791433983313,nat_c,Laptop,Friend,audio,out,33.9,,0.00,12.3,49.7,,,,100,bandwidth,,,1,5,srflx->srflx
1791433984314,nat_c,Laptop,Friend,video,in,1236.0,,0.00,7.6,101.1,20,640,480,,,,5,1,5,srflx->srflx
1791433984314,nat_c,Laptop,Friend,audio,in,32.5,,0.00,22.1,101.1,,,,,,0.00,,1,5,srflx->srflx
1791433984314,nat_c,Laptop,Friend,video,out,127.5,,0.00,10.5,101.1,,,,100,bandwidth,,,1,5,srflx->srflx
1791433984314,nat_c,Laptop,Friend,audio,out,33.6,,0.00,5.2,101.1,,,,100,bandwidth,,,1,5,srflx->srflx
1791433985314,nat_c,Laptop,Friend,video,in,1300.2,,0.00,5.0,54.9,21,640,480,,,,5,1,5,srflx->srflx
1791433985314,nat_c,Laptop,Friend,audio,in,37.1,,0.00,15.1,54.9,,,,,,0.00,,1,5,srflx->srflx
1791433985314,nat_c,Laptop,Friend,video,out,125.4,,0.00,6.3,54.9,,,,100,bandwidth,,,1,5,srflx->srflx
1791433985314,nat_c,Laptop,Friend,audio,out,33.8,,0.00,3.0,54.9,,,,100,bandwidth,,,1,5,srflx->srflx
1791433986314,nat_c,Laptop,Friend,video,in,1296.1,,0.00,4.7,69.4,20,640,480,,,,5,1,5,srflx->srflx
1791433986314,nat_c,Laptop,Friend,audio,in,31.2,,0.00,14.1,69.4,,,,,,0.00,,1,5,srflx->srflx
1791433986314,nat_c,Laptop,Friend,video,out,127.3,,0.00,5.4,69.4,,,,100,bandwidth,,,1,5,srflx->srflx
1791433986314,nat_c,Laptop,Friend,audio,out,33.6,,0.00,3.5,69.4,,,,100,bandwidth,,,1,5,srflx->srflx
1791433987315,nat_c,Laptop,Friend,video,in,1137.3,,0.00,3.8,49.8,19,640,480,,,,5,1,5,srflx->srflx
1791433987315,nat_c,Laptop,Friend,audio,in,25.9,,0.00,13.0,49.8,,,,,,0.00,,1,5,srflx->srflx
1791433987315,nat_c,Laptop,Friend,video,out,121.8,,0.00,4.6,49.8,,,,100,bandwidth,,,1,5,srflx->srflx
1791433987315,nat_c,Laptop,Friend,audio,out,33.1,,0.00,3.2,49.8,,,,100,bandwidth,,,1,5,srflx->srflx
1791433988317,nat_c,Laptop,Friend,video,in,1331.6,,0.00,3.3,80.7,21,640,480,,,,5,1,5,srflx->srflx
1791433988317,nat_c,Laptop,Friend,audio,in,29.8,,0.00,14.7,80.7,,,,,,0.00,,1,5,srflx->srflx
1791433988317,nat_c,Laptop,Friend,video,out,125.4,,0.00,7.3,80.7,,,,100,bandwidth,,,1,5,srflx->srflx
1791433988317,nat_c,Laptop,Friend,audio,out,34.5,,0.00,5.5,80.7,,,,100,bandwidth,,,1,5,srflx->srflx
1791433989318,nat_c,Laptop,Friend,video,in,1132.8,,0.00,7.4,92.3,19,640,480,,,,5,1,5,srflx->srflx
1791433989318,nat_c,Laptop,Friend,audio,in,30.3,,0.00,16.4,92.3,,,,,,0.00,,1,5,srflx->srflx
1791433989318,nat_c,Laptop,Friend,video,out,124.1,,0.00,6.8,92.3,,,,100,bandwidth,,,1,5,srflx->srflx
1791433989318,nat_c,Laptop,Friend,audio,out,36.7,,0.00,5.2,92.3,,,,100,bandwidth,,,1,5,srflx->srflx
1791433990318,nat_c,Laptop,Friend,video,in,1365.6,,0.00,5.6,78.6,21,640,480,,,,5,1,5,srflx->srflx
1791433990318,nat_c,Laptop,Friend,audio,in,20.9,,0.00,13.7,78.6,,,,,,0.00,,1,5,srflx->srflx
1791433990318,nat_c,Laptop,Friend,video,out,116.7,,0.00,6.1,78.6,,,,100,bandwidth,,,1,5,srflx->srflx
1791433990318,nat_c,Laptop,Friend,audio,out,35.5,,0.00,4.3,78.6,,,,100,bandwidth,,,1,5,srflx->srflx
1791433991318,nat_c,Laptop,Friend,video,in,1222.3,,0.00,4.9,54.7,20,640,480,,,,5,1,5,srflx->srflx
1791433991318,nat_c,Laptop,Friend,audio,in,33.7,,0.00,17.4,54.7,,,,,,0.00,,1,5,srflx->srflx
1791433991318,nat_c,Laptop,Friend,video,out,131.0,,0.00,8.4,54.7,,,,100,bandwidth,,,1,5,srflx->srflx
1791433991318,nat_c,Laptop,Friend,audio,out,34.5,,0.00,5.6,54.7,,,,100,bandwidth,,,1,5,srflx->srflx
1791433992317,nat_c,Laptop,Friend,video,in,1210.5,,0.00,2.7,87.9,19,640,480,,,,5,1,5,srflx->srflx
1791433992317,nat_c,Laptop,Friend,audio,in,19.0,,0.00,12.2,87.9,,,,,,0.00,,1,5,srflx->srflx
1791433992317,nat_c,Laptop,Friend,video,out,114.6,,0.00,8.5,87.9,,,,100,bandwidth,,,1,5,srflx->srflx
1791433992317,nat_c,Laptop,Friend,audio,out,35.9,,0.00,11.0,87.9,,,,100,bandwidth,,,1,5,srflx->srflx
1791433993319,nat_c,Laptop,Friend,video,in,1176.0,,0.00,5.9,87.2,21,640,480,,,,5,1,5,srflx->srflx
1791433993319,nat_c,Laptop,Friend,audio,in,19.0,,0.00,14.8,87.2,,,,,,0.00,,1,5,srflx->srflx
1791433993319,nat_c,Laptop,Friend,video,out,124.3,,0.00,6.7,87.2,,,,100,bandwidth,,,1,5,srflx->srflx
1791433993319,nat_c,Laptop,Friend,audio,out,37.9,,0.00,4.0,87.2,,,,100,bandwidth,,,1,5,srflx->srflx
1791433994319,nat_c,Laptop,Friend,video,in,1242.6,,0.00,6.0,93.0,20,640,480,,,,5,1,5,srflx->srflx
1791433994319,nat_c,Laptop,Friend,audio,in,19.4,,0.00,16.4,93.0,,,,,,0.00,,1,5,srflx->srflx
1791433994319,nat_c,Laptop,Friend,video,out,123.9,,0.00,11.3,93.0,,,,100,bandwidth,,,1,5,srflx->srflx
1791433994319,nat_c,Laptop,Friend,audio,out,36.3,,0.00,10.0,93.0,,,,100,bandwidth,,,1,5,srflx->srflx
1791433995320,nat_c,Laptop,Friend,video,in,1177.4,,0.00,5.5,93.6,19,640,480,,,,5,1,5,srflx->srflx
1791433995320,nat_c,Laptop,Friend,audio,in,30.9,,0.00,21.2,93.6,,,,,,0.00,,1,5,srflx->srflx
1791433995320,nat_c,Laptop,Friend,video,out,127.0,,0.00,8.3,93.6,,,,100,bandwidth,,,1,5,srflx->srflx
1791433995320,nat_c,Laptop,Friend,audio,out,37.4,,0.00,5.4,93.6,,,,100,bandwidth,,,1,5,srflx->srflx
1791433996318,nat_c,Laptop,Friend,video,in,1152.9,,0.00,9.2,75.8,20,640,480,,,,5,1,5,srflx->srflx
1791433996318,nat_c,Laptop,Friend,audio,in,38.8,,0.00,14.3,75.8,,,,,,0.00,,1,5,srflx->srflx
1791433996318,nat_c,Laptop,Friend,video,out,118.4,,0.00,5.1,75.8,,,,100,bandwidth,,,1,5,srflx->srflx
1791433996318,nat_c,Laptop,Friend,audio,out,34.2,,0.00,4.5,75.8,,,,100,bandwidth,,,1,5,srflx->srflx
1791433997319,nat_c,Laptop,Friend,video,in,1245.3,,0.00,7.3,100.0,21,640,480,,,,5,1,5,srflx->srflx
1791433997319,nat_c,Laptop,Friend,audio,in,32.9,,0.00,19.9,100.0,,,,,,0.00,,1,5,srflx->srflx
1791433997319,nat_c,Laptop,Friend,video,out,130.1,,0.00,8.2,100.0,,,,100,bandwidth,,,1,5,srflx->srflx
1791433997319,nat_c,Laptop,Friend,audio,out,34.8,,0.00,4.1,100.0,,,,100,bandwidth,,,1,5,srflx->srflx
1791433998319,nat_c,Laptop,Friend,video,in,984.6,,0.00,10.3,100.0,16,640,480,,,,5,1,5,srflx->srflx
1791433998319,nat_c,Laptop,Friend,audio,in,16.3,,0.00,16.6,100.0,,,,,,0.00,,1,5,srflx->srflx
1791433998319,nat_c,Laptop,Friend,video,out,116.3,,0.00,8.2,100.0,,,,100,bandwidth,,,1,5,srflx->srflx
1791433998319,nat_c,Laptop,Friend,audio,out,38.0,,0.00,4.1,100.0,,,,100,bandwidth,,,1,5,srflx->srflx
1791433999320,nat_c,Laptop,Friend,video,in,854.3,,0.00,20.6,289.6,8,640,480,,,,6,1,5,srflx->srflx
1791433999320,nat_c,Laptop,Friend,audio,in,13.5,,0.00,38.0,289.6,,,,,,52.00,,1,5,srflx->srflx
1791433999320,nat_c,Laptop,Friend,video,out,122.2,,0.00,5.6,289.6,,,,100,bandwidth,,,1,5,srflx->srflx
1791433999320,nat_c,Laptop,Friend,audio,out,37.0,,0.00,4.2,289.6,,,,100,bandwidth,,,1,5,srflx->srflx
1791434000322,nat_c,Laptop,Friend,video,in,603.1,,10.39,19.4,883.2,10,640,480,,,,6,1,2,srflx->srflx
1791434000322,nat_c,Laptop,Friend,audio,in,11.3,,0.00,37.0,883.2,,,,,,77.78,,1,2,srflx->srflx
1791434000322,nat_c,Laptop,Friend,video,out,131.1,,0.00,6.6,883.2,,,,500,bandwidth,,,1,2,srflx->srflx
1791434000322,nat_c,Laptop,Friend,audio,out,36.9,,0.00,6.3,883.2,,,,500,bandwidth,,,1,2,srflx->srflx
1791434001323,nat_c,Laptop,Friend,video,in,791.6,,0.00,18.0,883.2,0,640,480,,,,6,1,2,srflx->srflx
1791434001323,nat_c,Laptop,Friend,audio,in,13.6,,0.00,37.2,883.2,,,,,,33.33,,1,2,srflx->srflx
1791434001323,nat_c,Laptop,Friend,video,out,542.6,,0.00,6.6,883.2,,,,500,bandwidth,,,1,2,srflx->srflx
1791434001323,nat_c,Laptop,Friend,audio,out,31.7,,0.00,6.3,883.2,,,,500,bandwidth,,,1,2,srflx->srflx
1791434002323,nat_c,Laptop,Friend,video,in,964.9,,0.00,29.1,103.5,38,320,240,,,,7,1,5,srflx->srflx
1791434002323,nat_c,Laptop,Friend,audio,in,47.5,,0.00,19.6,103.5,,,,,,38.64,,1,5,srflx->srflx
1791434002323,nat_c,Laptop,Friend,video,out,227.2,,0.00,2.8,103.5,,,,100,bandwidth,,,1,5,srflx->srflx
1791434002323,nat_c,Laptop,Friend,audio,out,31.3,,1.95,2.8,103.5,,,,100,bandwidth,,,1,5,srflx->srflx
1791434003324,nat_c,Laptop,Friend,video,in,88.3,,0.00,23.9,104.2,19,160,120,,,,7,1,5,srflx->srflx
1791434003324,nat_c,Laptop,Friend,audio,in,22.6,,0.00,25.3,104.2,,,,,,18.75,,1,5,srflx->srflx
1791434003324,nat_c,Laptop,Friend,video,out,93.4,,0.00,9.9,104.2,,,,100,bandwidth,,,1,5,srflx->srflx
1791434003324,nat_c,Laptop,Friend,audio,out,32.6,,0.00,7.0,104.2,,,,100,bandwidth,,,1,5,srflx->srflx
1791434004324,nat_c,Laptop,Friend,video,in,127.3,,0.00,25.6,110.7,21,160,120,,,,8,1,5,srflx->srflx
1791434004324,nat_c,Laptop,Friend,audio,in,37.8,,0.00,22.8,110.7,,,,,,2.00,,1,5,srflx->srflx
1791434004324,nat_c,Laptop,Friend,video,out,143.5,,0.00,7.0,110.7,,,,100,bandwidth,,,1,5,srflx->srflx
1791434004324,nat_c,Laptop,Friend,audio,out,34.6,,0.00,4.4,110.7,,,,100,bandwidth,,,1,5,srflx->srflx
1791434005326,nat_c,Laptop,Friend,video,in,105.1,,0.00,27.4,58.6,20,160,120,,,,8,1,5,srflx->srflx
1791434005326,nat_c,Laptop,Friend,audio,in,34.9,,0.00,20.8,58.6,,,,,,0.00,,1,5,srflx->srflx
1791434005326,nat_c,Laptop,Friend,video,out,112.6,,0.00,4.4,58.6,,,,100,bandwidth,,,1,5,srflx->srflx
1791434005326,nat_c,Laptop,Friend,audio,out,35.2,,0.00,3.6,58.6,,,,100,bandwidth,,,1,5,srflx->srflx
1791434006328,nat_c,Laptop,Friend,video,in,105.3,,0.00,19.5,73.7,20,160,120,,,,8,1,5,srflx->srflx
1791434006328,nat_c,Laptop,Friend,audio,in,19.4,,0.00,14.0,73.7,,,,,,0.00,,1,5,srflx->srflx
1791434006328,nat_c,Laptop,Friend,video,out,121.6,,0.00,4.6,73.7,,,,100,bandwidth,,,1,5,srflx->srflx
1791434006328,nat_c,Laptop,Friend,audio,out,36.3,,0.00,3.6,73.7,,,,100,bandwidth,,,1,5,srflx->srflx
1791434007328,nat_c,Laptop,Friend,video,in,108.0,,0.00,14.6,45.6,20,160,120,,,,8,1,5,srflx->srflx
1791434007328,nat_c,Laptop,Friend,audio,in,19.5,,0.00,15.7,45.6,,,,,,0.00,,1,5,srflx->srflx
1791434007328,nat_c,Laptop,Friend,video,out,108.3,,0.00,7.8,45.6,,,,100,bandwidth,,,1,5,srflx->srflx
1791434007328,nat_c,Laptop,Friend,audio,out,37.1,,0.00,9.0,45.6,,,,100,bandwidth,,,1,5,srflx->srflx
1791434008330,nat_c,Laptop,Friend,video,in,106.9,,0.00,16.3,71.8,20,160,120,,,,8,1,5,srflx->srflx
1791434008330,nat_c,Laptop,Friend,audio,in,30.8,,0.00,16.0,71.8,,,,,,0.00,,1,5,srflx->srflx
1791434008330,nat_c,Laptop,Friend,video,out,113.6,,0.00,5.4,71.8,,,,100,bandwidth,,,1,5,srflx->srflx
1791434008330,nat_c,Laptop,Friend,audio,out,37.3,,0.00,3.1,71.8,,,,100,bandwidth,,,1,5,srflx->srflx
1791434009331,nat_c,Laptop,Friend,video,in,105.2,,0.00,11.6,61.2,20,160,120,,,,8,1,5,srflx->srflx
1791434009331,nat_c,Laptop,Friend,audio,in,22.2,,0.00,9.8,61.2,,,,,,0.00,,1,5,srflx->srflx
1791434009331,nat_c,Laptop,Friend,video,out,103.8,,0.00,3.9,61.2,,,,100,bandwidth,,,1,5,srflx->srflx
1791434009331,nat_c,Laptop,Friend,audio,out,36.2,,0.00,3.2,61.2,,,,100,bandwidth,,,1,5,srflx->srflx
1791434010331,nat_c,Laptop,Friend,video,in,69.5,,0.00,11.9,115.5,19,160,120,,,,8,1,4,srflx->srflx
1791434010331,nat_c,Laptop,Friend,audio,in,17.4,,0.00,12.6,115.5,,,,,,0.00,,1,4,srflx->srflx
1791434010331,nat_c,Laptop,Friend,video,out,124.1,,0.00,8.1,115.5,,,,180,bandwidth,,,1,4,srflx->srflx
1791434010331,nat_c,Laptop,Friend,audio,out,35.9,,0.00,5.8,115.5,,,,180,bandwidth,,,1,4,srflx->srflx
1791434011332,nat_c,Laptop,Friend,video,in,147.2,,0.00,9.4,91.0,21,320,240,,,,8,1,4,srflx->srflx
1791434011332,nat_c,Laptop,Friend,audio,in,22.2,,0.00,14.2,91.0,,,,,,0.00,,1,4,srflx->srflx
1791434011332,nat_c,Laptop,Friend,video,out,132.6,,0.00,4.5,91.0,,,,180,bandwidth,,,1,4,srflx->srflx
1791434011332,nat_c,Laptop,Friend,audio,out,32.7,,0.00,4.1,91.0,,,,180,bandwidth,,,1,4,srflx->srflx
1791434012334,nat_c,Laptop,Friend,video,in,188.9,,0.00,18.3,52.3,19,320,240,,,,8,1,4,srflx->srflx
1791434012334,nat_c,Laptop,Friend,audio,in,19.9,,0.00,18.9,52.3,,,,,,0.00,,1,4,srflx->srflx
1791434012334,nat_c,Laptop,Friend,video,out,227.6,,0.00,2.5,52.3,,,,180,bandwidth,,,1,4,srflx->srflx
1791434012334,nat_c,Laptop,Friend,audio,out,32.2,,0.00,4.4,52.3,,,,180,bandwidth,,,1,4,srflx->srflx
1791434013333,nat_c,Laptop,Friend,video,in,206.1,,0.00,23.3,52.3,19,320,240,,,,8,1,4,srflx->srflx
1791434013333,nat_c,Laptop,Friend,audio,in,24.8,,0.00,21.8,52.3,,,,,,0.00,,1,4,srflx->srflx
1791434013333,nat_c,Laptop,Friend,video,out,228.6,,0.00,2.5,52.3,,,,180,bandwidth,,,1,4,srflx->srflx
1791434013333,nat_c,Laptop,Friend,audio,out,32.0,,0.00,4.4,52.3,,,,180,bandwidth,,,1,4,srflx->srflx
1791434014335,nat_c,Laptop,Friend,video,in,295.4,,0.00,13.4,63.6,21,320,240,,,,8,1,3,srflx->srflx
1791434014335,nat_c,Laptop,Friend,audio,in,27.7,,0.00,18.0,63.6,,,,,,0.00,,1,3,srflx->srflx
1791434014335,nat_c,Laptop,Friend,video,out,242.8,,0.00,5.2,63.6,,,,300,bandwidth,,,1,3,srflx->srflx
1791434014335,nat_c,Laptop,Friend,audio,out,32.8,,0.00,6.0,63.6,,,,300,bandwidth,,,1,3,srflx->srflx
1791434015337,nat_c,Laptop,Friend,video,in,348.0,,0.00,9.8,40.2,21,320,240,,,,8,1,3,srflx->srflx
1791434015337,nat_c,Laptop,Friend,audio,in,25.3,,0.00,12.6,40.2,,,,,,0.00,,1,3,srflx->srflx
1791434015337,nat_c,Laptop,Friend,video,out,376.6,,0.00,4.8,40.2,,,,300,bandwidth,,,1,3,srflx->srflx
1791434015337,nat_c,Laptop,Friend,audio,out,32.3,,0.00,5.5,40.2,,,,300,bandwidth,,,1,3,srflx->srflx
1791434016337,nat_c,Laptop,Friend,video,in,330.4,,0.00,22.3,91.4,20,320,240,,,,8,1,2,srflx->srflx
1791434016337,nat_c,Laptop,Friend,audio,in,30.8,,0.00,23.6,91.4,,,,,,0.00,,1,2,srflx->srflx
1791434016337,nat_c,Laptop,Friend,video,out,377.8,,0.00,6.2,91.4,,,,500,bandwidth,,,1,2,srflx->srflx
1791434016337,nat_c,Laptop,Friend,audio,out,33.1,,0.00,7.2,91.4,,,,500,bandwidth,,,1,2,srflx->srflx
1791434017337,nat_c,Laptop,Friend,video,in,441.4,,0.00,9.7,88.2,21,480,360,,,,8,1,2,srflx->srflx
1791434017337,nat_c,Laptop,Friend,audio,in,37.0,,0.00,18.5,88.2,,,,,,0.00,,1,2,srflx->srflx
1791434017337,nat_c,Laptop,Friend,video,out,371.4,,0.00,6.9,88.2,,,,500,bandwidth,,,1,2,srflx->srflx
1791434017337,nat_c,Laptop,Friend,audio,out,34.2,,1.95,11.3,88.2,,,,500,bandwidth,,,1,2,srflx->srflx
1791434018337,nat_c,Laptop,Friend,video,in,601.4,,0.00,7.5,99.4,18,480,360,,,,8,1,2,srflx->srflx
1791434018337,nat_c,Laptop,Friend,audio,in,36.7,,0.00,20.3,99.4,,,,,,0.00,,1,2,srflx->srflx
1791434018337,nat_c,Laptop,Friend,video,out,658.4,,0.00,2.4,99.4,,,,500,bandwidth,,,1,2,srflx->srflx
1791434018337,nat_c,Laptop,Friend,audio,out,36.6,,0.00,5.2,99.4,,,,500,bandwidth,,,1,2,srflx->srflx
1791434019337,nat_c,Laptop,Friend,video,in,529.8,,0.00,11.3,65.2,21,480,360,,,,8,1,1,srflx->srflx
1791434019337,nat_c,Laptop,Friend,audio,in,39.2,,0.00,15.3,65.2,,,,,,0.00,,1,1,srflx->srflx
1791434019337,nat_c,Laptop,Friend,video,out,633.4,,0.00,2.9,65.2,,,,800,bandwidth,,,1,1,srflx->srflx
1791434019337,nat_c,Laptop,Friend,audio,out,36.3,,0.00,5.9,65.2,,,,800,bandwidth,,,1,1,srflx->srflx
1791434020338,nat_c,Laptop,Friend,video,in,452.5,,0.00,16.1,65.2,15,640,480,,,,8,1,1,srflx->srflx
1791434020338,nat_c,Laptop,Friend,audio,in,29.4,,0.00,27.3,65.2,,,,,,6.00,,1,1,srflx->srflx
1791434020338,nat_c,Laptop,Friend,video,out,650.7,,0.00,2.9,65.2,,,,800,bandwidth,,,1,1,srflx->srflx
1791434020338,nat_c,Laptop,Friend,audio,out,34.9,,0.00,5.9,65.2,,,,800,bandwidth,,,1,1,srflx->srflx
1791434021338,nat_c,Laptop,Friend,video,in,1094.5,,0.00,8.8,75.4,25,640,480,,,,8,1,1,srflx->srflx
1791434021338,nat_c,Laptop,Friend,audio,in,45.1,,0.00,21.1,75.4,,,,,,37.78,,1,1,srflx->srflx
1791434021338,nat_c,Laptop,Friend,video,out,1082.8,,0.00,0.9,75.4,,,,800,bandwidth,,,1,1,srflx->srflx
1791434021338,nat_c,Laptop,Friend,audio,out,32.6,,0.00,6.5,75.4,,,,800,bandwidth,,,1,1,srflx->srflx
1791434022338,nat_c,Laptop,Friend,video,in,806.7,,0.00,7.2,59.1,20,640,480,,,,8,1,1,srflx->srflx
1791434022338,nat_c,Laptop,Friend,audio,in,23.5,,0.00,16.5,59.1,,,,,,0.00,,1,1,srflx->srflx
1791434022338,nat_c,Laptop,Friend,video,out,1042.2,,0.00,1.6,59.1,,,,800,bandwidth,,,1,1,srflx->srflx
1791434022338,nat_c,Laptop,Friend,audio,out,32.1,,0.00,4.1,59.1,,,,800,bandwidth,,,1,1,srflx->srflx
1791434023340,nat_c,Laptop,Friend,video,in,871.7,,0.00,5.8,92.8,20,640,480,,,,8,1,0,srflx->srflx
1791434023340,nat_c,Laptop,Friend,audio,in,29.4,,0.00,16.4,92.8,,,,,,0.00,,1,0,srflx->srflx
1791434023340,nat_c,Laptop,Friend,video,out,968.6,,0.00,5.2,92.8,,,,1200,none,,,1,0,srflx->srflx
1791434023340,nat_c,Laptop,Friend,audio,out,35.2,,0.00,6.6,92.8,,,,1200,none,,,1,0,srflx->srflx
1791434024340,nat_c,Laptop,Friend,video,in,1456.8,,0.00,6.2,69.6,20,640,480,,,,8,1,0,srflx->srflx
1791434024340,nat_c,Laptop,Friend,audio,in,19.2,,0.00,17.7,69.6,,,,,,0.00,,1,0,srflx->srflx
1791434024340,nat_c,Laptop,Friend,video,out,1106.7,,0.00,2.0,69.6,,,,1200,none,,,1,0,srflx->srflx
1791434024340,nat_c,Laptop,Friend,audio,out,34.8,,0.00,6.2,69.6,,,,1200,none,,,1,0,srflx->srflx
1791434025340,nat_c,Laptop,Friend,video,in,1154.7,,0.00,8.6,116.2,19,640,480,,,,8,1,0,srflx->srflx
1791434025340,nat_c,Laptop,Friend,audio,in,20.1,,0.00,21.5,116.2,,,,,,0.00,,1,0,srflx->srflx
1791434025340,nat_c,Laptop,Friend,video,out,1596.4,,0.00,2.0,116.2,,,,1200,none,,,1,0,srflx->srflx
1791434025340,nat_c,Laptop,Friend,audio,out,36.4,,0.00,9.9,116.2,,,,1200,none,,,1,0,srflx->srflx
1791434026341,nat_c,Laptop,Friend,video,in,1287.2,,0.00,9.7,134.3,20,640,480,,,,8,1,0,srflx->srflx
1791434026341,nat_c,Laptop,Friend,audio,in,22.7,,0.00,21.8,134.3,,,,,,0.00,,1,0,srflx->srflx
1791434026341,nat_c,Laptop,Friend,video,out,1559.0,,0.39,2.1,134.3,,,,1200,none,,,1,0,srflx->srflx
1791434026341,nat_c,Laptop,Friend,audio,out,34.2,,0.00,8.1,134.3,,,,1200,none,,,1,0,srflx->srflx
1791434027344,nat_c,Laptop,Friend,video,in,1283.1,,0.00,8.5,98.6,21,640,480,,,,8,1,0,srflx->srflx
1791434027344,nat_c,Laptop,Friend,audio,in,41.8,,0.00,22.5,98.6,,,,,,6.00,,1,0,srflx->srflx
1791434027344,nat_c,Laptop,Friend,video,out,1298.6,,0.00,2.8,98.6,,,,1200,none,,,1,0,srflx->srflx
1791434027344,nat_c,Laptop,Friend,audio,out,35.4,,0.00,7.4,98.6,,,,1200,none,,,1,0,srflx->srflx
1791434028345,nat_c,Laptop,Friend,video,in,1247.5,,0.00,6.9,80.9,19,640,480,,,,8,1,0,srflx->srflx
1791434028345,nat_c,Laptop,Friend,audio,in,23.2,,0.00,22.9,80.9,,,,,,0.00,,1,0,srflx->srflx
1791434028345,nat_c,Laptop,Friend,video,out,1425.5,,0.00,1.2,80.9,,,,1200,none,,,1,0,srflx->srflx
1791434028345,nat_c,Laptop,Friend,audio,out,33.8,,0.00,6.5,80.9,,,,1200,none,,,1,0,srflx->srflx
1791434029350,nat_c,Laptop,Friend,video,in,991.6,,0.00,11.5,80.9,9,640,480,,,,9,1,0,srflx->srflx
1791434029350,nat_c,Laptop,Friend,audio,in,15.0,,0.00,32.8,80.9,,,,,,20.83,,1,0,srflx->srflx
1791434029350,nat_c,Laptop,Friend,video,out,1284.1,,0.00,1.2,80.9,,,,1200,none,,,1,0,srflx->srflx
1791434029350,nat_c,Laptop,Friend,audio,out,32.4,,0.00,6.5,80.9,,,,1200,none,,,1,0,srflx->srflx
1791434030350,nat_c,Laptop,Friend,video,in,1369.0,,0.00,6.2,70.0,25,640,480,,,,9,1,0,srflx->srflx
1791434030350,nat_c,Laptop,Friend,audio,in,24.4,,0.00,15.6,70.0,,,,,,10.42,,1,0,srflx->srflx
1791434030350,nat_c,Laptop,Friend,video,out,1288.7,,0.39,2.0,70.0,,,,1200,none,,,1,0,srflx->srflx
1791434030350,nat_c,Laptop,Friend,audio,out,32.3,,0.00,9.5,70.0,,,,1200,none,,,1,0,srflx->srflx
1791434031351,nat_c,Laptop,Friend,video,in,1030.3,,0.00,10.3,141.4,19,640,480,,,,9,1,0,srflx->srflx
1791434031351,nat_c,Laptop,Friend,audio,in,17.8,,0.00,22.0,141.4,,,,,,8.00,,1,0,srflx->srflx
1791434031351,nat_c,Laptop,Friend,video,out,1383.6,,0.00,2.9,141.4,,,,1200,none,,,1,0,srflx->srflx
1791434031351,nat_c,Laptop,Friend,audio,out,33.8,,0.00,9.2,141.4,,,,1200,none,,,1,0,srflx->srflx
1791434032352,nat_c,Laptop,Friend,video,in,1326.6,,0.00,8.0,95.6,21,640,480,,,,9,1,0,srflx->srflx
1791434032352,nat_c,Laptop,Friend,audio,in,20.5,,0.00,19.8,95.6,,,,,,4.00,,1,0,srflx->srflx
1791434032352,nat_c,Laptop,Friend,video,out,1349.7,,0.39,2.5,95.6,,,,1200,none,,,1,0,srflx->srflx
1791434032352,nat_c,Laptop,Friend,audio,out,36.2,,1.95,5.5,95.6,,,,1200,none,,,1,0,srflx->srflx
1791434033352,nat_c,Laptop,Friend,video,in,1223.6,,0.00,8.2,96.3,20,640,480,,,,10,1,0,srflx->srflx
1791434033352,nat_c,Laptop,Friend,audio,in,19.1,,0.00,21.7,96.3,,,,,,10.00,,1,0,srflx->srflx
1791434033352,nat_c,Laptop,Friend,video,out,1364.3,,1.17,1.8,96.3,,,,1200,none,,,1,0,srflx->srflx
1791434033352,nat_c,Laptop,Friend,audio,out,36.6,,0.00,8.6,96.3,,,,1200,none,,,1,0,srflx->srflx
1791434034352,nat_c,Laptop,Friend,video,in,1185.6,,0.00,12.5,96.3,17,640,480,,,,10,1,0,srflx->srflx
1791434034352,nat_c,Laptop,Friend,audio,in,18.1,,0.00,24.1,96.3,,,,,,14.00,,1,0,srflx->srflx
1791434034352,nat_c,Laptop,Friend,video,out,1368.8,,1.17,1.8,96.3,,,,1200,none,,,1,0,srflx->srflx
1791434034352,nat_c,Laptop,Friend,audio,out,33.6,,0.00,8.6,96.3,,,,1200,none,,,1,0,srflx->srflx
1791434035354,nat_c,Laptop,Friend,video,in,1324.3,,0.00,9.0,100.8,23,640,480,,,,10,1,0,srflx->srflx
1791434035354,nat_c,Laptop,Friend,audio,in,20.9,,0.00,24.6,100.8,,,,,,6.38,,1,0,srflx->srflx
1791434035354,nat_c,Laptop,Friend,video,out,1417.4,,0.00,2.3,100.8,,,,1200,none,,,1,0,srflx->srflx
1791434035354,nat_c,Laptop,Friend,audio,out,38.0,,0.00,8.4,100.8,,,,1200,none,,,1,0,srflx->srflx
1791434036354,nat_c,Laptop,Friend,video,in,1236.3,,0.00,7.9,66.0,21,640,480,,,,10,1,0,srflx->srflx
1791434036354,nat_c,Laptop,Friend,audio,in,25.8,,0.00,21.4,66.0,,,,,,0.00,,1,0,srflx->srflx
1791434036354,nat_c,Laptop,Friend,video,out,1302.3,,0.00,3.3,66.0,,,,1200,none,,,1,0,srflx->srflx
1791434036354,nat_c,Laptop,Friend,audio,out,33.1,,1.95,6.8,66.0,,,,1200,none,,,1,0,srflx->srflx
1791434037355,nat_c,Laptop,Friend,video,in,1167.5,,0.00,6.8,73.5,19,640,480,,,,10,1,0,srflx->srflx
1791434037355,nat_c,Laptop,Friend,audio,in,21.3,,0.00,18.1,73.5,,,,,,0.00,,1,0,srflx->srflx
1791434037355,nat_c,Laptop,Friend,video,out,1343.3,,0.00,2.1,73.5,,,,1200,none,,,1,0,srflx->srflx
1791434037355,nat_c,Laptop,Friend,audio,out,31.8,,0.00,5.0,73.5,,,,1200,none,,,1,0,srflx->srflx
1791434038356,nat_c,Laptop,Friend,video,in,1225.4,,0.00,8.1,143.3,20,640,480,,,,10,1,0,srflx->srflx
1791434038356,nat_c,Laptop,Friend,audio,in,18.2,,0.00,23.0,143.3,,,,,,14.00,,1,0,srflx->srflx
1791434038356,nat_c,Laptop,Friend,video,out,1432.9,,0.00,2.1,143.3,,,,1200,none,,,1,0,srflx->srflx
1791434038356,nat_c,Laptop,Friend,audio,out,31.9,,0.00,5.0,143.3,,,,1200,none,,,1,0,srflx->srflx
1791434039357,nat_c,Laptop,Friend,video,in,1325.6,,0.00,5.6,57.4,19,640,480,,,,10,1,0,srflx->srflx
1791434039357,nat_c,Laptop,Friend,audio,in,33.9,,0.00,16.3,57.4,,,,,,0.00,,1,0,srflx->srflx
1791434039357,nat_c,Laptop,Friend,video,out,1301.0,,0.00,1.9,57.4,,,,1200,none,,,1,0,srflx->srflx
1791434039357,nat_c,Laptop,Friend,audio,out,33.2,,0.00,5.1,57.4,,,,1200,none,,,1,0,srflx->srflx
1791434040357,nat_c,Laptop,Friend,video,in,1217.2,,0.00,7.1,59.9,16,640,480,,,,11,1,0,srflx->srflx
1791434040357,nat_c,Laptop,Friend,audio,in,23.8,,0.00,15.0,59.9,,,,,,0.00,,1,0,srflx->srflx
1791434040357,nat_c,Laptop,Friend,video,out,1333.6,,0.00,2.2,59.9,,,,1200,none,,,1,0,srflx->srflx
1791434040357,nat_c,Laptop,Friend,audio,out,31.7,,0.00,5.0,59.9,,,,1200,none,,,1,0,srflx->srflx
1791434041359,nat_c,Laptop,Friend,video,in,1126.6,,0.00,5.7,104.9,20,640,480,,,,11,1,0,srflx->srflx
1791434041359,nat_c,Laptop,Friend,audio,in,20.6,,0.00,17.8,104.9,,,,,,0.00,,1,0,srflx->srflx
1791434041359,nat_c,Laptop,Friend,video,out,1479.5,,0.00,0.9,104.9,,,,1200,none,,,1,0,srflx->srflx
1791434041359,nat_c,Laptop,Friend,audio,out,31.8,,0.00,4.6,104.9,,,,1200,none,,,1,0,srflx->srflx
1791434042362,nat_c,Laptop,Friend,video,in,1236.8,,0.00,5.8,94.9,21,640,480,,,,11,1,0,srflx->srflx
1791434042362,nat_c,Laptop,Friend,audio,in,28.8,,0.00,18.3,94.9,,,,,,0.00,,1,0,srflx->srflx
1791434042362,nat_c,Laptop,Friend,video,out,1492.0,,0.00,1.6,94.9,,,,1200,none,,,1,0,srflx->srflx
1791434042362,nat_c,Laptop,Friend,audio,out,31.5,,0.00,4.7,94.9,,,,1200,none,,,1,0,srflx->srflx
1791434043362,nat_c,Laptop,Friend,video,in,1157.1,,0.00,13.3,88.9,20,640,480,,,,12,1,0,srflx->srflx
1791434043362,nat_c,Laptop,Friend,audio,in,33.2,,0.00,21.5,88.9,,,,,,0.00,,1,0,srflx->srflx
1791434043362,nat_c,Laptop,Friend,video,out,1470.7,,2.73,3.5,88.9,,,,1200,none,,,1,0,srflx->srflx
1791434043362,nat_c,Laptop,Friend,audio,out,32.5,,0.00,10.6,88.9,,,,1200,none,,,1,0,srflx->srflx
1791434044363,nat_c,Laptop,Friend,video,in,1213.2,,0.00,12.9,104.2,14,640,480,,,,13,1,0,srflx->srflx
1791434044363,nat_c,Laptop,Friend,audio,in,18.7,,0.00,21.4,104.2,,,,,,10.00,,1,0,srflx->srflx
1791434044363,nat_c,Laptop,Friend,video,out,1471.9,,0.00,3.4,104.2,,,,1200,none,,,1,0,srflx->srflx
1791434044363,nat_c,Laptop,Friend,audio,out,33.9,,0.00,6.1,104.2,,,,1200,none,,,1,0,srflx->srflx
1791434045363,nat_c,Laptop,Friend,video,in,1121.6,,0.00,7.2,78.3,20,640,480,,,,13,1,0,srflx->srflx
1791434045363,nat_c,Laptop,Friend,audio,in,29.7,,0.00,18.8,78.3,,,,,,0.00,,1,0,srflx->srflx
1791434045363,nat_c,Laptop,Friend,video,out,1500.3,,0.00,1.1,78.3,,,,1200,none,,,1,0,srflx->srflx
1791434045363,nat_c,Laptop,Friend,audio,out,34.3,,0.00,4.2,78.3,,,,1200,none,,,1,0,srflx->srflx
1791434046363,nat_c,Laptop,Friend,video,in,1179.2,,0.00,7.4,85.8,20,640,480,,,,13,1,0,srflx->srflx
1791434046363,nat_c,Laptop,Friend,audio,in,22.0,,0.00,17.2,85.8,,,,,,0.00,,1,0,srflx->srflx
1791434046363,nat_c,Laptop,Friend,video,out,1409.5,,0.00,2.0,85.8,,,,1200,none,,,1,0,srflx->srflx
1791434046363,nat_c,Laptop,Friend,audio,out,33.1,,0.00,6.9,85.8,,,,1200,none,,,1,0,srflx->srflx
1791434047363,nat_c,Laptop,Friend,video,in,1181.1,,0.00,5.7,75.5,19,640,480,,,,13,1,0,srflx->srflx
1791434047363,nat_c,Laptop,Friend,audio,in,29.9,,0.00,22.9,75.5,,,,,,0.00,,1,0,srflx->srflx
1791434047363,nat_c,Laptop,Friend,video,out,1369.7,,0.00,3.2,75.5,,,,1200,none,,,1,0,srflx->srflx
1791434047363,nat_c,Laptop,Friend,audio,out,32.8,,0.00,12.0,75.5,,,,1200,none,,,1,0,srflx->srflx
1791434048364,nat_c,Laptop,Friend,video,in,1243.6,,0.00,7.4,110.0,20,640,480,,,,13,1,0,srflx->srflx
1791434048364,nat_c,Laptop,Friend,audio,in,37.4,,0.00,22.7,110.0,,,,,,6.00,,1,0,srflx->srflx
1791434048364,nat_c,Laptop,Friend,video,out,1289.9,,0.00,1.8,110.0,,,,1200,none,,,1,0,srflx->srflx
1791434048364,nat_c,Laptop,Friend,audio,out,32.8,,0.00,10.2,110.0,,,,1200,none,,,1,0,srflx->srflx
1791434049365,nat_c,Laptop,Friend,video,in,1035.0,,0.00,14.8,110.0,17,640,480,,,,13,1,0,srflx->srflx
1791434049365,nat_c,Laptop,Friend,audio,in,30.9,,0.00,28.8,110.0,,,,,,14.00,,1,0,srflx->srflx
1791434049365,nat_c,Laptop,Friend,video,out,1317.9,,0.00,1.8,110.0,,,,1200,none,,,1,0,srflx->srflx
1791434049365,nat_c,Laptop,Friend,audio,out,33.0,,0.00,10.2,110.0,,,,1200,none,,,1,0,srflx->srflx
1791434050366,nat_c,Laptop,Friend,video,in,1236.3,,0.00,17.9,267.0,19,640,480,,,,13,1,0,srflx->srflx
1791434050366,nat_c,Laptop,Friend,audio,in,35.0,,0.00,27.4,267.0,,,,,,12.77,,1,0,srflx->srflx
1791434050366,nat_c,Laptop,Friend,video,out,1403.8,,0.00,2.8,267.0,,,,1200,none,,,1,0,srflx->srflx
1791434050366,nat_c,Laptop,Friend,audio,out,33.0,,0.00,6.0,267.0,,,,1200,none,,,1,0,srflx->srflx
1791434051367,nat_c,Laptop,Friend,video,in,454.6,,0.00,25.2,372.3,8,640,480,,,,15,1,0,srflx->srflx
1791434051367,nat_c,Laptop,Friend,audio,in,15.5,,0.00,48.5,372.3,,,,,,76.60,,1,0,srflx->srflx
1791434051367,nat_c,Laptop,Friend,video,out,1303.0,,0.00,2.5,372.3,,,,1200,none,,,1,0,srflx->srflx
1791434051367,nat_c,Laptop,Friend,audio,out,32.7,,0.00,6.1,372.3,,,,1200,none,,,1,0,srflx->srflx
1791434052367,nat_c,Laptop,Friend,video,in,975.9,,0.00,9.8,372.3,15,640,480,,,,15,1,0,srflx->srflx
1791434052367,nat_c,Laptop,Friend,audio,in,28.0,,0.00,31.4,372.3,,,,,,37.78,,1,0,srflx->srflx
1791434052367,nat_c,Laptop,Friend,video,out,1485.9,,0.00,2.5,372.3,,,,1200,none,,,1,0,srflx->srflx
1791434052367,nat_c,Laptop,Friend,audio,out,32.7,,0.00,6.1,372.3,,,,1200,none,,,1,0,srflx->srflx
1791434053369,nat_c,Laptop,Friend,video,in,1348.5,,0.00,12.3,1100.3,22,640,480,,,,15,1,4,srflx->srflx
1791434053369,nat_c,Laptop,Friend,audio,in,41.6,,0.00,27.4,1100.3,,,,,,4.00,,1,4,srflx->srflx
1791434053369,nat_c,Laptop,Friend,video,out,416.5,,0.00,1.7,1100.3,,,,180,bandwidth,,,1,4,srflx->srflx
1791434053369,nat_c,Laptop,Friend,audio,out,33.7,,0.00,4.7,1100.3,,,,180,bandwidth,,,1,4,srflx->srflx
1791434054370,nat_c,Laptop,Friend,video,in,733.9,,0.00,20.5,68.2,40,320,240,,,,15,1,5,srflx->srflx
1791434054370,nat_c,Laptop,Friend,audio,in,74.4,,0.00,15.6,68.2,,,,,,2.00,,1,5,srflx->srflx
1791434054370,nat_c,Laptop,Friend,video,out,59.4,,0.00,4.5,68.2,,,,100,bandwidth,,,1,5,srflx->srflx
1791434054370,nat_c,Laptop,Friend,audio,out,31.6,,0.00,3.6,68.2,,,,100,bandwidth,,,1,5,srflx->srflx
1791434055371,nat_c,Laptop,Friend,video,in,131.2,,0.00,11.5,61.5,21,160,120,,,,15,1,5,srflx->srflx
1791434055371,nat_c,Laptop,Friend,audio,in,35.9,,0.00,13.6,61.5,,,,,,2.00,,1,5,srflx->srflx
1791434055371,nat_c,Laptop,Friend,video,out,128.3,,0.00,5.5,61.5,,,,100,bandwidth,,,1,5,srflx->srflx
1791434055371,nat_c,Laptop,Friend,audio,out,32.3,,0.00,3.2,61.5,,,,100,bandwidth,,,1,5,srflx->srflx
1791434056371,nat_c,Laptop,Friend,video,in,114.6,,0.00,15.1,110.5,20,160,120,,,,15,1,5,srflx->srflx
1791434056371,nat_c,Laptop,Friend,audio,in,25.2,,0.00,21.2,110.5,,,,,,6.00,,1,5,srflx->srflx
1791434056371,nat_c,Laptop,Friend,video,out,130.8,,0.00,5.0,110.5,,,,100,bandwidth,,,1,5,srflx->srflx
1791434056371,nat_c,Laptop,Friend,audio,out,31.4,,0.00,2.4,110.5,,,,100,bandwidth,,,1,5,srflx->srflx
1791434057372,nat_c,Laptop,Friend,video,in,107.9,,0.00,12.7,65.2,19,160,120,,,,15,1,5,srflx->srflx
1791434057372,nat_c,Laptop,Friend,audio,in,35.3,,0.00,16.1,65.2,,,,,,12.00,,1,5,srflx->srflx
1791434057372,nat_c,Laptop,Friend,video,out,120.5,,0.00,7.4,65.2,,,,100,bandwidth,,,1,5,srflx->srflx
1791434057372,nat_c,Laptop,Friend,audio,out,31.3,,0.00,7.1,65.2,,,,100,bandwidth,,,1,5,srflx->srflx
1791434058373,nat_c,Laptop,Friend,video,in,114.9,,0.00,15.2,56.4,21,160,120,,,,15,1,5,srflx->srflx
1791434058373,nat_c,Laptop,Friend,audio,in,38.2,,0.00,17.4,56.4,,,,,,10.00,,1,5,srflx->srflx
1791434058373,nat_c,Laptop,Friend,video,out,124.7,,0.00,7.0,56.4,,,,100,bandwidth,,,1,5,srflx->srflx
1791434058373,nat_c,Laptop,Friend,audio,out,31.7,,0.00,4.9,56.4,,,,100,bandwidth,,,1,5,srflx->srflx
1791434059374,nat_c,Laptop,Friend,video,in,107.8,,0.00,12.0,76.0,20,160,120,,,,15,1,5,srflx->srflx
1791434059374,nat_c,Laptop,Friend,audio,in,25.2,,0.00,10.7,76.0,,,,,,4.00,,1,5,srflx->srflx
1791434059374,nat_c,Laptop,Friend,video,out,128.0,,0.00,9.7,76.0,,,,100,bandwidth,,,1,5,srflx->srflx
1791434059374,nat_c,Laptop,Friend,audio,out,32.0,,0.00,8.7,76.0,,,,100,bandwidth,,,1,5,srflx->srflx
1791434060375,nat_c,Laptop,Friend,video,in,98.4,,0.00,14.2,58.7,19,160,120,,,,15,1,5,srflx->srflx
1791434060375,nat_c,Laptop,Friend,audio,in,18.5,,0.00,11.9,58.7,,,,,,0.00,,1,5,srflx->srflx
1791434060375,nat_c,Laptop,Friend,video,out,116.5,,0.00,10.3,58.7,,,,100,bandwidth,,,1,5,srflx->srflx
1791434060375,nat_c,Laptop,Friend,audio,out,31.1,,0.00,5.1,58.7,,,,100,bandwidth,,,1,5,srflx->srflx
1791434061376,nat_c,Laptop,Friend,video,in,107.9,,0.00,16.7,70.3,20,160,120,,,,15,1,4,srflx->srflx
1791434061376,nat_c,Laptop,Friend,audio,in,19.4,,0.00,13.0,70.3,,,,,,4.00,,1,4,srflx->srflx
1791434061376,nat_c,Laptop,Friend,video,out,119.8,,0.00,5.4,70.3,,,,180,bandwidth,,,1,4,srflx->srflx
1791434061376,nat_c,Laptop,Friend,audio,out,31.1,,0.00,3.4,70.3,,,,180,bandwidth,,,1,4,srflx->srflx
1791434062378,nat_c,Laptop,Friend,video,in,143.0,,0.00,13.2,65.0,21,320,240,,,,15,1,4,srflx->srflx
1791434062378,nat_c,Laptop,Friend,audio,in,30.2,,0.00,16.4,65.0,,,,,,6.00,,1,4,srflx->srflx
1791434062378,nat_c,Laptop,Friend,video,out,139.3,,0.00,4.0,65.0,,,,180,bandwidth,,,1,4,srflx->srflx
1791434062378,nat_c,Laptop,Friend,audio,out,31.2,,0.00,5.8,65.0,,,,180,bandwidth,,,1,4,srflx->srflx
1791434063379,nat_c,Laptop,Friend,video,in,242.2,,0.00,15.5,82.9,20,320,240,,,,15,1,4,srflx->srflx
1791434063379,nat_c,Laptop,Friend,audio,in,24.0,,0.00,20.5,82.9,,,,,,14.00,,1,4,srflx->srflx
1791434063379,nat_c,Laptop,Friend,video,out,246.5,,0.00,4.2,82.9,,,,180,bandwidth,,,1,4,srflx->srflx
1791434063379,nat_c,Laptop,Friend,audio,out,30.9,,0.00,4.0,82.9,,,,180,bandwidth,,,1,4,srflx->srflx
1791434064379,nat_c,Laptop,Friend,video,in,185.3,,0.00,12.7,91.4,20,320,240,,,,15,1,3,srflx->srflx
1791434064379,nat_c,Laptop,Friend,audio,in,26.7,,1.96,23.8,91.4,,,,,,2.00,,1,3,srflx->srflx
1791434064379,nat_c,Laptop,Friend,video,out,230.2,,0.00,1.8,91.4,,,,300,bandwidth,,,1,3,srflx->srflx
1791434064379,nat_c,Laptop,Friend,audio,out,30.6,,0.00,3.0,91.4,,,,300,bandwidth,,,1,3,srflx->srflx
1791434064379,nat_c,Laptop,Friend,video,in,0.0,,0.00,0.0,0.0,0,0,0,,,,0,1,3,srflx->srflx
1791434064379,nat_c,Laptop,Friend,audio,in,0.0,,0.00,0.0,0.0,,,,,,0.00,,1,3,srflx->srflx
1791434064379,nat_c,Laptop,Friend,video,out,0.0,,0.00,0.0,0.0,,,,300,bandwidth,,,1,3,srflx->srflx
1791434064379,nat_c,Laptop,Friend,audio,out,0.6,,0.00,0.0,0.0,,,,300,bandwidth,,,1,3,srflx->srflx
1791434065380,nat_c,Laptop,Friend,video,in,183.4,,0.00,16.9,91.4,19,320,240,,,,15,1,3,srflx->srflx
1791434065380,nat_c,Laptop,Friend,audio,in,25.8,,0.00,17.5,91.4,,,,,,22.00,,1,3,srflx->srflx
1791434065380,nat_c,Laptop,Friend,video,out,262.1,,0.00,1.8,91.4,,,,300,bandwidth,,,1,3,srflx->srflx
1791434065380,nat_c,Laptop,Friend,audio,out,29.8,,0.00,3.0,91.4,,,,300,bandwidth,,,1,3,srflx->srflx
1791434065380,nat_c,Laptop,Friend,video,in,1084.3,,0.00,10.0,0.0,16,640,480,,,,0,1,3,srflx->srflx
1791434065380,nat_c,Laptop,Friend,audio,in,0.0,,0.00,0.0,0.0,,,,,,0.00,,1,3,srflx->srflx
1791434065380,nat_c,Laptop,Friend,video,out,262.1,,0.00,1.8,0.0,,,,300,bandwidth,,,1,3,srflx->srflx
1791434065380,nat_c,Laptop,Friend,audio,out,29.8,,0.00,4.8,0.0,,,,300,bandwidth,,,1,3,srflx->srflx
1791434066379,nat_c,Laptop,Friend,video,in,373.5,,0.00,12.5,98.1,21,320,240,,,,16,1,3,srflx->srflx
1791434066379,nat_c,Laptop,Friend,audio,in,27.1,,0.00,15.7,98.1,,,,,,14.58,,1,3,srflx->srflx
1791434066379,nat_c,Laptop,Friend,video,out,423.8,,0.00,3.6,98.1,,,,300,bandwidth,,,1,3,srflx->srflx
1791434066379,nat_c,Laptop,Friend,audio,out,29.2,,0.00,4.0,98.1,,,,300,bandwidth,,,1,3,srflx->srflx
1791434066380,nat_c,Laptop,Friend,video,in,1502.9,,0.00,3.9,117.9,17,640,480,,,,1,1,3,srflx->srflx
1791434066380,nat_c,Laptop,Friend,audio,in,17.4,,0.00,14.1,117.9,,,,,,0.00,,1,3,srflx->srflx
1791434066380,nat_c,Laptop,Friend,video,out,423.8,,0.00,6.7,117.9,,,,300,bandwidth,,,1,3,srflx->srflx
1791434066380,nat_c,Laptop,Friend,audio,out,29.2,,0.00,13.8,117.9,,,,300,bandwidth,,,1,3,srflx->srflx
1791434067380,nat_c,Laptop,Friend,video,in,361.1,,0.00,6.3,73.8,20,320,240,,,,16,1,2,srflx->srflx
1791434067380,nat_c,Laptop,Friend,audio,in,31.3,,0.00,13.0,73.8,,,,,,0.00,,1,2,srflx->srflx
1791434067380,nat_c,Laptop,Friend,video,out,404.8,,0.00,2.4,73.8,,,,500,bandwidth,,,1,2,srflx->srflx
1791434067380,nat_c,Laptop,Friend,audio,out,30.7,,0.00,3.6,73.8,,,,500,bandwidth,,,1,2,srflx->srflx
1791434067380,nat_c,Laptop,Friend,video,in,1303.8,,0.00,5.0,55.2,20,640,480,,,,1,1,2,srflx->srflx
1791434067380,nat_c,Laptop,Friend,audio,in,28.2,,0.00,17.9,55.2,,,,,,0.00,,1,2,srflx->srflx
1791434067380,nat_c,Laptop,Friend,video,out,404.8,,0.00,6.1,55.2,,,,500,bandwidth,,,1,2,srflx->srflx
1791434067380,nat_c,Laptop,Friend,audio,out,30.7,,0.00,10.0,55.2,,,,500,bandwidth,,,1,2,srflx->srflx
1791434068381,nat_c,Laptop,Friend,video,in,313.9,,0.00,9.0,78.2,19,480,360,,,,16,1,2,srflx->srflx
1791434068381,nat_c,Laptop,Friend,audio,in,21.2,,0.00,15.5,78.2,,,,,,0.00,,1,2,srflx->srflx
1791434068381,nat_c,Laptop,Friend,video,out,401.9,,0.00,2.4,78.2,,,,500,bandwidth,,,1,2,srflx->srflx
1791434068381,nat_c,Laptop,Friend,audio,out,28.3,,1.95,3.6,78.2,,,,500,bandwidth,,,1,2,srflx->srflx
1791434068381,nat_c,Laptop,Friend,video,in,1201.1,,0.00,6.3,63.3,20,640,480,,,,1,1,2,srflx->srflx
1791434068381,nat_c,Laptop,Friend,audio,in,25.7,,0.00,18.4,63.3,,,,,,0.00,,1,2,srflx->srflx
1791434068381,nat_c,Laptop,Friend,video,out,401.9,,0.00,4.6,63.3,,,,500,bandwidth,,,1,2,srflx->srflx
1791434068381,nat_c,Laptop,Friend,audio,out,28.3,,0.00,5.2,63.3,,,,500,bandwidth,,,1,2,srflx->srflx
1791434069382,nat_c,Laptop,Friend,video,in,645.7,,0.00,6.2,69.3,21,480,360,,,,16,1,2,srflx->srflx
1791434069382,nat_c,Laptop,Friend,audio,in,22.2,,0.00,18.0,69.3,,,,,,0.00,,1,2,srflx->srflx
1791434069382,nat_c,Laptop,Friend,video,out,702.5,,0.00,2.4,69.3,,,,500,bandwidth,,,1,2,srflx->srflx
1791434069382,nat_c,Laptop,Friend,audio,out,27.8,,0.00,7.0,69.3,,,,500,bandwidth,,,1,2,srflx->srflx
1791434069382,nat_c,Laptop,Friend,video,in,1254.7,,0.00,5.7,156.4,21,640,480,,,,1,1,2,srflx->srflx
1791434069382,nat_c,Laptop,Friend,audio,in,27.4,,0.00,18.7,156.4,,,,,,16.67,,1,2,srflx->srflx
1791434069382,nat_c,Laptop,Friend,video,out,702.5,,0.00,2.4,156.4,,,,500,bandwidth,,,1,2,srflx->srflx
1791434069382,nat_c,Laptop,Friend,audio,out,27.8,,0.00,4.7,156.4,,,,500,bandwidth,,,1,2,srflx->srflx
1791434070382,nat_c,Laptop,Friend,video,in,526.8,,0.00,11.1,85.2,19,480,360,,,,16,1,1,srflx->srflx
1791434070382,nat_c,Laptop,Friend,audio,in,31.9,,0.00,18.2,85.2,,,,,,0.00,,1,1,srflx->srflx
1791434070382,nat_c,Laptop,Friend,video,out,624.0,,0.00,3.2,85.2,,,,800,bandwidth,,,1,1,srflx->srflx
1791434070382,nat_c,Laptop,Friend,audio,out,30.3,,0.00,5.5,85.2,,,,800,bandwidth,,,1,1,srflx->srflx
1791434070382,nat_c,Laptop,Friend,video,in,1150.5,,0.00,6.7,77.5,19,640,480,,,,1,1,1,srflx->srflx
1791434070382,nat_c,Laptop,Friend,audio,in,34.2,,0.00,19.7,77.5,,,,,,0.00,,1,1,srflx->srflx
1791434070382,nat_c,Laptop,Friend,video,out,624.0,,0.00,4.3,77.5,,,,800,bandwidth,,,1,1,srflx->srflx
1791434070382,nat_c,Laptop,Friend,audio,out,30.3,,0.00,5.2,77.5,,,,800,bandwidth,,,1,1,srflx->srflx
1791434071383,nat_c,Laptop,Friend,video,in,584.8,,0.00,7.2,85.2,18,640,480,,,,16,1,1,srflx->srflx
1791434071383,nat_c,Laptop,Friend,audio,in,32.8,,0.00,16.0,85.2,,,,,,0.00,,1,1,srflx->srflx
1791434071383,nat_c,Laptop,Friend,video,out,624.1,,0.00,3.2,85.2,,,,800,bandwidth,,,1,1,srflx->srflx
1791434071383,nat_c,Laptop,Friend,audio,out,32.5,,0.00,5.5,85.2,,,,800,bandwidth,,,1,1,srflx->srflx
1791434071383,nat_c,Laptop,Friend,video,in,1114.3,,0.00,4.0,49.9,19,640,480,,,,1,1,1,srflx->srflx
1791434071383,nat_c,Laptop,Friend,audio,in,34.9,,0.00,16.4,49.9,,,,,,0.00,,1,1,srflx->srflx
1791434071383,nat_c,Laptop,Friend,video,out,624.1,,0.00,3.8,49.9,,,,800,bandwidth,,,1,1,srflx->srflx
1791434071383,nat_c,Laptop,Friend,audio,out,32.5,,0.00,4.7,49.9,,,,800,bandwidth,,,1,1,srflx->srflx
1791434072385,nat_c,Laptop,Friend,video,in,868.4,,0.00,9.6,179.7,18,640,480,,,,17,1,1,srflx->srflx
1791434072385,nat_c,Laptop,Friend,audio,in,27.5,,0.00,22.0,179.7,,,,,,27.66,,1,1,srflx->srflx
1791434072385,nat_c,Laptop,Friend,video,out,1074.0,,0.00,1.3,179.7,,,,800,bandwidth,,,1,1,srflx->srflx
1791434072385,nat_c,Laptop,Friend,audio,out,30.2,,0.00,4.4,179.7,,,,800,bandwidth,,,1,1,srflx->srflx
1791434072385,nat_c,Laptop,Friend,video,in,879.6,,0.00,7.8,296.2,18,640,480,,,,1,1,1,srflx->srflx
1791434072385,nat_c,Laptop,Friend,audio,in,30.5,,0.00,19.9,296.2,,,,,,27.08,,1,1,srflx->srflx
1791434072385,nat_c,Laptop,Friend,video,out,1055.3,,0.00,3.3,296.2,,,,800,bandwidth,,,1,1,srflx->srflx
1791434072385,nat_c,Laptop,Friend,audio,out,30.2,,0.00,6.8,296.2,,,,800,bandwidth,,,1,1,srflx->srflx
1791434073386,nat_c,Laptop,Friend,video,in,1113.0,,0.00,5.5,92.3,25,640,480,,,,17,1,1,srflx->srflx
1791434073386,nat_c,Laptop,Friend,audio,in,27.5,,0.00,14.9,92.3,,,,,,0.00,,1,1,srflx->srflx
1791434073386,nat_c,Laptop,Friend,video,out,845.8,,0.00,2.5,92.3,,,,800,bandwidth,,,1,1,srflx->srflx
1791434073386,nat_c,Laptop,Friend,audio,out,27.3,,0.00,5.6,92.3,,,,800,bandwidth,,,1,1,srflx->srflx
1791434073386,nat_c,Laptop,Friend,video,in,1306.8,,0.00,7.0,212.3,24,640,480,,,,1,1,1,srflx->srflx
1791434073386,nat_c,Laptop,Friend,audio,in,32.9,,0.00,13.8,212.3,,,,,,0.00,,1,1,srflx->srflx
1791434073386,nat_c,Laptop,Friend,video,out,845.8,,0.00,2.3,212.3,,,,800,bandwidth,,,1,1,srflx->srflx
1791434073386,nat_c,Laptop,Friend,audio,out,27.3,,0.00,6.1,212.3,,,,800,bandwidth,,,1,1,srflx->srflx
1791434074385,nat_c,Laptop,Friend,video,in,647.8,,0.00,12.3,92.3,14,640,480,,,,18,1,1,srflx->srflx
1791434074385,nat_c,Laptop,Friend,audio,in,18.6,,0.00,29.9,92.3,,,,,,24.00,,1,1,srflx->srflx
1791434074385,nat_c,Laptop,Friend,video,out,938.3,,0.00,2.5,92.3,,,,800,bandwidth,,,1,1,srflx->srflx
1791434074385,nat_c,Laptop,Friend,audio,out,27.7,,0.00,5.6,92.3,,,,800,bandwidth,,,1,1,srflx->srflx
1791434074385,nat_c,Laptop,Friend,video,in,1027.6,,0.00,12.0,47.1,15,640,480,,,,2,1,1,srflx->srflx
1791434074385,nat_c,Laptop,Friend,audio,in,22.4,,0.00,26.2,47.1,,,,,,22.00,,1,1,srflx->srflx
1791434074385,nat_c,Laptop,Friend,video,out,938.3,,0.00,2.0,47.1,,,,800,bandwidth,,,1,1,srflx->srflx
1791434074385,nat_c,Laptop,Friend,audio,out,27.7,,0.00,4.4,47.1,,,,800,bandwidth,,,1,1,srflx->srflx
1791434075385,nat_c,Laptop,Friend,video,in,685.2,,0.00,9.6,510.8,9,640,480,,,,20,1,3,srflx->srflx
1791434075385,nat_c,Laptop,Friend,audio,in,13.9,,0.00,35.7,510.8,,,,,,73.33,,1,3,srflx->srflx
1791434075385,nat_c,Laptop,Friend,video,out,476.7,,0.00,3.4,510.8,,,,300,bandwidth,,,1,3,srflx->srflx
1791434075385,nat_c,Laptop,Friend,audio,out,26.7,,0.00,5.9,510.8,,,,300,bandwidth,,,1,3,srflx->srflx
1791434075385,nat_c,Laptop,Friend,video,in,538.7,,0.00,11.8,47.1,9,640,480,,,,2,1,3,srflx->srflx
1791434075385,nat_c,Laptop,Friend,audio,in,18.1,,0.00,35.5,47.1,,,,,,73.33,,1,3,srflx->srflx
1791434075385,nat_c,Laptop,Friend,video,out,476.7,,0.00,2.0,47.1,,,,300,bandwidth,,,1,3,srflx->srflx
1791434075385,nat_c,Laptop,Friend,audio,out,26.7,,0.00,4.4,47.1,,,,300,bandwidth,,,1,3,srflx->srflx
1791434076385,nat_c,Laptop,Friend,video,in,836.9,,0.00,8.2,510.8,13,640,480,,,,21,1,3,srflx->srflx
1791434076385,nat_c,Laptop,Friend,audio,in,18.9,,0.00,36.6,510.8,,,,,,63.64,,1,3,srflx->srflx
1791434076385,nat_c,Laptop,Friend,video,out,367.1,,0.00,3.4,510.8,,,,300,bandwidth,,,1,3,srflx->srflx
1791434076385,nat_c,Laptop,Friend,audio,out,28.5,,0.00,5.9,510.8,,,,300,bandwidth,,,1,3,srflx->srflx
1791434076385,nat_c,Laptop,Friend,video,in,655.7,,0.00,8.1,878.1,11,640,480,,,,2,1,3,srflx->srflx
1791434076385,nat_c,Laptop,Friend,audio,in,20.4,,0.00,33.7,878.1,,,,,,59.52,,1,3,srflx->srflx
1791434076385,nat_c,Laptop,Friend,video,out,367.1,,0.00,2.4,878.1,,,,300,bandwidth,,,1,3,srflx->srflx
1791434076385,nat_c,Laptop,Friend,audio,out,28.5,,0.00,7.7,878.1,,,,300,bandwidth,,,1,3,srflx->srflx
1791434077387,nat_c,Laptop,Friend,video,in,574.1,,0.00,14.2,1270.4,17,480,360,,,,21,1,5,srflx->srflx
1791434077387,nat_c,Laptop,Friend,audio,in,29.8,,0.00,21.8,1270.4,,,,,,28.89,,1,5,srflx->srflx
1791434077387,nat_c,Laptop,Friend,video,out,153.5,,0.00,3.3,1270.4,,,,100,bandwidth,,,1,5,srflx->srflx
1791434077387,nat_c,Laptop,Friend,audio,out,30.6,,0.00,4.8,1270.4,,,,100,bandwidth,,,1,5,srflx->srflx
1791434077387,nat_c,Laptop,Friend,video,in,1047.7,,0.00,9.2,1428.5,18,640,480,,,,2,1,5,srflx->srflx
1791434077387,nat_c,Laptop,Friend,audio,in,32.7,,0.00,20.5,1428.5,,,,,,31.91,,1,5,srflx->srflx
1791434077387,nat_c,Laptop,Friend,video,out,153.5,,0.00,5.1,1428.5,,,,100,bandwidth,,,1,5,srflx->srflx
1791434077387,nat_c,Laptop,Friend,audio,out,30.6,,0.00,4.4,1428.5,,,,100,bandwidth,,,1,5,srflx->srflx
1791434078387,nat_c,Laptop,Friend,video,in,446.6,,0.00,22.9,1024.6,31,160,120,,,,21,1,5,srflx->srflx
1791434078387,nat_c,Laptop,Friend,audio,in,58.1,,0.00,16.8,1024.6,,,,,,37.50,,1,5,srflx->srflx
1791434078387,nat_c,Laptop,Friend,video,out,106.1,,0.00,9.5,1024.6,,,,100,bandwidth,,,1,5,srflx->srflx
1791434078387,nat_c,Laptop,Friend,audio,out,30.5,,0.00,6.3,1024.6,,,,100,bandwidth,,,1,5,srflx->srflx
1791434078387,nat_c,Laptop,Friend,video,in,1045.2,,0.00,15.3,1445.6,30,480,360,,,,2,1,5,srflx->srflx
1791434078387,nat_c,Laptop,Friend,audio,in,56.6,,0.00,15.1,1445.6,,,,,,22.92,,1,5,srflx->srflx
1791434078387,nat_c,Laptop,Friend,video,out,106.1,,0.00,6.3,1445.6,,,,100,bandwidth,,,1,5,srflx->srflx
1791434078387,nat_c,Laptop,Friend,audio,out,30.5,,0.00,7.7,1445.6,,,,100,bandwidth,,,1,5,srflx->srflx
1791434079389,nat_c,Laptop,Friend,video,in,184.2,,0.00,31.6,96.0,35,160,120,,,,21,1,5,srflx->srflx
1791434079389,nat_c,Laptop,Friend,audio,in,49.3,,0.00,21.4,96.0,,,,,,0.00,,1,5,srflx->srflx
1791434079389,nat_c,Laptop,Friend,video,out,122.3,,0.00,8.5,96.0,,,,100,bandwidth,,,1,5,srflx->srflx
1791434079389,nat_c,Laptop,Friend,audio,out,27.5,,0.00,3.5,96.0,,,,100,bandwidth,,,1,5,srflx->srflx
1791434079389,nat_c,Laptop,Friend,video,in,253.2,,0.00,28.1,76.9,38,160,120,,,,3,1,5,srflx->srflx
1791434079389,nat_c,Laptop,Friend,audio,in,55.9,,0.00,21.8,76.9,,,,,,0.00,,1,5,srflx->srflx
1791434079389,nat_c,Laptop,Friend,video,out,122.3,,0.00,13.3,76.9,,,,100,bandwidth,,,1,5,srflx->srflx
1791434079389,nat_c,Laptop,Friend,audio,out,27.5,,0.00,8.1,76.9,,,,100,bandwidth,,,1,5,srflx->srflx
1791434080390,nat_c,Laptop,Friend,video,in,109.9,,0.00,21.4,91.7,21,160,120,,,,21,1,5,srflx->srflx
1791434080390,nat_c,Laptop,Friend,audio,in,39.4,,0.00,17.0,91.7,,,,,,0.00,,1,5,srflx->srflx
1791434080390,nat_c,Laptop,Friend,video,out,120.2,,0.00,5.6,91.7,,,,100,bandwidth,,,1,5,srflx->srflx
1791434080390,nat_c,Laptop,Friend,audio,out,30.5,,0.00,5.8,91.7,,,,100,bandwidth,,,1,5,srflx->srflx
1791434080390,nat_c,Laptop,Friend,video,in,101.6,,0.00,21.4,119.5,20,160,120,,,,3,1,5,srflx->srflx
1791434080390,nat_c,Laptop,Friend,audio,in,40.2,,0.00,18.9,119.5,,,,,,0.00,,1,5,srflx->srflx
1791434080390,nat_c,Laptop,Friend,video,out,120.2,,0.00,10.0,119.5,,,,100,bandwidth,,,1,5,srflx->srflx
1791434080390,nat_c,Laptop,Friend,audio,out,30.5,,0.00,7.7,119.5,,,,100,bandwidth,,,1,5,srflx->srflx
1791434081391,nat_c,Laptop,Friend,video,in,103.1,,0.00,21.9,104.7,19,160,120,,,,21,1,5,srflx->srflx
1791434081391,nat_c,Laptop,Friend,audio,in,31.1,,0.00,18.5,104.7,,,,,,0.00,,1,5,srflx->srflx
1791434081391,nat_c,Laptop,Friend,video,out,117.7,,0.00,6.8,104.7,,,,100,bandwidth,,,1,5,srflx->srflx
1791434081391,nat_c,Laptop,Friend,audio,out,30.3,,0.00,6.5,104.7,,,,100,bandwidth,,,1,5,srflx->srflx
1791434081391,nat_c,Laptop,Friend,video,in,107.6,,0.00,19.7,43.0,18,160,120,,,,3,1,5,srflx->srflx
1791434081391,nat_c,Laptop,Friend,audio,in,32.5,,0.00,23.9,43.0,,,,,,0.00,,1,5,srflx->srflx
1791434081391,nat_c,Laptop,Friend,video,out,117.7,,0.00,8.1,43.0,,,,100,bandwidth,,,1,5,srflx->srflx
1791434081391,nat_c,Laptop,Friend,audio,out,30.3,,0.00,7.8,43.0,,,,100,bandwidth,,,1,5,srflx->srflx
1791434082392,nat_c,Laptop,Friend,video,in,120.7,,0.00,21.3,80.1,22,160,120,,,,21,1,5,srflx->srflx
1791434082392,nat_c,Laptop,Friend,audio,in,22.8,,0.00,17.4,80.1,,,,,,0.00,,1,5,srflx->srflx
1791434082392,nat_c,Laptop,Friend,video,out,117.2,,0.00,5.1,80.1,,,,100,bandwidth,,,1,5,srflx->srflx
1791434082392,nat_c,Laptop,Friend,audio,out,26.1,,0.00,5.0,80.1,,,,100,bandwidth,,,1,5,srflx->srflx
1791434082392,nat_c,Laptop,Friend,video,in,107.1,,0.00,25.7,44.5,22,160,120,,,,3,1,5,srflx->srflx
1791434082392,nat_c,Laptop,Friend,audio,in,30.4,,0.00,18.8,44.5,,,,,,0.00,,1,5,srflx->srflx
1791434082392,nat_c,Laptop,Friend,video,out,117.2,,0.00,7.6,44.5,,,,100,bandwidth,,,1,5,srflx->srflx
1791434082392,nat_c,Laptop,Friend,audio,out,26.1,,0.00,4.7,44.5,,,,100,bandwidth,,,1,5,srflx->srflx
1791434083394,nat_c,Laptop,Friend,video,in,94.1,,0.00,19.3,59.5,18,160,120,,,,21,1,5,srflx->srflx
1791434083394,nat_c,Laptop,Friend,audio,in,34.6,,0.00,16.5,59.5,,,,,,0.00,,1,5,srflx->srflx
1791434083394,nat_c,Laptop,Friend,video,out,102.8,,0.00,5.8,59.5,,,,100,bandwidth,,,1,5,srflx->srflx
1791434083394,nat_c,Laptop,Friend,audio,out,31.8,,0.00,4.9,59.5,,,,100,bandwidth,,,1,5,srflx->srflx
1791434083394,nat_c,Laptop,Friend,video,in,107.0,,0.00,16.4,53.9,19,160,120,,,,3,1,5,srflx->srflx
1791434083394,nat_c,Laptop,Friend,audio,in,37.2,,0.00,15.5,53.9,,,,,,0.00,,1,5,srflx->srflx
1791434083394,nat_c,Laptop,Friend,video,out,102.8,,0.00,6.4,53.9,,,,100,bandwidth,,,1,5,srflx->srflx
1791434083394,nat_c,Laptop,Friend,audio,out,31.8,,0.00,5.9,53.9,,,,100,bandwidth,,,1,5,srflx->srflx
1791434084394,nat_c,Laptop,Friend,video,in,91.7,,0.00,14.6,52.5,19,160,120,,,,21,1,5,srflx->srflx
1791434084394,nat_c,Laptop,Friend,audio,in,18.2,,0.00,14.0,52.5,,,,,,0.00,,1,5,srflx->srflx
1791434084394,nat_c,Laptop,Friend,video,out,118.2,,0.00,4.4,52.5,,,,100,bandwidth,,,1,5,srflx->srflx
1791434084394,nat_c,Laptop,Friend,audio,out,26.9,,0.00,2.2,52.5,,,,100,bandwidth,,,1,5,srflx->srflx
1791434084394,nat_c,Laptop,Friend,video,in,107.3,,0.00,18.9,161.0,20,160,120,,,,3,1,5,srflx->srflx
1791434084394,nat_c,Laptop,Friend,audio,in,24.3,,0.00,18.7,161.0,,,,,,0.00,,1,5,srflx->srflx
1791434084394,nat_c,Laptop,Friend,video,out,118.2,,0.00,7.7,161.0,,,,100,bandwidth,,,1,5,srflx->srflx
1791434084394,nat_c,Laptop,Friend,audio,out,26.9,,0.00,5.3,161.0,,,,100,bandwidth,,,1,5,srflx->srflx
1791434085395,nat_c,Laptop,Friend,video,in,89.8,,0.00,14.8,75.0,22,160,120,,,,21,1,5,srflx->srflx
1791434085395,nat_c,Laptop,Friend,audio,in,27.9,,0.00,17.5,75.0,,,,,,0.00,,1,5,srflx->srflx
1791434085395,nat_c,Laptop,Friend,video,out,114.6,,0.00,9.5,75.0,,,,100,bandwidth,,,1,5,srflx->srflx
1791434085395,nat_c,Laptop,Friend,audio,out,26.2,,0.00,5.6,75.0,,,,100,bandwidth,,,1,5,srflx->srflx
1791434085395,nat_c,Laptop,Friend,video,in,106.0,,0.00,17.9,63.2,21,160,120,,,,3,1,5,srflx->srflx
1791434085395,nat_c,Laptop,Friend,audio,in,28.0,,0.00,19.5,63.2,,,,,,0.00,,1,5,srflx->srflx
1791434085395,nat_c,Laptop,Friend,video,out,114.6,,0.00,5.6,63.2,,,,100,bandwidth,,,1,5,srflx->srflx
1791434085395,nat_c,Laptop,Friend,audio,out,26.2,,0.00,5.5,63.2,,,,100,bandwidth,,,1,5,srflx->srflx
1791434086394,nat_c,Laptop,Friend,video,in,75.0,,0.00,14.4,77.2,20,160,120,,,,21,1,4,srflx->srflx
1791434086394,nat_c,Laptop,Friend,audio,in,34.1,,0.00,13.0,77.2,,,,,,0.00,,1,4,srflx->srflx
1791434086394,nat_c,Laptop,Friend,video,out,109.1,,0.00,7.4,77.2,,,,180,bandwidth,,,1,4,srflx->srflx
1791434086394,nat_c,Laptop,Friend,audio,out,30.1,,0.00,4.7,77.2,,,,180,bandwidth,,,1,4,srflx->srflx
1791434086395,nat_c,Laptop,Friend,video,in,80.7,,0.00,18.7,64.2,20,160,120,,,,3,1,4,srflx->srflx
1791434086395,nat_c,Laptop,Friend,audio,in,35.5,,0.00,15.8,64.2,,,,,,0.00,,1,4,srflx->srflx
1791434086395,nat_c,Laptop,Friend,video,out,109.1,,0.00,7.8,64.2,,,,180,bandwidth,,,1,4,srflx->srflx
1791434086395,nat_c,Laptop,Friend,audio,out,30.1,,0.00,6.5,64.2,,,,180,bandwidth,,,1,4,srflx->srflx
1791434087396,nat_c,Laptop,Friend,video,in,135.6,,0.00,17.5,71.2,20,320,240,,,,21,1,4,srflx->srflx
1791434087396,nat_c,Laptop,Friend,audio,in,32.1,,0.00,20.6,71.2,,,,,,0.00,,1,4,srflx->srflx
1791434087396,nat_c,Laptop,Friend,video,out,241.6,,0.00,3.3,71.2,,,,180,bandwidth,,,1,4,srflx->srflx
1791434087396,nat_c,Laptop,Friend,audio,out,29.5,,0.00,4.1,71.2,,,,180,bandwidth,,,1,4,srflx->srflx
1791434087396,nat_c,Laptop,Friend,video,in,83.3,,0.00,18.9,51.4,20,160,120,,,,3,1,4,srflx->srflx
1791434087396,nat_c,Laptop,Friend,audio,in,35.6,,0.00,18.7,51.4,,,,,,0.00,,1,4,srflx->srflx
1791434087396,nat_c,Laptop,Friend,video,out,241.6,,0.00,5.6,51.4,,,,180,bandwidth,,,1,4,srflx->srflx
1791434087396,nat_c,Laptop,Friend,audio,out,29.5,,0.00,4.7,51.4,,,,180,bandwidth,,,1,4,srflx->srflx
1791434088396,nat_c,Laptop,Friend,video,in,200.7,,0.00,9.3,74.0,20,320,240,,,,21,1,4,srflx->srflx
1791434088396,nat_c,Laptop,Friend,audio,in,21.5,,0.00,13.5,74.0,,,,,,0.00,,1,4,srflx->srflx
1791434088396,nat_c,Laptop,Friend,video,out,243.1,,0.00,2.1,74.0,,,,180,bandwidth,,,1,4,srflx->srflx
1791434088396,nat_c,Laptop,Friend,audio,out,25.3,,0.00,3.0,74.0,,,,180,bandwidth,,,1,4,srflx->srflx
1791434088396,nat_c,Laptop,Friend,video,in,158.6,,0.00,11.9,61.1,19,320,240,,,,3,1,4,srflx->srflx
1791434088396,nat_c,Laptop,Friend,audio,in,27.9,,0.00,12.6,61.1,,,,,,0.00,,1,4,srflx->srflx
1791434088396,nat_c,Laptop,Friend,video,out,243.1,,0.00,4.7,61.1,,,,180,bandwidth,,,1,4,srflx->srflx
1791434088396,nat_c,Laptop,Friend,audio,out,25.3,,0.00,7.9,61.1,,,,180,bandwidth,,,1,4,srflx->srflx
1791434089396,nat_c,Laptop,Friend,video,in,162.0,,0.00,24.9,74.0,16,320,240,,,,21,1,3,srflx->srflx
1791434089396,nat_c,Laptop,Friend,audio,in,31.7,,0.00,23.5,74.0,,,,,,4.00,,1,3,srflx->srflx
1791434089396,nat_c,Laptop,Friend,video,out,189.1,,0.00,2.1,74.0,,,,300,bandwidth,,,1,3,srflx->srflx
1791434089396,nat_c,Laptop,Friend,audio,out,29.5,,0.00,3.0,74.0,,,,300,bandwidth,,,1,3,srflx->srflx
1791434089396,nat_c,Laptop,Friend,video,in,169.1,,0.00,19.4,66.7,17,320,240,,,,3,1,3,srflx->srflx
1791434089396,nat_c,Laptop,Friend,audio,in,30.1,,0.00,22.2,66.7,,,,,,4.00,,1,3,srflx->srflx
1791434089396,nat_c,Laptop,Friend,video,out,189.1,,0.00,7.4,66.7,,,,300,bandwidth,,,1,3,srflx->srflx
1791434089396,nat_c,Laptop,Friend,audio,out,29.5,,0.00,9.8,66.7,,,,300,bandwidth,,,1,3,srflx->srflx
1791434090396,nat_c,Laptop,Friend,video,in,269.0,,0.00,14.7,88.6,23,320,240,,,,21,1,3,srflx->srflx
1791434090396,nat_c,Laptop,Friend,audio,in,29.7,,0.00,21.4,88.6,,,,,,20.83,,1,3,srflx->srflx
1791434090396,nat_c,Laptop,Friend,video,out,412.7,,0.00,5.0,88.6,,,,300,bandwidth,,,1,3,srflx->srflx
1791434090396,nat_c,Laptop,Friend,audio,out,27.5,,0.00,9.6,88.6,,,,300,bandwidth,,,1,3,srflx->srflx
1791434090396,nat_c,Laptop,Friend,video,in,230.5,,0.00,19.0,193.9,23,320,240,,,,3,1,3,srflx->srflx
1791434090396,nat_c,Laptop,Friend,audio,in,33.3,,0.00,18.3,193.9,,,,,,22.92,,1,3,srflx->srflx
1791434090396,nat_c,Laptop,Friend,video,out,412.7,,0.00,5.3,193.9,,,,300,bandwidth,,,1,3,srflx->srflx
1791434090396,nat_c,Laptop,Friend,audio,out,27.5,,0.00,8.8,193.9,,,,300,bandwidth,,,1,3,srflx->srflx
1791434091396,nat_c,Laptop,Friend,video,in,366.5,,0.00,15.7,153.2,21,320,240,,,,21,1,3,srflx->srflx
1791434091396,nat_c,Laptop,Friend,audio,in,19.6,,0.00,23.4,153.2,,,,,,0.00,,1,3,srflx->srflx
1791434091396,nat_c,Laptop,Friend,video,out,405.2,,0.00,5.8,153.2,,,,300,bandwidth,,,1,3,srflx->srflx
1791434091396,nat_c,Laptop,Friend,audio,out,26.1,,0.00,8.6,153.2,,,,300,bandwidth,,,1,3,srflx->srflx
1791434091396,nat_c,Laptop,Friend,video,in,243.8,,0.00,23.1,54.4,20,320,240,,,,3,1,3,srflx->srflx
1791434091396,nat_c,Laptop,Friend,audio,in,26.4,,0.00,21.6,54.4,,,,,,0.00,,1,3,srflx->srflx
1791434091396,nat_c,Laptop,Friend,video,out,405.2,,0.00,6.7,54.4,,,,300,bandwidth,,,1,3,srflx->srflx
1791434091396,nat_c,Laptop,Friend,audio,out,26.1,,0.00,9.6,54.4,,,,300,bandwidth,,,1,3,srflx->srflx
1791434092398,nat_c,Laptop,Friend,video,in,316.5,,0.00,9.8,63.2,20,320,240,,,,21,1,2,srflx->srflx
1791434092398,nat_c,Laptop,Friend,audio,in,19.0,,0.00,17.9,63.2,,,,,,0.00,,1,2,srflx->srflx
1791434092398,nat_c,Laptop,Friend,video,out,280.8,,0.00,11.0,63.2,,,,500,bandwidth,,,1,2,srflx->srflx
1791434092398,nat_c,Laptop,Friend,audio,out,25.6,,0.00,8.6,63.2,,,,500,bandwidth,,,1,2,srflx->srflx
1791434092398,nat_c,Laptop,Friend,video,in,371.9,,0.00,7.9,45.5,19,320,240,,,,3,1,2,srflx->srflx
1791434092398,nat_c,Laptop,Friend,audio,in,25.3,,0.00,15.4,45.5,,,,,,0.00,,1,2,srflx->srflx
1791434092398,nat_c,Laptop,Friend,video,out,280.8,,0.00,9.0,45.5,,,,500,bandwidth,,,1,2,srflx->srflx
1791434092398,nat_c,Laptop,Friend,audio,out,25.6,,0.00,11.0,45.5,,,,500,bandwidth,,,1,2,srflx->srflx
1791434093402,nat_c,Laptop,Friend,video,in,225.9,,0.00,21.8,63.2,15,480,360,,,,21,1,2,srflx->srflx
1791434093402,nat_c,Laptop,Friend,audio,in,16.0,,0.00,24.3,63.2,,,,,,25.00,,1,2,srflx->srflx
1791434093402,nat_c,Laptop,Friend,video,out,652.1,,0.00,11.0,63.2,,,,500,bandwidth,,,1,2,srflx->srflx
1791434093402,nat_c,Laptop,Friend,audio,out,26.1,,0.00,8.6,63.2,,,,500,bandwidth,,,1,2,srflx->srflx
1791434093402,nat_c,Laptop,Friend,video,in,242.0,,0.00,22.4,312.0,17,320,240,,,,5,1,2,srflx->srflx
1791434093402,nat_c,Laptop,Friend,audio,in,20.6,,0.00,23.4,312.0,,,,,,22.92,,1,2,srflx->srflx
1791434093402,nat_c,Laptop,Friend,video,out,652.1,,0.00,10.4,312.0,,,,500,bandwidth,,,1,2,srflx->srflx
1791434093402,nat_c,Laptop,Friend,audio,out,26.1,,0.00,14.6,312.0,,,,500,bandwidth,,,1,2,srflx->srflx
1791434094403,nat_c,Laptop,Friend,video,in,781.2,,0.00,8.6,64.1,25,480,360,,,,21,1,2,srflx->srflx
1791434094403,nat_c,Laptop,Friend,audio,in,24.0,,0.00,15.5,64.1,,,,,,0.00,,1,2,srflx->srflx
1791434094403,nat_c,Laptop,Friend,video,out,592.6,,0.00,2.7,64.1,,,,500,bandwidth,,,1,2,srflx->srflx
1791434094403,nat_c,Laptop,Friend,audio,out,25.6,,0.00,6.4,64.1,,,,500,bandwidth,,,1,2,srflx->srflx
1791434094403,nat_c,Laptop,Friend,video,in,396.9,,0.00,15.6,265.2,24,320,240,,,,5,1,2,srflx->srflx
1791434094403,nat_c,Laptop,Friend,audio,in,32.1,,0.00,15.0,265.2,,,,,,0.00,,1,2,srflx->srflx
1791434094403,nat_c,Laptop,Friend,video,out,592.6,,0.00,6.1,265.2,,,,500,bandwidth,,,1,2,srflx->srflx
1791434094403,nat_c,Laptop,Friend,audio,out,25.6,,0.00,11.6,265.2,,,,500,bandwidth,,,1,2,srflx->srflx
1791434095404,nat_c,Laptop,Friend,video,in,430.1,,0.00,24.1,64.1,15,480,360,,,,21,1,2,srflx->srflx
1791434095404,nat_c,Laptop,Friend,audio,in,27.3,,0.00,25.9,64.1,,,,,,12.00,,1,2,srflx->srflx
1791434095404,nat_c,Laptop,Friend,video,out,582.6,,0.00,2.7,64.1,,,,500,bandwidth,,,1,2,srflx->srflx
1791434095404,nat_c,Laptop,Friend,audio,out,28.9,,0.00,6.4,64.1,,,,500,bandwidth,,,1,2,srflx->srflx
1791434095404,nat_c,Laptop,Friend,video,in,251.3,,0.00,22.7,100.9,16,320,240,,,,6,1,2,srflx->srflx
1791434095404,nat_c,Laptop,Friend,audio,in,27.1,,0.00,25.5,100.9,,,,,,10.00,,1,2,srflx->srflx
1791434095404,nat_c,Laptop,Friend,video,out,582.6,,0.00,2.6,100.9,,,,500,bandwidth,,,1,2,srflx->srflx
1791434095404,nat_c,Laptop,Friend,audio,out,28.9,,0.00,6.4,100.9,,,,500,bandwidth,,,1,2,srflx->srflx
1791434096406,nat_c,Laptop,Friend,video,in,290.8,,0.00,18.1,442.3,14,640,480,,,,23,1,4,srflx->srflx
1791434096406,nat_c,Laptop,Friend,audio,in,16.3,,0.00,28.2,442.3,,,,,,62.22,,1,4,srflx->srflx
1791434096406,nat_c,Laptop,Friend,video,out,267.8,,0.00,5.1,442.3,,,,180,bandwidth,,,1,4,srflx->srflx
1791434096406,nat_c,Laptop,Friend,audio,out,27.6,,0.00,12.8,442.3,,,,180,bandwidth,,,1,4,srflx->srflx
1791434096407,nat_c,Laptop,Friend,video,in,208.2,,0.00,18.4,522.3,14,320,240,,,,6,1,4,srflx->srflx
1791434096407,nat_c,Laptop,Friend,audio,in,24.6,,0.00,27.7,522.3,,,,,,51.11,,1,4,srflx->srflx
1791434096407,nat_c,Laptop,Friend,video,out,267.8,,0.00,7.0,522.3,,,,180,bandwidth,,,1,4,srflx->srflx
1791434096407,nat_c,Laptop,Friend,audio,out,27.6,,0.00,13.7,522.3,,,,180,bandwidth,,,1,4,srflx->srflx
1791434097406,nat_c,Laptop,Friend,video,in,373.0,,0.00,18.1,442.3,9,640,480,,,,24,1,4,srflx->srflx
1791434097406,nat_c,Laptop,Friend,audio,in,12.4,,0.00,39.2,442.3,,,,,,80.43,,1,4,srflx->srflx
1791434097406,nat_c,Laptop,Friend,video,out,206.7,,0.00,5.1,442.3,,,,180,bandwidth,,,1,4,srflx->srflx
1791434097406,nat_c,Laptop,Friend,audio,out,27.0,,0.00,12.8,442.3,,,,180,bandwidth,,,1,4,srflx->srflx
1791434097406,nat_c,Laptop,Friend,video,in,133.1,,0.00,30.3,522.3,8,320,240,,,,7,1,4,srflx->srflx
1791434097406,nat_c,Laptop,Friend,audio,in,15.3,,0.00,41.0,522.3,,,,,,78.26,,1,4,srflx->srflx
1791434097406,nat_c,Laptop,Friend,video,out,206.7,,0.00,7.0,522.3,,,,180,bandwidth,,,1,4,srflx->srflx
1791434097406,nat_c,Laptop,Friend,audio,out,27.0,,0.00,13.7,522.3,,,,180,bandwidth,,,1,4,srflx->srflx
1791434098409,nat_c,Laptop,Friend,video,in,467.7,,0.00,16.6,1281.1,11,320,240,,,,24,1,5,srflx->srflx
1791434098409,nat_c,Laptop,Friend,audio,in,18.5,,0.00,42.3,1281.1,,,,,,68.18,,1,5,srflx->srflx
1791434098409,nat_c,Laptop,Friend,video,out,113.0,,0.00,14.3,1281.1,,,,100,bandwidth,,,1,5,srflx->srflx
1791434098409,nat_c,Laptop,Friend,audio,out,26.5,,0.00,14.5,1281.1,,,,100,bandwidth,,,1,5,srflx->srflx
1791434098409,nat_c,Laptop,Friend,video,in,181.3,,0.00,25.4,1499.9,11,160,120,,,,7,1,5,srflx->srflx
1791434098409,nat_c,Laptop,Friend,audio,in,20.1,,0.00,35.9,1499.9,,,,,,75.00,,1,5,srflx->srflx
1791434098409,nat_c,Laptop,Friend,video,out,113.0,,0.00,28.7,1499.9,,,,100,bandwidth,,,1,5,srflx->srflx
1791434098409,nat_c,Laptop,Friend,audio,out,26.5,,0.00,28.7,1499.9,,,,100,bandwidth,,,1,5,srflx->srflx
1791434099410,nat_c,Laptop,Friend,video,in,111.4,,0.00,23.3,2228.5,13,320,240,,,,25,1,5,srflx->srflx
1791434099410,nat_c,Laptop,Friend,audio,in,24.4,,0.00,29.4,2228.5,,,,,,53.33,,1,5,srflx->srflx
1791434099410,nat_c,Laptop,Friend,video,out,125.6,,0.00,40.1,2228.5,,,,100,bandwidth,,,1,5,srflx->srflx
1791434099410,nat_c,Laptop,Friend,audio,out,27.2,,0.00,34.3,2228.5,,,,100,bandwidth,,,1,5,srflx->srflx
1791434099410,nat_c,Laptop,Friend,video,in,43.7,,0.00,39.9,1499.9,13,160,120,,,,8,1,5,srflx->srflx
1791434099410,nat_c,Laptop,Friend,audio,in,25.0,,0.00,29.9,1499.9,,,,,,51.11,,1,5,srflx->srflx
1791434099410,nat_c,Laptop,Friend,video,out,125.6,,0.00,28.7,1499.9,,,,100,bandwidth,,,1,5,srflx->srflx
1791434099410,nat_c,Laptop,Friend,audio,out,27.2,,0.00,28.7,1499.9,,,,100,bandwidth,,,1,5,srflx->srflx
1791434100412,nat_c,Laptop,Friend,video,in,161.7,,0.00,34.7,2228.5,8,320,240,,,,27,1,5,srflx->srflx
1791434100412,nat_c,Laptop,Friend,audio,in,12.4,,0.00,42.5,2228.5,,,,,,85.11,,1,5,srflx->srflx
1791434100412,nat_c,Laptop,Friend,video,out,119.6,,0.00,40.1,2228.5,,,,100,bandwidth,,,1,5,srflx->srflx
1791434100412,nat_c,Laptop,Friend,audio,out,26.1,,0.00,34.3,2228.5,,,,100,bandwidth,,,1,5,srflx->srflx
1791434100412,nat_c,Laptop,Friend,video,in,45.2,,0.00,56.0,2501.1,8,160,120,,,,9,1,5,srflx->srflx
1791434100412,nat_c,Laptop,Friend,audio,in,12.2,,0.00,44.0,2501.1,,,,,,88.89,,1,5,srflx->srflx
1791434100412,nat_c,Laptop,Friend,video,out,119.6,,0.00,45.1,2501.1,,,,100,bandwidth,,,1,5,srflx->srflx
1791434100412,nat_c,Laptop,Friend,audio,out,26.1,,0.00,34.3,2501.1,,,,100,bandwidth,,,1,5,srflx->srflx
1791434101414,nat_c,Laptop,Friend,video,in,154.7,,0.00,38.7,2228.5,7,320,240,,,,28,1,5,srflx->srflx
1791434101414,nat_c,Laptop,Friend,audio,in,6.3,,0.00,52.4,2228.5,,,,,,86.05,,1,5,srflx->srflx
1791434101414,nat_c,Laptop,Friend,video,out,123.4,,0.00,40.1,2228.5,,,,100,bandwidth,,,1,5,srflx->srflx
1791434101414,nat_c,Laptop,Friend,audio,out,25.7,,0.00,34.3,2228.5,,,,100,bandwidth,,,1,5,srflx->srflx
1791434101417,nat_c,Laptop,Friend,video,in,32.5,,0.00,64.7,2501.1,7,160,120,,,,9,1,5,srflx->srflx
1791434101417,nat_c,Laptop,Friend,audio,in,9.8,,0.00,51.2,2501.1,,,,,,73.33,,1,5,srflx->srflx
1791434101417,nat_c,Laptop,Friend,video,out,123.4,,0.00,45.1,2501.1,,,,100,bandwidth,,,1,5,srflx->srflx
1791434101417,nat_c,Laptop,Friend,audio,out,25.7,,0.00,34.3,2501.1,,,,100,bandwidth,,,1,5,srflx->srflx
1791434102415,nat_c,Laptop,Friend,video,in,67.4,,0.00,56.7,4242.7,4,320,240,,,,29,1,5,srflx->srflx
1791434102415,nat_c,Laptop,Friend,audio,in,3.4,,0.00,70.6,4242.7,,,,,,82.93,,1,5,srflx->srflx
1791434102415,nat_c,Laptop,Friend,video,out,119.1,,0.00,51.7,4242.7,,,,100,bandwidth,,,1,5,srflx->srflx
1791434102415,nat_c,Laptop,Friend,audio,out,27.0,,5.47,50.8,4242.7,,,,100,bandwidth,,,1,5,srflx->srflx
1791434102415,nat_c,Laptop,Friend,video,in,28.3,,0.00,90.2,2501.1,4,160,120,,,,10,1,5,srflx->srflx
1791434102415,nat_c,Laptop,Friend,audio,in,4.7,,0.00,72.4,2501.1,,,,,,87.18,,1,5,srflx->srflx
1791434102415,nat_c,Laptop,Friend,video,out,119.1,,0.00,45.1,2501.1,,,,100,bandwidth,,,1,5,srflx->srflx
1791434102415,nat_c,Laptop,Friend,audio,out,27.0,,0.00,34.3,2501.1,,,,100,bandwidth,,,1,5,srflx->srflx
1791434103417,nat_c,Laptop,Friend,video,in,176.1,,0.00,34.7,4242.7,8,320,240,,,,29,1,5,srflx->srflx
1791434103417,nat_c,Laptop,Friend,audio,in,8.9,,0.00,45.4,4242.7,,,,,,73.33,,1,5,srflx->srflx
1791434103417,nat_c,Laptop,Friend,video,out,114.1,,0.00,51.7,4242.7,,,,100,bandwidth,,,1,5,srflx->srflx
1791434103417,nat_c,Laptop,Friend,audio,out,26.0,,5.47,50.8,4242.7,,,,100,bandwidth,,,1,5,srflx->srflx
1791434103417,nat_c,Laptop,Friend,video,in,55.2,,0.00,64.3,4474.4,10,160,120,,,,10,1,5,srflx->srflx
1791434103417,nat_c,Laptop,Friend,audio,in,12.4,,0.00,43.7,4474.4,,,,,,82.22,,1,5,srflx->srflx
1791434103417,nat_c,Laptop,Friend,video,out,114.1,,0.00,42.5,4474.4,,,,100,bandwidth,,,1,5,srflx->srflx
1791434103417,nat_c,Laptop,Friend,audio,out,26.0,,4.30,36.9,4474.4,,,,100,bandwidth,,,1,5,srflx->srflx
1791434104417,nat_c,Laptop,Friend,video,in,115.7,,0.00,50.2,6818.3,10,160,120,,,,30,1,5,srflx->srflx
1791434104417,nat_c,Laptop,Friend,audio,in,17.8,,0.00,47.7,6818.3,,,,,,73.33,,1,5,srflx->srflx
1791434104417,nat_c,Laptop,Friend,video,out,128.2,,4.69,42.2,6818.3,,,,100,bandwidth,,,1,5,srflx->srflx
1791434104417,nat_c,Laptop,Friend,audio,out,27.5,,0.00,37.3,6818.3,,,,100,bandwidth,,,1,5,srflx->srflx
1791434104417,nat_c,Laptop,Friend,video,in,53.3,,0.00,71.4,4474.4,9,160,120,,,,11,1,5,srflx->srflx
1791434104417,nat_c,Laptop,Friend,audio,in,18.3,,0.00,43.6,4474.4,,,,,,73.33,,1,5,srflx->srflx
1791434104417,nat_c,Laptop,Friend,video,out,128.2,,0.00,42.5,4474.4,,,,100,bandwidth,,,1,5,srflx->srflx
1791434104417,nat_c,Laptop,Friend,audio,out,27.5,,4.30,36.9,4474.4,,,,100,bandwidth,,,1,5,srflx->srflx
1791434105417,nat_c,Laptop,Friend,video,in,149.7,,0.00,24.0,6493.2,30,160,120,,,,30,1,5,srflx->srflx
1791434105417,nat_c,Laptop,Friend,audio,in,50.4,,0.00,17.5,6493.2,,,,,,12.00,,1,5,srflx->srflx
1791434105417,nat_c,Laptop,Friend,video,out,115.6,,0.00,55.3,6493.2,,,,100,bandwidth,,,1,5,srflx->srflx
1791434105417,nat_c,Laptop,Friend,audio,out,27.8,,8.98,44.4,6493.2,,,,100,bandwidth,,,1,5,srflx->srflx
1791434105417,nat_c,Laptop,Friend,video,in,160.0,,0.00,28.1,6215.0,30,160,120,,,,11,1,5,srflx->srflx
1791434105417,nat_c,Laptop,Friend,audio,in,56.2,,0.00,17.7,6215.0,,,,,,10.00,,1,5,srflx->srflx
1791434105417,nat_c,Laptop,Friend,video,out,115.6,,0.00,60.9,6215.0,,,,100,bandwidth,,,1,5,srflx->srflx
1791434105417,nat_c,Laptop,Friend,audio,out,27.8,,0.00,43.9,6215.0,,,,100,bandwidth,,,1,5,srflx->srflx
1791434106417,nat_c,Laptop,Friend,video,in,49.4,,0.00,49.7,6493.2,8,160,120,,,,32,1,5,srflx->srflx
1791434106417,nat_c,Laptop,Friend,audio,in,10.2,,0.00,42.9,6493.2,,,,,,50.00,,1,5,srflx->srflx
1791434106417,nat_c,Laptop,Friend,video,out,105.3,,0.00,55.3,6493.2,,,,100,bandwidth,,,1,5,srflx->srflx
1791434106417,nat_c,Laptop,Friend,audio,out,25.8,,8.98,44.4,6493.2,,,,100,bandwidth,,,1,5,srflx->srflx
1791434106417,nat_c,Laptop,Friend,video,in,30.9,,0.00,52.8,6215.0,7,160,120,,,,12,1,5,srflx->srflx
1791434106417,nat_c,Laptop,Friend,audio,in,13.5,,0.00,42.5,6215.0,,,,,,86.96,,1,5,srflx->srflx
1791434106417,nat_c,Laptop,Friend,video,out,105.3,,0.00,60.9,6215.0,,,,100,bandwidth,,,1,5,srflx->srflx
1791434106417,nat_c,Laptop,Friend,audio,out,25.8,,0.00,43.9,6215.0,,,,100,bandwidth,,,1,5,srflx->srflx
1791434107417,nat_c,Laptop,Friend,video,in,81.0,,0.00,34.4,7539.3,14,160,120,,,,32,1,5,srflx->srflx
1791434107417,nat_c,Laptop,Friend,audio,in,21.2,,0.00,22.7,7539.3,,,,,,33.33,,1,5,srflx->srflx
1791434107417,nat_c,Laptop,Friend,video,out,111.9,,3.91,55.2,7539.3,,,,100,bandwidth,,,1,5,srflx->srflx
1791434107417,nat_c,Laptop,Friend,audio,out,23.8,,1.56,25.9,7539.3,,,,100,bandwidth,,,1,5,srflx->srflx
1791434107417,nat_c,Laptop,Friend,video,in,80.6,,0.00,40.3,7379.0,15,160,120,,,,12,1,5,srflx->srflx
1791434107417,nat_c,Laptop,Friend,audio,in,24.8,,0.00,22.0,7379.0,,,,,,27.66,,1,5,srflx->srflx
1791434107417,nat_c,Laptop,Friend,video,out,111.9,,2.73,48.4,7379.0,,,,100,bandwidth,,,1,5,srflx->srflx
1791434107417,nat_c,Laptop,Friend,audio,out,23.8,,2.34,25.5,7379.0,,,,100,bandwidth,,,1,5,srflx->srflx
1791434108418,nat_c,Laptop,Friend,video,in,39.2,,0.00,63.8,7539.3,5,160,120,,,,34,1,5,srflx->srflx
1791434108418,nat_c,Laptop,Friend,audio,in,5.9,,0.00,50.4,7539.3,,,,,,91.49,,1,5,srflx->srflx
1791434108418,nat_c,Laptop,Friend,video,out,110.2,,3.91,55.2,7539.3,,,,100,bandwidth,,,1,5,srflx->srflx
1791434108418,nat_c,Laptop,Friend,audio,out,23.2,,1.56,25.9,7539.3,,,,100,bandwidth,,,1,5,srflx->srflx
1791434108418,nat_c,Laptop,Friend,video,in,22.1,,0.00,51.3,7379.0,4,160,120,,,,12,1,5,srflx->srflx
1791434108418,nat_c,Laptop,Friend,audio,in,7.6,,0.00,49.2,7379.0,,,,,,95.74,,1,5,srflx->srflx
1791434108418,nat_c,Laptop,Friend,video,out,110.2,,2.73,48.4,7379.0,,,,100,bandwidth,,,1,5,srflx->srflx
1791434108418,nat_c,Laptop,Friend,audio,out,23.2,,2.34,25.5,7379.0,,,,100,bandwidth,,,1,5,srflx->srflx
1791434109418,nat_c,Laptop,Friend,video,in,47.1,,0.00,59.6,6902.2,10,160,120,,,,34,1,5,srflx->srflx
1791434109418,nat_c,Laptop,Friend,audio,in,10.1,,0.00,36.2,6902.2,,,,,,75.61,,1,5,srflx->srflx
1791434109418,nat_c,Laptop,Friend,video,out,115.7,,3.12,31.3,6902.2,,,,100,bandwidth,,,1,5,srflx->srflx
1791434109418,nat_c,Laptop,Friend,audio,out,22.4,,0.39,14.4,6902.2,,,,100,bandwidth,,,1,5,srflx->srflx
1791434109418,nat_c,Laptop,Friend,video,in,50.5,,0.00,60.4,7379.0,10,160,120,,,,13,1,5,srflx->srflx
1791434109418,nat_c,Laptop,Friend,audio,in,15.1,,0.00,32.6,7379.0,,,,,,78.57,,1,5,srflx->srflx
1791434109418,nat_c,Laptop,Friend,video,out,115.7,,2.73,48.4,7379.0,,,,100,bandwidth,,,1,5,srflx->srflx
1791434109418,nat_c,Laptop,Friend,audio,out,22.4,,2.34,25.5,7379.0,,,,100,bandwidth,,,1,5,srflx->srflx
1791434110419,nat_c,Laptop,Friend,video,in,9.1,,0.00,59.2,6902.2,1,160,120,,,,34,1,5,srflx->srflx
1791434110419,nat_c,Laptop,Friend,audio,in,3.0,,0.00,34.1,6902.2,,,,,,83.87,,1,5,srflx->srflx
1791434110419,nat_c,Laptop,Friend,video,out,126.2,,3.12,31.3,6902.2,,,,100,bandwidth,,,1,5,srflx->srflx
1791434110419,nat_c,Laptop,Friend,audio,out,21.8,,0.39,14.4,6902.2,,,,100,bandwidth,,,1,5,srflx->srflx
1791434110419,nat_c,Laptop,Friend,video,in,6.6,,0.00,58.1,6857.7,2,160,120,,,,13,1,5,srflx->srflx
1791434110419,nat_c,Laptop,Friend,audio,in,3.9,,0.00,29.4,6857.7,,,,,,80.65,,1,5,srflx->srflx
1791434110419,nat_c,Laptop,Friend,video,out,126.2,,1.56,23.0,6857.7,,,,100,bandwidth,,,1,5,srflx->srflx
1791434110419,nat_c,Laptop,Friend,audio,out,21.8,,0.39,5.9,6857.7,,,,100,bandwidth,,,1,5,srflx->srflx
1791434111420,nat_c,Laptop,Friend,video,in,326.4,,9.20,39.9,6103.9,0,160,120,,,,34,1,5,srflx->srflx
1791434111420,nat_c,Laptop,Friend,audio,in,111.8,,6.18,25.3,6103.9,,,,,,0.00,,1,5,srflx->srflx
1791434111420,nat_c,Laptop,Friend,video,out,123.7,,0.00,14.1,6103.9,,,,100,bandwidth,,,1,5,srflx->srflx
1791434111420,nat_c,Laptop,Friend,audio,out,27.4,,0.00,9.9,6103.9,,,,100,bandwidth,,,1,5,srflx->srflx
1791434111420,nat_c,Laptop,Friend,video,in,310.7,,7.23,48.6,5725.9,5,160,120,,,,14,1,5,srflx->srflx
1791434111420,nat_c,Laptop,Friend,audio,in,119.1,,6.78,24.5,5725.9,,,,,,0.00,,1,5,srflx->srflx
1791434111420,nat_c,Laptop,Friend,video,out,123.7,,0.00,15.5,5725.9,,,,100,bandwidth,,,1,5,srflx->srflx
1791434111420,nat_c,Laptop,Friend,audio,out,27.4,,0.00,10.5,5725.9,,,,100,bandwidth,,,1,5,srflx->srflx
1791434112422,nat_c,Laptop,Friend,video,in,586.2,,0.00,24.9,39.7,64,160,120,,,,35,1,5,srflx->srflx
1791434112422,nat_c,Laptop,Friend,audio,in,177.5,,0.00,18.7,39.7,,,,,,0.00,,1,5,srflx->srflx
1791434112422,nat_c,Laptop,Friend,video,out,202.8,,5.47,67.6,39.7,,,,100,bandwidth,,,1,5,srflx->srflx
1791434112422,nat_c,Laptop,Friend,audio,out,32.8,,6.64,31.6,39.7,,,,100,bandwidth,,,1,5,srflx->srflx
1791434112422,nat_c,Laptop,Friend,video,in,631.7,,0.00,26.8,44.5,113,160,120,,,,15,1,5,srflx->srflx
1791434112422,nat_c,Laptop,Friend,audio,in,193.7,,0.00,19.5,44.5,,,,,,0.00,,1,5,srflx->srflx
1791434112422,nat_c,Laptop,Friend,video,out,195.8,,78.91,103.8,44.5,,,,100,bandwidth,,,1,5,srflx->srflx
1791434112422,nat_c,Laptop,Friend,audio,out,32.8,,77.73,45.2,44.5,,,,100,bandwidth,,,1,5,srflx->srflx
1791434113423,nat_c,Laptop,Friend,video,in,99.6,,0.00,17.1,84.7,20,160,120,,,,35,1,5,srflx->srflx
1791434113423,nat_c,Laptop,Friend,audio,in,29.1,,0.00,15.5,84.7,,,,,,0.00,,1,5,srflx->srflx
1791434113423,nat_c,Laptop,Friend,video,out,111.5,,0.00,33.2,84.7,,,,100,bandwidth,,,1,5,srflx->srflx
1791434113423,nat_c,Laptop,Friend,audio,out,32.9,,0.00,13.6,84.7,,,,100,bandwidth,,,1,5,srflx->srflx
1791434113423,nat_c,Laptop,Friend,video,in,97.8,,0.00,14.5,51.5,20,160,120,,,,15,1,5,srflx->srflx
1791434113423,nat_c,Laptop,Friend,audio,in,31.0,,0.00,16.8,51.5,,,,,,0.00,,1,5,srflx->srflx
1791434113423,nat_c,Laptop,Friend,video,out,111.5,,0.00,44.8,51.5,,,,100,bandwidth,,,1,5,srflx->srflx
1791434113423,nat_c,Laptop,Friend,audio,out,32.9,,0.00,19.3,51.5,,,,100,bandwidth,,,1,5,srflx->srflx
1791434114424,nat_c,Laptop,Friend,video,in,99.3,,0.00,11.7,70.0,20,160,120,,,,35,1,5,srflx->srflx
1791434114424,nat_c,Laptop,Friend,audio,in,32.2,,0.00,10.3,70.0,,,,,,0.00,,1,5,srflx->srflx
1791434114424,nat_c,Laptop,Friend,video,out,124.0,,0.00,16.8,70.0,,,,100,bandwidth,,,1,5,srflx->srflx
1791434114424,nat_c,Laptop,Friend,audio,out,32.4,,0.00,8.1,70.0,,,,100,bandwidth,,,1,5,srflx->srflx
1791434114424,nat_c,Laptop,Friend,video,in,101.7,,0.00,9.3,53.0,20,160,120,,,,15,1,5,srflx->srflx
1791434114424,nat_c,Laptop,Friend,audio,in,32.1,,0.00,10.3,53.0,,,,,,0.00,,1,5,srflx->srflx
1791434114424,nat_c,Laptop,Friend,video,out,124.0,,0.00,26.2,53.0,,,,100,bandwidth,,,1,5,srflx->srflx
1791434114424,nat_c,Laptop,Friend,audio,out,32.4,,0.00,17.9,53.0,,,,100,bandwidth,,,1,5,srflx->srflx
1791434115426,nat_c,Laptop,Friend,video,in,96.7,,0.00,11.3,40.8,20,160,120,,,,35,1,4,srflx->srflx
1791434115426,nat_c,Laptop,Friend,audio,in,26.8,,0.00,13.5,40.8,,,,,,0.00,,1,4,srflx->srflx
1791434115426,nat_c,Laptop,Friend,video,out,129.9,,0.00,10.0,40.8,,,,180,bandwidth,,,1,4,srflx->srflx
1791434115426,nat_c,Laptop,Friend,audio,out,32.8,,0.00,8.1,40.8,,,,180,bandwidth,,,1,4,srflx->srflx
1791434115426,nat_c,Laptop,Friend,video,in,105.9,,0.00,12.8,48.6,20,160,120,,,,15,1,4,srflx->srflx
1791434115426,nat_c,Laptop,Friend,audio,in,29.0,,0.00,13.4,48.6,,,,,,0.00,,1,4,srflx->srflx
1791434115426,nat_c,Laptop,Friend,video,out,129.9,,0.00,17.0,48.6,,,,180,bandwidth,,,1,4,srflx->srflx
1791434115426,nat_c,Laptop,Friend,audio,out,32.8,,0.00,10.2,48.6,,,,180,bandwidth,,,1,4,srflx->srflx
1791434116425,nat_c,Laptop,Friend,video,in,145.9,,0.00,7.9,46.9,20,320,240,,,,35,1,4,srflx->srflx
1791434116425,nat_c,Laptop,Friend,audio,in,28.7,,0.00,10.6,46.9,,,,,,0.00,,1,4,srflx->srflx
1791434116425,nat_c,Laptop,Friend,video,out,146.0,,0.00,6.3,46.9,,,,180,bandwidth,,,1,4,srflx->srflx
1791434116425,nat_c,Laptop,Friend,audio,out,31.8,,0.00,6.2,46.9,,,,180,bandwidth,,,1,4,srflx->srflx
1791434116425,nat_c,Laptop,Friend,video,in,168.8,,0.00,7.7,40.9,21,320,240,,,,15,1,4,srflx->srflx
1791434116425,nat_c,Laptop,Friend,audio,in,29.3,,0.00,11.4,40.9,,,,,,0.00,,1,4,srflx->srflx
1791434116425,nat_c,Laptop,Friend,video,out,146.0,,0.00,8.4,40.9,,,,180,bandwidth,,,1,4,srflx->srflx
1791434116425,nat_c,Laptop,Friend,audio,out,31.8,,0.00,6.5,40.9,,,,180,bandwidth,,,1,4,srflx->srflx
1791434117425,nat_c,Laptop,Friend,video,in,214.4,,0.00,8.8,54.0,20,320,240,,,,35,1,4,srflx->srflx
1791434117425,nat_c,Laptop,Friend,audio,in,38.4,,0.00,9.5,54.0,,,,,,0.00,,1,4,srflx->srflx
1791434117425,nat_c,Laptop,Friend,video,out,247.2,,0.00,8.0,54.0,,,,180,bandwidth,,,1,4,srflx->srflx
1791434117425,nat_c,Laptop,Friend,audio,out,32.0,,0.00,10.6,54.0,,,,180,bandwidth,,,1,4,srflx->srflx
1791434117425,nat_c,Laptop,Friend,video,in,190.8,,0.00,8.6,36.6,19,320,240,,,,15,1,4,srflx->srflx
1791434117425,nat_c,Laptop,Friend,audio,in,38.7,,0.00,9.1,36.6,,,,,,2.00,,1,4,srflx->srflx
1791434117425,nat_c,Laptop,Friend,video,out,247.2,,0.00,3.8,36.6,,,,180,bandwidth,,,1,4,srflx->srflx
1791434117425,nat_c,Laptop,Friend,audio,out,32.0,,0.00,4.4,36.6,,,,180,bandwidth,,,1,4,srflx->srflx
1791434118425,nat_c,Laptop,Friend,video,in,206.1,,0.00,6.5,76.3,20,320,240,,,,35,1,3,srflx->srflx
1791434118425,nat_c,Laptop,Friend,audio,in,21.1,,0.00,14.4,76.3,,,,,,0.00,,1,3,srflx->srflx
1791434118425,nat_c,Laptop,Friend,video,out,249.3,,0.00,3.4,76.3,,,,300,bandwidth,,,1,3,srflx->srflx
1791434118425,nat_c,Laptop,Friend,audio,out,31.8,,0.00,5.1,76.3,,,,300,bandwidth,,,1,3,srflx->srflx
1791434118425,nat_c,Laptop,Friend,video,in,201.4,,0.00,5.9,40.5,20,320,240,,,,15,1,3,srflx->srflx
1791434118425,nat_c,Laptop,Friend,audio,in,24.5,,0.00,10.8,40.5,,,,,,0.00,,1,3,srflx->srflx
1791434118425,nat_c,Laptop,Friend,video,out,249.3,,0.00,3.4,40.5,,,,300,bandwidth,,,1,3,srflx->srflx
1791434118425,nat_c,Laptop,Friend,audio,out,31.8,,0.00,7.3,40.5,,,,300,bandwidth,,,1,3,srflx->srflx
1791434119426,nat_c,Laptop,Friend,video,in,258.0,,0.00,3.2,58.3,20,320,240,,,,35,1,3,srflx->srflx
1791434119426,nat_c,Laptop,Friend,audio,in,30.1,,0.00,8.9,58.3,,,,,,0.00,,1,3,srflx->srflx
1791434119426,nat_c,Laptop,Friend,video,out,239.4,,0.00,4.5,58.3,,,,300,bandwidth,,,1,3,srflx->srflx
1791434119426,nat_c,Laptop,Friend,audio,out,30.9,,0.00,5.2,58.3,,,,300,bandwidth,,,1,3,srflx->srflx
1791434119426,nat_c,Laptop,Friend,video,in,281.3,,0.00,3.0,56.9,21,320,240,,,,15,1,3,srflx->srflx
1791434119426,nat_c,Laptop,Friend,audio,in,32.0,,0.00,9.1,56.9,,,,,,0.00,,1,3,srflx->srflx
1791434119426,nat_c,Laptop,Friend,video,out,239.4,,0.00,7.2,56.9,,,,300,bandwidth,,,1,3,srflx->srflx
1791434119426,nat_c,Laptop,Friend,audio,out,30.9,,0.00,10.0,56.9,,,,300,bandwidth,,,1,3,srflx->srflx
1791434120427,nat_c,Laptop,Friend,video,in,356.1,,0.00,4.0,59.8,20,320,240,,,,35,1,3,srflx->srflx
1791434120427,nat_c,Laptop,Friend,audio,in,22.5,,0.00,10.2,59.8,,,,,,0.00,,1,3,srflx->srflx
1791434120427,nat_c,Laptop,Friend,video,out,427.3,,0.00,5.0,59.8,,,,300,bandwidth,,,1,3,srflx->srflx
1791434120427,nat_c,Laptop,Friend,audio,out,30.7,,0.00,4.0,59.8,,,,300,bandwidth,,,1,3,srflx->srflx
1791434120427,nat_c,Laptop,Friend,video,in,336.5,,0.00,4.4,44.7,20,320,240,,,,15,1,3,srflx->srflx
1791434120427,nat_c,Laptop,Friend,audio,in,27.6,,0.00,11.5,44.7,,,,,,0.00,,1,3,srflx->srflx
1791434120427,nat_c,Laptop,Friend,video,out,427.3,,0.00,5.1,44.7,,,,300,bandwidth,,,1,3,srflx->srflx
1791434120427,nat_c,Laptop,Friend,audio,out,30.7,,0.00,4.8,44.7,,,,300,bandwidth,,,1,3,srflx->srflx
1791434121428,nat_c,Laptop,Friend,video,in,367.3,,0.00,4.5,53.3,20,320,240,,,,35,1,2,srflx->srflx
1791434121428,nat_c,Laptop,Friend,audio,in,18.6,,0.00,12.6,53.3,,,,,,0.00,,1,2,srflx->srflx
1791434121428,nat_c,Laptop,Friend,video,out,409.6,,0.00,10.4,53.3,,,,500,bandwidth,,,1,2,srflx->srflx
1791434121428,nat_c,Laptop,Friend,audio,out,29.5,,0.00,12.5,53.3,,,,500,bandwidth,,,1,2,srflx->srflx
1791434121428,nat_c,Laptop,Friend,video,in,322.6,,0.00,3.8,37.9,19,320,240,,,,15,1,2,srflx->srflx
1791434121428,nat_c,Laptop,Friend,audio,in,21.8,,0.00,10.1,37.9,,,,,,0.00,,1,2,srflx->srflx
1791434121428,nat_c,Laptop,Friend,video,out,409.6,,0.00,4.1,37.9,,,,500,bandwidth,,,1,2,srflx->srflx
1791434121428,nat_c,Laptop,Friend,audio,out,29.5,,0.00,3.0,37.9,,,,500,bandwidth,,,1,2,srflx->srflx
1791434122428,nat_c,Laptop,Friend,video,in,182.4,,0.00,24.7,53.3,11,480,360,,,,35,1,2,srflx->srflx
1791434122428,nat_c,Laptop,Friend,audio,in,12.2,,0.00,18.1,53.3,,,,,,46.00,,1,2,srflx->srflx
1791434122428,nat_c,Laptop,Friend,video,out,408.8,,0.00,10.4,53.3,,,,500,bandwidth,,,1,2,srflx->srflx
1791434122428,nat_c,Laptop,Friend,audio,out,27.6,,0.00,12.5,53.3,,,,500,bandwidth,,,1,2,srflx->srflx
1791434122428,nat_c,Laptop,Friend,video,in,231.2,,0.00,19.5,35.7,12,480,360,,,,16,1,2,srflx->srflx
1791434122428,nat_c,Laptop,Friend,audio,in,13.1,,0.00,17.2,35.7,,,,,,46.00,,1,2,srflx->srflx
1791434122428,nat_c,Laptop,Friend,video,out,408.8,,0.00,8.2,35.7,,,,500,bandwidth,,,1,2,srflx->srflx
1791434122428,nat_c,Laptop,Friend,audio,out,27.6,,0.00,11.0,35.7,,,,500,bandwidth,,,1,2,srflx->srflx
1791434123429,nat_c,Laptop,Friend,video,in,7.9,,0.00,22.1,53.3,2,480,360,,,,36,1,2,srflx->srflx
1791434123429,nat_c,Laptop,Friend,audio,in,1.5,,0.00,29.9,53.3,,,,,,83.33,,1,2,srflx->srflx
1791434123429,nat_c,Laptop,Friend,video,out,710.6,,0.00,10.4,53.3,,,,500,bandwidth,,,1,2,srflx->srflx
1791434123429,nat_c,Laptop,Friend,audio,out,27.1,,0.00,12.5,53.3,,,,500,bandwidth,,,1,2,srflx->srflx
1791434123429,nat_c,Laptop,Friend,video,in,5.8,,0.00,25.5,35.7,1,480,360,,,,16,1,2,srflx->srflx
1791434123429,nat_c,Laptop,Friend,audio,in,1.7,,0.00,28.2,35.7,,,,,,83.33,,1,2,srflx->srflx
1791434123429,nat_c,Laptop,Friend,video,out,710.6,,0.00,8.2,35.7,,,,500,bandwidth,,,1,2,srflx->srflx
1791434123429,nat_c,Laptop,Friend,audio,out,27.1,,0.00,11.0,35.7,,,,500,bandwidth,,,1,2,srflx->srflx
1791434124431,nat_c,Laptop,Friend,video,in,736.3,,1.11,24.5,1151.7,23,480,360,,,,37,1,5,srflx->srflx
1791434124431,nat_c,Laptop,Friend,audio,in,36.5,,4.69,31.4,1151.7,,,,,,32.35,,1,5,srflx->srflx
1791434124431,nat_c,Laptop,Friend,video,out,295.3,,13.28,35.3,1151.7,,,,100,bandwidth,,,1,5,srflx->srflx
1791434124431,nat_c,Laptop,Friend,audio,out,27.5,,0.00,42.0,1151.7,,,,100,bandwidth,,,1,5,srflx->srflx
1791434124431,nat_c,Laptop,Friend,video,in,661.9,,8.79,19.9,1223.1,0,480,360,,,,16,1,5,srflx->srflx
1791434124431,nat_c,Laptop,Friend,audio,in,39.7,,3.12,38.9,1223.1,,,,,,29.41,,1,5,srflx->srflx
1791434124431,nat_c,Laptop,Friend,video,out,295.3,,0.00,19.9,1223.1,,,,100,bandwidth,,,1,5,srflx->srflx
1791434124431,nat_c,Laptop,Friend,audio,out,27.5,,0.00,27.0,1223.1,,,,100,bandwidth,,,1,5,srflx->srflx
1791434125430,nat_c,Laptop,Friend,video,in,376.5,,0.00,13.6,1151.7,0,480,360,,,,37,1,5,srflx->srflx
1791434125430,nat_c,Laptop,Friend,audio,in,19.5,,0.00,29.2,1151.7,,,,,,64.29,,1,5,srflx->srflx
1791434125430,nat_c,Laptop,Friend,video,out,86.6,,13.28,35.3,1151.7,,,,100,bandwidth,,,1,5,srflx->srflx
1791434125430,nat_c,Laptop,Friend,audio,out,26.5,,0.00,42.0,1151.7,,,,100,bandwidth,,,1,5,srflx->srflx
1791434125430,nat_c,Laptop,Friend,video,in,346.5,,0.00,13.4,1544.8,0,480,360,,,,16,1,5,srflx->srflx
1791434125430,nat_c,Laptop,Friend,audio,in,21.2,,0.00,32.8,1544.8,,,,,,64.29,,1,5,srflx->srflx
1791434125430,nat_c,Laptop,Friend,video,out,86.6,,17.97,36.3,1544.8,,,,100,bandwidth,,,1,5,srflx->srflx
1791434125430,nat_c,Laptop,Friend,audio,out,26.5,,7.42,56.0,1544.8,,,,100,bandwidth,,,1,5,srflx->srflx
1791434126431,nat_c,Laptop,Friend,video,in,466.1,,0.00,22.3,1059.4,19,320,240,,,,38,1,5,srflx->srflx
1791434126431,nat_c,Laptop,Friend,audio,in,50.7,,0.00,23.7,1059.4,,,,,,19.15,,1,5,srflx->srflx
1791434126431,nat_c,Laptop,Friend,video,out,126.0,,0.00,7.5,1059.4,,,,100,bandwidth,,,1,5,srflx->srflx
1791434126431,nat_c,Laptop,Friend,audio,out,27.5,,0.00,4.4,1059.4,,,,100,bandwidth,,,1,5,srflx->srflx
1791434126431,nat_c,Laptop,Friend,video,in,469.5,,0.00,22.6,1427.1,29,320,240,,,,17,1,5,srflx->srflx
1791434126431,nat_c,Laptop,Friend,audio,in,53.6,,0.00,19.2,1427.1,,,,,,18.75,,1,5,srflx->srflx
1791434126431,nat_c,Laptop,Friend,video,out,126.0,,0.00,9.7,1427.1,,,,100,bandwidth,,,1,5,srflx->srflx
1791434126431,nat_c,Laptop,Friend,audio,out,27.5,,0.00,6.1,1427.1,,,,100,bandwidth,,,1,5,srflx->srflx
1791434127431,nat_c,Laptop,Friend,video,in,208.4,,0.00,26.5,600.3,34,160,120,,,,38,1,5,srflx->srflx
1791434127431,nat_c,Laptop,Friend,audio,in,63.6,,0.00,23.4,600.3,,,,,,0.00,,1,5,srflx->srflx
1791434127431,nat_c,Laptop,Friend,video,out,133.8,,0.00,4.4,600.3,,,,100,bandwidth,,,1,5,srflx->srflx
1791434127431,nat_c,Laptop,Friend,audio,out,29.3,,0.00,4.5,600.3,,,,100,bandwidth,,,1,5,srflx->srflx
1791434127431,nat_c,Laptop,Friend,video,in,191.8,,0.00,22.8,495.7,34,160,120,,,,17,1,5,srflx->srflx
1791434127431,nat_c,Laptop,Friend,audio,in,63.6,,0.00,23.9,495.7,,,,,,0.00,,1,5,srflx->srflx
1791434127431,nat_c,Laptop,Friend,video,out,133.8,,0.00,6.1,495.7,,,,100,bandwidth,,,1,5,srflx->srflx
1791434127431,nat_c,Laptop,Friend,audio,out,29.3,,0.00,5.8,495.7,,,,100,bandwidth,,,1,5,srflx->srflx
1791434128431,nat_c,Laptop,Friend,video,in,139.8,,0.00,15.2,74.3,25,160,120,,,,38,1,5,srflx->srflx
1791434128431,nat_c,Laptop,Friend,audio,in,41.1,,0.00,17.1,74.3,,,,,,0.00,,1,5,srflx->srflx
1791434128431,nat_c,Laptop,Friend,video,out,127.8,,0.00,5.5,74.3,,,,100,bandwidth,,,1,5,srflx->srflx
1791434128431,nat_c,Laptop,Friend,audio,out,28.0,,0.00,4.7,74.3,,,,100,bandwidth,,,1,5,srflx->srflx
1791434128431,nat_c,Laptop,Friend,video,in,138.6,,0.00,18.3,139.5,25,160,120,,,,17,1,5,srflx->srflx
1791434128431,nat_c,Laptop,Friend,audio,in,41.0,,0.00,16.1,139.5,,,,,,0.00,,1,5,srflx->srflx
1791434128431,nat_c,Laptop,Friend,video,out,127.8,,0.00,8.6,139.5,,,,100,bandwidth,,,1,5,srflx->srflx
1791434128431,nat_c,Laptop,Friend,audio,out,28.0,,0.00,6.6,139.5,,,,100,bandwidth,,,1,5,srflx->srflx
1791434129433,nat_c,Laptop,Friend,video,in,97.5,,0.00,16.5,44.6,19,160,120,,,,38,1,5,srflx->srflx
1791434129433,nat_c,Laptop,Friend,audio,in,19.6,,0.00,14.1,44.6,,,,,,6.00,,1,5,srflx->srflx
1791434129433,nat_c,Laptop,Friend,video,out,125.4,,0.00,9.5,44.6,,,,100,bandwidth,,,1,5,srflx->srflx
1791434129433,nat_c,Laptop,Friend,audio,out,26.4,,0.00,6.2,44.6,,,,100,bandwidth,,,1,5,srflx->srflx
1791434129433,nat_c,Laptop,Friend,video,in,105.0,,0.00,20.3,47.7,20,160,120,,,,17,1,5,srflx->srflx
1791434129433,nat_c,Laptop,Friend,audio,in,21.8,,0.00,14.7,47.7,,,,,,0.00,,1,5,srflx->srflx
1791434129433,nat_c,Laptop,Friend,video,out,125.4,,0.00,7.7,47.7,,,,100,bandwidth,,,1,5,srflx->srflx
1791434129433,nat_c,Laptop,Friend,audio,out,26.4,,0.00,6.8,47.7,,,,100,bandwidth,,,1,5,srflx->srflx
1791434130432,nat_c,Laptop,Friend,video,in,102.3,,0.00,14.7,45.5,21,160,120,,,,38,1,5,srflx->srflx
1791434130432,nat_c,Laptop,Friend,audio,in,37.0,,0.00,16.5,45.5,,,,,,10.00,,1,5,srflx->srflx
1791434130432,nat_c,Laptop,Friend,video,out,124.6,,0.00,9.6,45.5,,,,100,bandwidth,,,1,5,srflx->srflx
1791434130432,nat_c,Laptop,Friend,audio,out,28.7,,0.00,10.8,45.5,,,,100,bandwidth,,,1,5,srflx->srflx
1791434130432,nat_c,Laptop,Friend,video,in,108.4,,0.00,16.3,46.2,21,160,120,,,,17,1,5,srflx->srflx
1791434130432,nat_c,Laptop,Friend,audio,in,37.4,,0.00,13.0,46.2,,,,,,0.00,,1,5,srflx->srflx
1791434130432,nat_c,Laptop,Friend,video,out,124.6,,0.00,12.3,46.2,,,,100,bandwidth,,,1,5,srflx->srflx
1791434130432,nat_c,Laptop,Friend,audio,out,28.7,,0.00,6.2,46.2,,,,100,bandwidth,,,1,5,srflx->srflx
1791434131435,nat_c,Laptop,Friend,video,in,104.4,,0.00,9.9,40.3,20,160,120,,,,38,1,5,srflx->srflx
1791434131435,nat_c,Laptop,Friend,audio,in,30.0,,0.00,12.1,40.3,,,,,,0.00,,1,5,srflx->srflx
1791434131435,nat_c,Laptop,Friend,video,out,125.5,,0.00,4.5,40.3,,,,100,bandwidth,,,1,5,srflx->srflx
1791434131435,nat_c,Laptop,Friend,audio,out,28.0,,0.00,5.7,40.3,,,,100,bandwidth,,,1,5,srflx->srflx
1791434131435,nat_c,Laptop,Friend,video,in,101.1,,0.00,10.3,44.1,19,160,120,,,,17,1,5,srflx->srflx
1791434131435,nat_c,Laptop,Friend,audio,in,31.0,,0.00,10.8,44.1,,,,,,0.00,,1,5,srflx->srflx
1791434131435,nat_c,Laptop,Friend,video,out,125.5,,0.00,10.8,44.1,,,,100,bandwidth,,,1,5,srflx->srflx
1791434131435,nat_c,Laptop,Friend,audio,out,28.0,,0.00,10.3,44.1,,,,100,bandwidth,,,1,5,srflx->srflx
1791434132435,nat_c,Laptop,Friend,video,in,95.4,,0.00,12.6,63.3,20,160,120,,,,38,1,5,srflx->srflx
1791434132435,nat_c,Laptop,Friend,audio,in,21.0,,0.00,15.1,63.3,,,,,,4.00,,1,5,srflx->srflx
1791434132435,nat_c,Laptop,Friend,video,out,120.1,,0.00,7.7,63.3,,,,100,bandwidth,,,1,5,srflx->srflx
1791434132435,nat_c,Laptop,Friend,audio,out,26.3,,0.00,3.6,63.3,,,,100,bandwidth,,,1,5,srflx->srflx
1791434132435,nat_c,Laptop,Friend,video,in,96.7,,0.00,15.4,41.9,19,160,120,,,,17,1,5,srflx->srflx
1791434132435,nat_c,Laptop,Friend,audio,in,21.8,,0.00,15.0,41.9,,,,,,0.00,,1,5,srflx->srflx
1791434132435,nat_c,Laptop,Friend,video,out,120.1,,0.00,8.9,41.9,,,,100,bandwidth,,,1,5,srflx->srflx
1791434132435,nat_c,Laptop,Friend,audio,out,26.3,,0.00,11.5,41.9,,,,100,bandwidth,,,1,5,srflx->srflx
1791434133437,nat_c,Laptop,Friend,video,in,138.1,,0.00,18.1,61.1,19,320,240,,,,38,1,5,srflx->srflx
1791434133437,nat_c,Laptop,Friend,audio,in,23.8,,0.00,17.8,61.1,,,,,,14.00,,1,5,srflx->srflx
1791434133437,nat_c,Laptop,Friend,video,out,122.3,,0.00,8.0,61.1,,,,100,bandwidth,,,1,5,srflx->srflx
1791434133437,nat_c,Laptop,Friend,audio,out,26.7,,0.00,4.1,61.1,,,,100,bandwidth,,,1,5,srflx->srflx
1791434133437,nat_c,Laptop,Friend,video,in,91.4,,0.00,22.7,52.6,22,160,120,,,,17,1,5,srflx->srflx
1791434133437,nat_c,Laptop,Friend,audio,in,25.9,,0.00,16.1,52.6,,,,,,0.00,,1,5,srflx->srflx
1791434133437,nat_c,Laptop,Friend,video,out,122.3,,0.00,11.7,52.6,,,,100,bandwidth,,,1,5,srflx->srflx
1791434133437,nat_c,Laptop,Friend,audio,out,26.7,,0.00,8.9,52.6,,,,100,bandwidth,,,1,5,srflx->srflx
1791434134437,nat_c,Laptop,Friend,video,in,218.7,,0.00,13.5,67.4,21,320,240,,,,38,1,4,srflx->srflx
1791434134437,nat_c,Laptop,Friend,audio,in,33.2,,0.00,15.4,67.4,,,,,,19.15,,1,4,srflx->srflx
1791434134437,nat_c,Laptop,Friend,video,out,104.5,,0.00,7.8,67.4,,,,180,bandwidth,,,1,4,srflx->srflx
1791434134437,nat_c,Laptop,Friend,audio,out,26.6,,0.00,6.9,67.4,,,,180,bandwidth,,,1,4,srflx->srflx
1791434134437,nat_c,Laptop,Friend,video,in,144.9,,0.00,19.9,82.7,19,320,240,,,,17,1,4,srflx->srflx
1791434134437,nat_c,Laptop,Friend,audio,in,37.7,,0.00,17.2,82.7,,,,,,0.00,,1,4,srflx->srflx
1791434134437,nat_c,Laptop,Friend,video,out,104.5,,0.00,14.4,82.7,,,,180,bandwidth,,,1,4,srflx->srflx
1791434134437,nat_c,Laptop,Friend,audio,out,26.6,,0.00,12.4,82.7,,,,180,bandwidth,,,1,4,srflx->srflx
1791434135437,nat_c,Laptop,Friend,video,in,172.4,,0.00,14.1,67.4,18,320,240,,,,38,1,4,srflx->srflx
1791434135437,nat_c,Laptop,Friend,audio,in,19.4,,0.00,21.0,67.4,,,,,,0.00,,1,4,srflx->srflx
1791434135437,nat_c,Laptop,Friend,video,out,238.4,,0.00,7.8,67.4,,,,180,bandwidth,,,1,4,srflx->srflx
1791434135437,nat_c,Laptop,Friend,audio,out,27.0,,0.00,6.9,67.4,,,,180,bandwidth,,,1,4,srflx->srflx
1791434135437,nat_c,Laptop,Friend,video,in,195.5,,0.00,15.7,41.4,19,320,240,,,,17,1,4,srflx->srflx
1791434135437,nat_c,Laptop,Friend,audio,in,23.4,,0.00,20.7,41.4,,,,,,0.00,,1,4,srflx->srflx
1791434135437,nat_c,Laptop,Friend,video,out,238.4,,0.00,11.8,41.4,,,,180,bandwidth,,,1,4,srflx->srflx
1791434135437,nat_c,Laptop,Friend,audio,out,27.0,,0.00,7.2,41.4,,,,180,bandwidth,,,1,4,srflx->srflx
1791434136438,nat_c,Laptop,Friend,video,in,194.7,,0.00,24.1,193.2,19,320,240,,,,38,1,4,srflx->srflx
1791434136438,nat_c,Laptop,Friend,audio,in,22.1,,0.00,25.9,193.2,,,,,,18.00,,1,4,srflx->srflx
1791434136438,nat_c,Laptop,Friend,video,out,242.6,,0.00,3.1,193.2,,,,180,bandwidth,,,1,4,srflx->srflx
1791434136438,nat_c,Laptop,Friend,audio,out,26.2,,0.00,3.5,193.2,,,,180,bandwidth,,,1,4,srflx->srflx
1791434136438,nat_c,Laptop,Friend,video,in,192.6,,0.00,17.5,141.4,19,320,240,,,,17,1,4,srflx->srflx
1791434136438,nat_c,Laptop,Friend,audio,in,28.8,,0.00,26.6,141.4,,,,,,14.00,,1,4,srflx->srflx
1791434136438,nat_c,Laptop,Friend,video,out,242.6,,0.00,9.4,141.4,,,,180,bandwidth,,,1,4,srflx->srflx
1791434136438,nat_c,Laptop,Friend,audio,out,26.2,,0.00,8.0,141.4,,,,180,bandwidth,,,1,4,srflx->srflx
1791434137439,nat_c,Laptop,Friend,video,in,401.1,,0.00,22.3,276.6,21,320,240,,,,38,1,3,srflx->srflx
1791434137439,nat_c,Laptop,Friend,audio,in,36.5,,0.00,31.1,276.6,,,,,,44.44,,1,3,srflx->srflx
1791434137439,nat_c,Laptop,Friend,video,out,186.5,,0.00,5.1,276.6,,,,300,bandwidth,,,1,3,srflx->srflx
1791434137439,nat_c,Laptop,Friend,audio,out,26.6,,0.00,3.7,276.6,,,,300,bandwidth,,,1,3,srflx->srflx
1791434137439,nat_c,Laptop,Friend,video,in,254.0,,0.00,21.3,265.5,20,320,240,,,,18,1,3,srflx->srflx
1791434137439,nat_c,Laptop,Friend,audio,in,37.6,,0.00,27.2,265.5,,,,,,42.22,,1,3,srflx->srflx
1791434137439,nat_c,Laptop,Friend,video,out,186.5,,0.00,4.7,265.5,,,,300,bandwidth,,,1,3,srflx->srflx
1791434137439,nat_c,Laptop,Friend,audio,out,26.6,,0.00,8.2,265.5,,,,300,bandwidth,,,1,3,srflx->srflx
1791434138440,nat_c,Laptop,Friend,video,in,213.9,,0.00,20.6,154.6,13,320,240,,,,38,1,3,srflx->srflx
1791434138440,nat_c,Laptop,Friend,audio,in,20.3,,0.00,33.5,154.6,,,,,,55.56,,1,3,srflx->srflx
1791434138440,nat_c,Laptop,Friend,video,out,400.2,,0.00,9.1,154.6,,,,300,bandwidth,,,1,3,srflx->srflx
1791434138440,nat_c,Laptop,Friend,audio,out,27.3,,0.00,6.5,154.6,,,,300,bandwidth,,,1,3,srflx->srflx
1791434138440,nat_c,Laptop,Friend,video,in,248.9,,0.00,20.6,336.7,14,320,240,,,,19,1,3,srflx->srflx
1791434138440,nat_c,Laptop,Friend,audio,in,21.5,,3.03,28.8,336.7,,,,,,64.44,,1,3,srflx->srflx
1791434138440,nat_c,Laptop,Friend,video,out,400.2,,0.00,6.1,336.7,,,,300,bandwidth,,,1,3,srflx->srflx
1791434138440,nat_c,Laptop,Friend,audio,out,27.3,,0.00,6.9,336.7,,,,300,bandwidth,,,1,3,srflx->srflx
1791434139440,nat_c,Laptop,Friend,video,in,480.7,,0.00,19.0,89.8,29,320,240,,,,39,1,5,srflx->srflx
1791434139440,nat_c,Laptop,Friend,audio,in,54.1,,0.00,20.1,89.8,,,,,,33.33,,1,5,srflx->srflx
1791434139440,nat_c,Laptop,Friend,video,out,254.8,,0.00,10.2,89.8,,,,100,bandwidth,,,1,5,srflx->srflx
1791434139440,nat_c,Laptop,Friend,audio,out,28.3,,0.00,11.0,89.8,,,,100,bandwidth,,,1,5,srflx->srflx
1791434139440,nat_c,Laptop,Friend,video,in,465.1,,0.00,18.6,598.6,28,320,240,,,,20,1,5,srflx->srflx
1791434139440,nat_c,Laptop,Friend,audio,in,54.9,,0.00,22.3,598.6,,,,,,31.91,,1,5,srflx->srflx
1791434139440,nat_c,Laptop,Friend,video,out,254.8,,0.00,5.0,598.6,,,,100,bandwidth,,,1,5,srflx->srflx
1791434139440,nat_c,Laptop,Friend,audio,out,28.3,,0.00,7.6,598.6,,,,100,bandwidth,,,1,5,srflx->srflx
1791434140442,nat_c,Laptop,Friend,video,in,229.2,,0.00,31.0,89.8,15,320,240,,,,40,1,5,srflx->srflx
1791434140442,nat_c,Laptop,Friend,audio,in,28.2,,0.00,31.3,89.8,,,,,,21.28,,1,5,srflx->srflx
1791434140442,nat_c,Laptop,Friend,video,out,125.8,,0.00,10.2,89.8,,,,100,bandwidth,,,1,5,srflx->srflx
1791434140442,nat_c,Laptop,Friend,audio,out,27.3,,0.00,11.0,89.8,,,,100,bandwidth,,,1,5,srflx->srflx
1791434140442,nat_c,Laptop,Friend,video,in,112.9,,0.00,32.5,29.3,12,160,120,,,,21,1,5,srflx->srflx
1791434140442,nat_c,Laptop,Friend,audio,in,28.3,,0.00,33.1,29.3,,,,,,34.04,,1,5,srflx->srflx
1791434140442,nat_c,Laptop,Friend,video,out,125.8,,0.00,17.1,29.3,,,,100,bandwidth,,,1,5,srflx->srflx
1791434140442,nat_c,Laptop,Friend,audio,out,27.3,,0.00,12.0,29.3,,,,100,bandwidth,,,1,5,srflx->srflx
1791434141442,nat_c,Laptop,Friend,video,in,329.9,,0.00,26.5,307.1,20,480,360,,,,41,1,5,srflx->srflx
1791434141442,nat_c,Laptop,Friend,audio,in,34.0,,0.00,27.3,307.1,,,,,,46.81,,1,5,srflx->srflx
1791434141442,nat_c,Laptop,Friend,video,out,130.8,,0.00,17.7,307.1,,,,100,bandwidth,,,1,5,srflx->srflx
1791434141442,nat_c,Laptop,Friend,audio,out,27.4,,0.00,13.7,307.1,,,,100,bandwidth,,,1,5,srflx->srflx
1791434141442,nat_c,Laptop,Friend,video,in,92.0,,0.00,34.2,348.9,20,160,120,,,,22,1,5,srflx->srflx
1791434141442,nat_c,Laptop,Friend,audio,in,35.9,,0.00,25.5,348.9,,,,,,31.25,,1,5,srflx->srflx
1791434141442,nat_c,Laptop,Friend,video,out,130.8,,0.00,16.6,348.9,,,,100,bandwidth,,,1,5,srflx->srflx
1791434141442,nat_c,Laptop,Friend,audio,out,27.4,,0.00,9.6,348.9,,,,100,bandwidth,,,1,5,srflx->srflx
1791434142443,nat_c,Laptop,Friend,video,in,446.3,,0.00,18.9,485.4,14,480,360,,,,43,1,5,srflx->srflx
1791434142443,nat_c,Laptop,Friend,audio,in,22.9,,0.00,32.0,485.4,,,,,,51.11,,1,5,srflx->srflx
1791434142443,nat_c,Laptop,Friend,video,out,125.7,,0.00,8.4,485.4,,,,100,bandwidth,,,1,5,srflx->srflx
1791434142443,nat_c,Laptop,Friend,audio,out,26.8,,0.00,5.0,485.4,,,,100,bandwidth,,,1,5,srflx->srflx
1791434142443,nat_c,Laptop,Friend,video,in,73.9,,0.00,39.0,577.0,14,160,120,,,,23,1,5,srflx->srflx
1791434142443,nat_c,Laptop,Friend,audio,in,22.8,,0.00,31.5,577.0,,,,,,71.11,,1,5,srflx->srflx
1791434142443,nat_c,Laptop,Friend,video,out,125.7,,0.00,9.3,577.0,,,,100,bandwidth,,,1,5,srflx->srflx
1791434142443,nat_c,Laptop,Friend,audio,out,26.8,,0.00,8.3,577.0,,,,100,bandwidth,,,1,5,srflx->srflx
1791434143444,nat_c,Laptop,Friend,video,in,433.2,,0.00,22.7,869.1,21,320,240,,,,43,1,5,srflx->srflx
1791434143444,nat_c,Laptop,Friend,audio,in,33.9,,0.00,28.4,869.1,,,,,,48.89,,1,5,srflx->srflx
1791434143444,nat_c,Laptop,Friend,video,out,128.4,,0.00,8.4,869.1,,,,100,bandwidth,,,1,5,srflx->srflx
1791434143444,nat_c,Laptop,Friend,audio,out,26.5,,0.00,3.1,869.1,,,,100,bandwidth,,,1,5,srflx->srflx
1791434143444,nat_c,Laptop,Friend,video,in,108.2,,0.00,33.6,679.4,20,160,120,,,,23,1,5,srflx->srflx
1791434143444,nat_c,Laptop,Friend,audio,in,32.0,,0.00,31.6,679.4,,,,,,48.89,,1,5,srflx->srflx
1791434143444,nat_c,Laptop,Friend,video,out,128.4,,0.00,9.3,679.4,,,,100,bandwidth,,,1,5,srflx->srflx
1791434143444,nat_c,Laptop,Friend,audio,out,26.5,,0.00,6.8,679.4,,,,100,bandwidth,,,1,5,srflx->srflx
1791434144445,nat_c,Laptop,Friend,video,in,183.3,,0.00,22.7,71.8,29,160,120,,,,43,1,5,srflx->srflx
1791434144445,nat_c,Laptop,Friend,audio,in,56.1,,0.00,21.1,71.8,,,,,,0.00,,1,5,srflx->srflx
1791434144445,nat_c,Laptop,Friend,video,out,127.4,,0.00,6.6,71.8,,,,100,bandwidth,,,1,5,srflx->srflx
1791434144445,nat_c,Laptop,Friend,audio,out,28.0,,0.00,2.8,71.8,,,,100,bandwidth,,,1,5,srflx->srflx
1791434144445,nat_c,Laptop,Friend,video,in,158.6,,0.00,26.8,112.5,29,160,120,,,,23,1,5,srflx->srflx
1791434144445,nat_c,Laptop,Friend,audio,in,56.0,,0.00,20.2,112.5,,,,,,0.00,,1,5,srflx->srflx
1791434144445,nat_c,Laptop,Friend,video,out,127.4,,0.00,9.7,112.5,,,,100,bandwidth,,,1,5,srflx->srflx
1791434144445,nat_c,Laptop,Friend,audio,out,28.0,,0.00,6.6,112.5,,,,100,bandwidth,,,1,5,srflx->srflx
1791434145446,nat_c,Laptop,Friend,video,in,134.5,,0.00,14.6,61.5,21,160,120,,,,43,1,5,srflx->srflx
1791434145446,nat_c,Laptop,Friend,audio,in,30.6,,0.00,16.4,61.5,,,,,,0.00,,1,5,srflx->srflx
1791434145446,nat_c,Laptop,Friend,video,out,121.8,,0.00,13.9,61.5,,,,100,bandwidth,,,1,5,srflx->srflx
1791434145446,nat_c,Laptop,Friend,audio,out,28.0,,0.00,12.5,61.5,,,,100,bandwidth,,,1,5,srflx->srflx
1791434145446,nat_c,Laptop,Friend,video,in,109.9,,0.00,20.1,94.1,22,160,120,,,,23,1,5,srflx->srflx
1791434145446,nat_c,Laptop,Friend,audio,in,32.1,,0.00,14.3,94.1,,,,,,0.00,,1,5,srflx->srflx
1791434145446,nat_c,Laptop,Friend,video,out,121.8,,0.00,11.3,94.1,,,,100,bandwidth,,,1,5,srflx->srflx
1791434145446,nat_c,Laptop,Friend,audio,out,28.0,,0.00,6.4,94.1,,,,100,bandwidth,,,1,5,srflx->srflx
1791434146446,nat_c,Laptop,Friend,video,in,112.9,,0.00,13.9,83.8,20,160,120,,,,43,1,5,srflx->srflx
1791434146446,nat_c,Laptop,Friend,audio,in,36.8,,0.00,15.5,83.8,,,,,,4.00,,1,5,srflx->srflx
1791434146446,nat_c,Laptop,Friend,video,out,119.4,,0.00,13.5,83.8,,,,100,bandwidth,,,1,5,srflx->srflx
1791434146446,nat_c,Laptop,Friend,audio,out,27.9,,0.00,9.8,83.8,,,,100,bandwidth,,,1,5,srflx->srflx
1791434146446,nat_c,Laptop,Friend,video,in,94.8,,0.00,14.5,78.2,19,160,120,,,,23,1,5,srflx->srflx
1791434146446,nat_c,Laptop,Friend,audio,in,37.2,,0.00,18.7,78.2,,,,,,0.00,,1,5,srflx->srflx
1791434146446,nat_c,Laptop,Friend,video,out,119.4,,0.00,18.4,78.2,,,,100,bandwidth,,,1,5,srflx->srflx
1791434146446,nat_c,Laptop,Friend,audio,out,27.9,,0.00,10.5,78.2,,,,100,bandwidth,,,1,5,srflx->srflx
1791434147446,nat_c,Laptop,Friend,video,in,106.2,,0.00,22.1,31.6,20,160,120,,,,43,1,5,srflx->srflx
1791434147446,nat_c,Laptop,Friend,audio,in,37.4,,0.00,22.1,31.6,,,,,,27.66,,1,5,srflx->srflx
1791434147446,nat_c,Laptop,Friend,video,out,126.6,,0.00,8.4,31.6,,,,100,bandwidth,,,1,5,srflx->srflx
1791434147446,nat_c,Laptop,Friend,audio,out,29.0,,0.00,4.9,31.6,,,,100,bandwidth,,,1,5,srflx->srflx
1791434147446,nat_c,Laptop,Friend,video,in,89.7,,0.00,23.7,266.4,20,160,120,,,,24,1,5,srflx->srflx
1791434147446,nat_c,Laptop,Friend,audio,in,36.9,,0.00,22.3,266.4,,,,,,0.00,,1,5,srflx->srflx
1791434147446,nat_c,Laptop,Friend,video,out,126.6,,0.00,12.3,266.4,,,,100,bandwidth,,,1,5,srflx->srflx
1791434147446,nat_c,Laptop,Friend,audio,out,29.0,,0.00,7.6,266.4,,,,100,bandwidth,,,1,5,srflx->srflx
1791434148446,nat_c,Laptop,Friend,video,in,101.6,,0.00,18.5,93.9,20,160,120,,,,43,1,5,srflx->srflx
1791434148446,nat_c,Laptop,Friend,audio,in,32.8,,0.00,20.3,93.9,,,,,,0.00,,1,5,srflx->srflx
1791434148446,nat_c,Laptop,Friend,video,out,124.3,,0.00,4.9,93.9,,,,100,bandwidth,,,1,5,srflx->srflx
1791434148446,nat_c,Laptop,Friend,audio,out,28.9,,0.00,4.9,93.9,,,,100,bandwidth,,,1,5,srflx->srflx
1791434148446,nat_c,Laptop,Friend,video,in,89.0,,0.00,19.2,50.1,20,160,120,,,,24,1,5,srflx->srflx
1791434148446,nat_c,Laptop,Friend,audio,in,34.3,,0.00,19.5,50.1,,,,,,0.00,,1,5,srflx->srflx
1791434148446,nat_c,Laptop,Friend,video,out,124.3,,0.00,7.9,50.1,,,,100,bandwidth,,,1,5,srflx->srflx
1791434148446,nat_c,Laptop,Friend,audio,out,28.9,,0.00,8.7,50.1,,,,100,bandwidth,,,1,5,srflx->srflx
1791434149445,nat_c,Laptop,Friend,video,in,109.6,,0.00,17.4,49.8,20,160,120,,,,43,1,4,srflx->srflx
1791434149445,nat_c,Laptop,Friend,audio,in,37.6,,0.00,16.2,49.8,,,,,,0.00,,1,4,srflx->srflx
1791434149445,nat_c,Laptop,Friend,video,out,122.7,,0.00,4.6,49.8,,,,180,bandwidth,,,1,4,srflx->srflx
1791434149445,nat_c,Laptop,Friend,audio,out,29.4,,0.00,4.6,49.8,,,,180,bandwidth,,,1,4,srflx->srflx
1791434149445,nat_c,Laptop,Friend,video,in,97.8,,0.00,26.8,68.2,20,160,120,,,,24,1,4,srflx->srflx
1791434149445,nat_c,Laptop,Friend,audio,in,36.5,,0.00,17.0,68.2,,,,,,0.00,,1,4,srflx->srflx
1791434149445,nat_c,Laptop,Friend,video,out,122.7,,0.00,7.0,68.2,,,,180,bandwidth,,,1,4,srflx->srflx
1791434149445,nat_c,Laptop,Friend,audio,out,29.4,,0.00,8.7,68.2,,,,180,bandwidth,,,1,4,srflx->srflx
1791434150446,nat_c,Laptop,Friend,video,in,141.0,,0.00,23.0,70.4,20,320,240,,,,43,1,4,srflx->srflx
1791434150446,nat_c,Laptop,Friend,audio,in,36.2,,0.00,21.6,70.4,,,,,,0.00,,1,4,srflx->srflx
1791434150446,nat_c,Laptop,Friend,video,out,145.3,,0.00,6.8,70.4,,,,180,bandwidth,,,1,4,srflx->srflx
1791434150446,nat_c,Laptop,Friend,audio,out,29.2,,0.00,4.9,70.4,,,,180,bandwidth,,,1,4,srflx->srflx
1791434150446,nat_c,Laptop,Friend,video,in,171.6,,0.00,19.0,52.3,21,320,240,,,,24,1,4,srflx->srflx
1791434150446,nat_c,Laptop,Friend,audio,in,38.9,,0.00,23.2,52.3,,,,,,0.00,,1,4,srflx->srflx
1791434150446,nat_c,Laptop,Friend,video,out,145.3,,0.00,16.0,52.3,,,,180,bandwidth,,,1,4,srflx->srflx
1791434150446,nat_c,Laptop,Friend,audio,out,29.2,,0.00,12.6,52.3,,,,180,bandwidth,,,1,4,srflx->srflx
1791434151446,nat_c,Laptop,Friend,video,in,214.2,,0.00,16.6,79.9,20,320,240,,,,43,1,4,srflx->srflx
1791434151446,nat_c,Laptop,Friend,audio,in,36.7,,0.00,16.0,79.9,,,,,,0.00,,1,4,srflx->srflx
1791434151446,nat_c,Laptop,Friend,video,out,243.7,,0.00,3.8,79.9,,,,180,bandwidth,,,1,4,srflx->srflx
1791434151446,nat_c,Laptop,Friend,audio,out,27.9,,0.00,6.5,79.9,,,,180,bandwidth,,,1,4,srflx->srflx
1791434151446,nat_c,Laptop,Friend,video,in,196.7,,0.00,15.5,43.5,20,320,240,,,,24,1,4,srflx->srflx
1791434151446,nat_c,Laptop,Friend,audio,in,37.0,,0.00,18.5,43.5,,,,,,0.00,,1,4,srflx->srflx
1791434151446,nat_c,Laptop,Friend,video,out,243.7,,0.00,8.1,43.5,,,,180,bandwidth,,,1,4,srflx->srflx
1791434151446,nat_c,Laptop,Friend,audio,out,28.4,,0.00,10.4,43.5,,,,180,bandwidth,,,1,4,srflx->srflx
1791434152447,nat_c,Laptop,Friend,video,in,194.7,,0.00,12.4,79.9,19,320,240,,,,43,1,4,srflx->srflx
1791434152447,nat_c,Laptop,Friend,audio,in,31.3,,0.00,22.0,79.9,,,,,,0.00,,1,4,srflx->srflx
1791434152447,nat_c,Laptop,Friend,video,out,239.2,,0.00,3.8,79.9,,,,180,bandwidth,,,1,4,srflx->srflx
1791434152447,nat_c,Laptop,Friend,audio,out,28.2,,0.00,6.5,79.9,,,,180,bandwidth,,,1,4,srflx->srflx
1791434152447,nat_c,Laptop,Friend,video,in,182.9,,0.00,15.1,95.8,17,320,240,,,,24,1,4,srflx->srflx
1791434152447,nat_c,Laptop,Friend,audio,in,27.8,,0.00,20.6,95.8,,,,,,0.00,,1,4,srflx->srflx
1791434152447,nat_c,Laptop,Friend,video,out,239.2,,0.00,4.8,95.8,,,,180,bandwidth,,,1,4,srflx->srflx
1791434152447,nat_c,Laptop,Friend,audio,out,28.2,,0.00,8.7,95.8,,,,180,bandwidth,,,1,4,srflx->srflx
1791434153448,nat_c,Laptop,Friend,video,in,143.3,,0.00,22.8,147.6,15,320,240,,,,43,1,3,srflx->srflx
1791434153448,nat_c,Laptop,Friend,audio,in,30.3,,0.00,28.0,147.6,,,,,,20.83,,1,3,srflx->srflx
1791434153448,nat_c,Laptop,Friend,video,out,237.9,,0.00,2.1,147.6,,,,300,bandwidth,,,1,3,srflx->srflx
1791434153448,nat_c,Laptop,Friend,audio,out,28.0,,0.00,4.4,147.6,,,,300,bandwidth,,,1,3,srflx->srflx
1791434153448,nat_c,Laptop,Friend,video,in,202.9,,0.00,24.4,364.2,16,320,240,,,,24,1,3,srflx->srflx
1791434153448,nat_c,Laptop,Friend,audio,in,27.2,,0.00,25.0,364.2,,,,,,22.92,,1,3,srflx->srflx
1791434153448,nat_c,Laptop,Friend,video,out,237.9,,0.00,8.0,364.2,,,,300,bandwidth,,,1,3,srflx->srflx
1791434153448,nat_c,Laptop,Friend,audio,out,28.0,,0.00,7.8,364.2,,,,300,bandwidth,,,1,3,srflx->srflx
1791434154450,nat_c,Laptop,Friend,video,in,310.0,,0.00,20.2,301.5,15,320,240,,,,44,1,5,srflx->srflx
1791434154450,nat_c,Laptop,Friend,audio,in,24.5,,0.00,27.0,301.5,,,,,,45.65,,1,5,srflx->srflx
1791434154450,nat_c,Laptop,Friend,video,out,359.2,,0.00,3.4,301.5,,,,100,bandwidth,,,1,5,srflx->srflx
1791434154450,nat_c,Laptop,Friend,audio,out,29.9,,0.00,5.3,301.5,,,,100,bandwidth,,,1,5,srflx->srflx
1791434154450,nat_c,Laptop,Friend,video,in,251.5,,0.00,17.0,518.6,16,320,240,,,,25,1,5,srflx->srflx
1791434154450,nat_c,Laptop,Friend,audio,in,20.5,,0.00,31.4,518.6,,,,,,46.81,,1,5,srflx->srflx
1791434154450,nat_c,Laptop,Friend,video,out,359.2,,0.00,4.3,518.6,,,,100,bandwidth,,,1,5,srflx->srflx
1791434154450,nat_c,Laptop,Friend,audio,out,29.9,,0.00,6.9,518.6,,,,100,bandwidth,,,1,5,srflx->srflx
1791434155452,nat_c,Laptop,Friend,video,in,331.9,,0.00,17.2,721.1,20,320,240,,,,45,1,5,srflx->srflx
1791434155452,nat_c,Laptop,Friend,audio,in,25.3,,0.00,22.9,721.1,,,,,,20.00,,1,5,srflx->srflx
1791434155452,nat_c,Laptop,Friend,video,out,99.4,,0.00,3.8,721.1,,,,100,bandwidth,,,1,5,srflx->srflx
1791434155452,nat_c,Laptop,Friend,audio,out,30.6,,0.00,4.2,721.1,,,,100,bandwidth,,,1,5,srflx->srflx
1791434155452,nat_c,Laptop,Friend,video,in,256.7,,0.00,30.0,618.6,20,160,120,,,,25,1,5,srflx->srflx
1791434155452,nat_c,Laptop,Friend,audio,in,25.7,,0.00,22.8,618.6,,,,,,28.89,,1,5,srflx->srflx
1791434155452,nat_c,Laptop,Friend,video,out,99.4,,0.00,7.6,618.6,,,,100,bandwidth,,,1,5,srflx->srflx
1791434155452,nat_c,Laptop,Friend,audio,out,30.6,,0.00,6.0,618.6,,,,100,bandwidth,,,1,5,srflx->srflx
1791434156452,nat_c,Laptop,Friend,video,in,273.6,,0.00,22.7,41.1,31,160,120,,,,45,1,5,srflx->srflx
1791434156452,nat_c,Laptop,Friend,audio,in,43.3,,0.00,18.6,41.1,,,,,,0.00,,1,5,srflx->srflx
1791434156452,nat_c,Laptop,Friend,video,out,134.6,,0.00,12.7,41.1,,,,100,bandwidth,,,1,5,srflx->srflx
1791434156452,nat_c,Laptop,Friend,audio,out,30.0,,0.00,8.4,41.1,,,,100,bandwidth,,,1,5,srflx->srflx
1791434156452,nat_c,Laptop,Friend,video,in,164.6,,0.00,25.4,148.2,31,160,120,,,,26,1,5,srflx->srflx
1791434156452,nat_c,Laptop,Friend,audio,in,40.8,,0.00,17.3,148.2,,,,,,0.00,,1,5,srflx->srflx
1791434156452,nat_c,Laptop,Friend,video,out,134.6,,0.00,5.5,148.2,,,,100,bandwidth,,,1,5,srflx->srflx
1791434156452,nat_c,Laptop,Friend,audio,out,30.0,,0.00,5.6,148.2,,,,100,bandwidth,,,1,5,srflx->srflx
1791434157452,nat_c,Laptop,Friend,video,in,110.6,,0.00,13.7,83.6,20,160,120,,,,45,1,5,srflx->srflx
1791434157452,nat_c,Laptop,Friend,audio,in,33.8,,0.00,16.8,83.6,,,,,,0.00,,1,5,srflx->srflx
1791434157452,nat_c,Laptop,Friend,video,out,130.0,,0.00,7.7,83.6,,,,100,bandwidth,,,1,5,srflx->srflx
1791434157452,nat_c,Laptop,Friend,audio,out,29.9,,0.00,6.2,83.6,,,,100,bandwidth,,,1,5,srflx->srflx
1791434157452,nat_c,Laptop,Friend,video,in,105.7,,0.00,19.7,44.4,19,160,120,,,,26,1,5,srflx->srflx
1791434157452,nat_c,Laptop,Friend,audio,in,36.2,,0.00,15.2,44.4,,,,,,0.00,,1,5,srflx->srflx
1791434157452,nat_c,Laptop,Friend,video,out,130.0,,0.00,10.4,44.4,,,,100,bandwidth,,,1,5,srflx->srflx
1791434157452,nat_c,Laptop,Friend,audio,out,29.9,,0.00,7.5,44.4,,,,100,bandwidth,,,1,5,srflx->srflx
1791434158452,nat_c,Laptop,Friend,video,in,112.9,,0.00,9.7,69.1,20,160,120,,,,45,1,5,srflx->srflx
1791434158452,nat_c,Laptop,Friend,audio,in,37.3,,0.00,17.3,69.1,,,,,,0.00,,1,5,srflx->srflx
1791434158452,nat_c,Laptop,Friend,video,out,119.1,,0.00,8.5,69.1,,,,100,bandwidth,,,1,5,srflx->srflx
1791434158452,nat_c,Laptop,Friend,audio,out,29.2,,0.00,5.4,69.1,,,,100,bandwidth,,,1,5,srflx->srflx
1791434158452,nat_c,Laptop,Friend,video,in,104.4,,0.00,16.9,49.9,21,160,120,,,,26,1,5,srflx->srflx
1791434158452,nat_c,Laptop,Friend,audio,in,37.1,,0.00,15.6,49.9,,,,,,0.00,,1,5,srflx->srflx
1791434158452,nat_c,Laptop,Friend,video,out,119.1,,0.00,9.2,49.9,,,,100,bandwidth,,,1,5,srflx->srflx
1791434158452,nat_c,Laptop,Friend,audio,out,29.2,,0.00,6.2,49.9,,,,100,bandwidth,,,1,5,srflx->srflx
1791434159452,nat_c,Laptop,Friend,video,in,107.7,,0.00,19.1,44.8,20,160,120,,,,45,1,5,srflx->srflx
1791434159452,nat_c,Laptop,Friend,audio,in,33.0,,0.00,18.3,44.8,,,,,,0.00,,1,5,srflx->srflx
1791434159452,nat_c,Laptop,Friend,video,out,125.3,,0.00,6.5,44.8,,,,100,bandwidth,,,1,5,srflx->srflx
1791434159452,nat_c,Laptop,Friend,audio,out,29.2,,0.00,6.1,44.8,,,,100,bandwidth,,,1,5,srflx->srflx
1791434159452,nat_c,Laptop,Friend,video,in,108.6,,0.00,18.5,33.4,19,160,120,,,,26,1,5,srflx->srflx
1791434159452,nat_c,Laptop,Friend,audio,in,30.5,,0.00,16.6,33.4,,,,,,0.00,,1,5,srflx->srflx
1791434159452,nat_c,Laptop,Friend,video,out,125.3,,0.00,5.9,33.4,,,,100,bandwidth,,,1,5,srflx->srflx
1791434159452,nat_c,Laptop,Friend,audio,out,29.2,,0.00,7.4,33.4,,,,100,bandwidth,,,1,5,srflx->srflx
1791434160454,nat_c,Laptop,Friend,video,in,96.3,,0.00,16.6,55.6,21,160,120,,,,26,1,5,srflx->srflx
1791434160454,nat_c,Laptop,Friend,audio,in,37.3,,0.00,15.8,55.6,,,,,,0.00,,1,5,srflx->srflx
1791434160454,nat_c,Laptop,Friend,video,out,126.4,,0.00,10.2,55.6,,,,100,bandwidth,,,1,5,srflx->srflx
1791434160454,nat_c,Laptop,Friend,audio,out,27.1,,0.00,10.2,55.6,,,,100,bandwidth,,,1,5,srflx->srflx
1791434161456,nat_c,Laptop,Friend,video,in,94.5,,0.00,20.1,57.3,19,160,120,,,,26,1,5,srflx->srflx
1791434161456,nat_c,Laptop,Friend,audio,in,24.5,,0.00,20.1,57.3,,,,,,0.00,,1,5,srflx->srflx
1791434161456,nat_c,Laptop,Friend,video,out,124.3,,0.00,10.3,57.3,,,,100,bandwidth,,,1,5,srflx->srflx
1791434161456,nat_c,Laptop,Friend,audio,out,27.0,,0.00,7.5,57.3,,,,100,bandwidth,,,1,5,srflx->srflx
1791434162455,nat_c,Laptop,Friend,video,in,90.3,,0.00,19.2,42.5,21,160,120,,,,26,1,4,srflx->srflx
1791434162455,nat_c,Laptop,Friend,audio,in,40.1,,0.00,14.7,42.5,,,,,,0.00,,1,4,srflx->srflx
1791434162455,nat_c,Laptop,Friend,video,out,109.2,,0.00,12.9,42.5,,,,180,bandwidth,,,1,4,srflx->srflx
1791434162455,nat_c,Laptop,Friend,audio,out,27.8,,0.00,11.1,42.5,,,,180,bandwidth,,,1,4,srflx->srflx
1791434163456,nat_c,Laptop,Friend,video,in,150.6,,0.00,12.2,41.8,19,320,240,,,,26,1,4,srflx->srflx
1791434163456,nat_c,Laptop,Friend,audio,in,35.9,,0.00,16.0,41.8,,,,,,0.00,,1,4,srflx->srflx
1791434163456,nat_c,Laptop,Friend,video,out,242.2,,0.00,10.9,41.8,,,,180,bandwidth,,,1,4,srflx->srflx
1791434163456,nat_c,Laptop,Friend,audio,out,27.9,,0.00,11.6,41.8,,,,180,bandwidth,,,1,4,srflx->srflx
1791434164457,nat_c,Laptop,Friend,video,in,201.6,,0.00,13.5,37.9,19,320,240,,,,26,1,4,srflx->srflx
1791434164457,nat_c,Laptop,Friend,audio,in,33.1,,0.00,14.9,37.9,,,,,,0.00,,1,4,srflx->srflx
1791434164457,nat_c,Laptop,Friend,video,out,242.4,,0.00,4.3,37.9,,,,180,bandwidth,,,1,4,srflx->srflx
1791434164457,nat_c,Laptop,Friend,audio,out,27.2,,0.00,7.1,37.9,,,,180,bandwidth,,,1,4,srflx->srflx
1791434165459,nat_c,Laptop,Friend,video,in,220.3,,0.00,16.8,86.8,21,320,240,,,,26,1,3,srflx->srflx
1791434165459,nat_c,Laptop,Friend,audio,in,28.5,,0.00,14.6,86.8,,,,,,0.00,,1,3,srflx->srflx
1791434165459,nat_c,Laptop,Friend,video,out,172.0,,0.00,4.2,86.8,,,,300,bandwidth,,,1,3,srflx->srflx
1791434165459,nat_c,Laptop,Friend,audio,out,27.8,,0.00,10.1,86.8,,,,300,bandwidth,,,1,3,srflx->srflx
1791434166459,nat_c,Laptop,Friend,video,in,248.2,,0.00,17.3,52.0,20,320,240,,,,26,1,3,srflx->srflx
1791434166459,nat_c,Laptop,Friend,audio,in,37.0,,0.00,16.4,52.0,,,,,,0.00,,1,3,srflx->srflx
1791434166459,nat_c,Laptop,Friend,video,out,416.2,,0.00,9.0,52.0,,,,300,bandwidth,,,1,3,srflx->srflx
1791434166459,nat_c,Laptop,Friend,audio,out,27.7,,0.00,13.4,52.0,,,,300,bandwidth,,,1,3,srflx->srflx
1791434167460,nat_c,Laptop,Friend,video,in,428.4,,0.00,13.7,613.3,15,320,240,,,,27,1,5,srflx->srflx
1791434167460,nat_c,Laptop,Friend,audio,in,33.1,,0.00,27.0,613.3,,,,,,57.78,,1,5,srflx->srflx
1791434167460,nat_c,Laptop,Friend,video,out,402.5,,0.00,5.5,613.3,,,,100,bandwidth,,,1,5,srflx->srflx
1791434167460,nat_c,Laptop,Friend,audio,out,27.5,,0.00,7.8,613.3,,,,100,bandwidth,,,1,5,srflx->srflx
1791434168461,nat_c,Laptop,Friend,video,in,103.3,,0.00,17.6,42.3,20,160,120,,,,27,1,5,srflx->srflx
1791434168461,nat_c,Laptop,Friend,audio,in,22.0,,0.00,16.2,42.3,,,,,,8.00,,1,5,srflx->srflx
1791434168461,nat_c,Laptop,Friend,video,out,85.4,,0.00,14.0,42.3,,,,100,bandwidth,,,1,5,srflx->srflx
1791434168461,nat_c,Laptop,Friend,audio,out,27.7,,0.00,12.0,42.3,,,,100,bandwidth,,,1,5,srflx->srflx
1791434169463,nat_c,Laptop,Friend,video,in,103.0,,0.00,23.3,75.7,19,160,120,,,,27,1,5,srflx->srflx
1791434169463,nat_c,Laptop,Friend,audio,in,21.9,,0.00,27.8,75.7,,,,,,16.00,,1,5,srflx->srflx
1791434169463,nat_c,Laptop,Friend,video,out,134.8,,0.00,7.2,75.7,,,,100,bandwidth,,,1,5,srflx->srflx
1791434169463,nat_c,Laptop,Friend,audio,out,26.8,,0.00,7.2,75.7,,,,100,bandwidth,,,1,5,srflx->srflx
1791434170463,nat_c,Laptop,Friend,video,in,107.3,,0.00,21.0,88.8,19,160,120,,,,27,1,5,srflx->srflx
1791434170463,nat_c,Laptop,Friend,audio,in,27.4,,0.00,20.6,88.8,,,,,,8.00,,1,5,srflx->srflx
1791434170463,nat_c,Laptop,Friend,video,out,128.1,,0.00,8.8,88.8,,,,100,bandwidth,,,1,5,srflx->srflx
1791434170463,nat_c,Laptop,Friend,audio,out,26.4,,0.00,7.6,88.8,,,,100,bandwidth,,,1,5,srflx->srflx
1791434171465,nat_c,Laptop,Friend,video,in,110.0,,0.00,16.7,43.8,21,160,120,,,,27,1,5,srflx->srflx
1791434171465,nat_c,Laptop,Friend,audio,in,31.1,,0.00,18.3,43.8,,,,,,10.00,,1,5,srflx->srflx
1791434171465,nat_c,Laptop,Friend,video,out,126.3,,0.00,7.4,43.8,,,,100,bandwidth,,,1,5,srflx->srflx
1791434171465,nat_c,Laptop,Friend,audio,out,26.3,,0.00,6.6,43.8,,,,100,bandwidth,,,1,5,srflx->srflx
